{
  "__PARA__L0-1.__PARA__L1-1.__PARA__L2-1.__PARA__L3-1.__PARA__L4-1.__PARA__L5-1.__PARA__L6-1.__PIPE__L0-NA.__PIPE__L1-NA.__PIPE__L4-NA": {
    "perf": 14987577.0,
    "point": {
      "__PIPE__L0": "",
      "__PARA__L0": 1,
      "__PIPE__L1": "",
      "__PARA__L1": 1,
      "__PARA__L2": 1,
      "__PARA__L3": 1,
      "__PIPE__L4": "",
      "__PARA__L4": 1,
      "__PARA__L5": 1,
      "__PARA__L6": 1
    },
    "res_util": {
      "util-URAM": 0.011111111111111112,
      "util-BRAM": 0.0,
      "util-DSP": 0.0021442495126705653,
      "util-LUT": 0.0062187034781431855,
      "util-FF": 0.002600712771236523,
      "total-URAM": 8,
      "total-BRAM": 0,
      "total-DSP": 11,
      "total-LUT": 5514,
      "total-FF": 4612
    },
    "valid": true
  },
  "__PARA__L0-1.__PARA__L1-1.__PARA__L2-2.__PARA__L3-1.__PARA__L4-1.__PARA__L5-1.__PARA__L6-1.__PIPE__L0-NA.__PIPE__L1-NA.__PIPE__L4-NA": {
    "perf": 14987577.0,
    "point": {
      "__PIPE__L0": "",
      "__PARA__L0": 1,
      "__PIPE__L1": "",
      "__PARA__L1": 1,
      "__PARA__L2": 2,
      "__PARA__L3": 1,
      "__PIPE__L4": "",
      "__PARA__L4": 1,
      "__PARA__L5": 1,
      "__PARA__L6": 1
    },
    "res_util": {
      "util-URAM": 0.011111111111111112,
      "util-BRAM": 0.0,
      "util-DSP": 0.0021442495126705653,
      "util-LUT": 0.0067476428925880814,
      "util-FF": 0.002906911174268056,
      "total-URAM": 8,
      "total-BRAM": 0,
      "total-DSP": 11,
      "total-LUT": 5983,
      "total-FF": 5155
    },
    "valid": true
  },
  "__PARA__L0-1.__PARA__L1-1.__PARA__L2-4.__PARA__L3-1.__PARA__L4-1.__PARA__L5-1.__PARA__L6-1.__PIPE__L0-NA.__PIPE__L1-NA.__PIPE__L4-NA": {
    "perf": 15138376.0,
    "point": {
      "__PIPE__L0": "",
      "__PARA__L0": 1,
      "__PIPE__L1": "",
      "__PARA__L1": 1,
      "__PARA__L2": 4,
      "__PARA__L3": 1,
      "__PIPE__L4": "",
      "__PARA__L4": 1,
      "__PARA__L5": 1,
      "__PARA__L6": 1
    },
    "res_util": {
      "util-URAM": 0.009722222222222222,
      "util-BRAM": 0.007407407407407408,
      "util-DSP": 0.003703703703703704,
      "util-LUT": 0.009346100058645735,
      "util-FF": 0.003657463797536879,
      "total-URAM": 7,
      "total-BRAM": 24,
      "total-DSP": 19,
      "total-LUT": 8287,
      "total-FF": 6486
    },
    "valid": true
  },
  "__PARA__L0-1.__PARA__L1-1.__PARA__L2-8.__PARA__L3-1.__PARA__L4-1.__PARA__L5-1.__PARA__L6-1.__PIPE__L0-NA.__PIPE__L1-NA.__PIPE__L4-NA": {
    "perf": 15625576.0,
    "point": {
      "__PIPE__L0": "",
      "__PARA__L0": 1,
      "__PIPE__L1": "",
      "__PARA__L1": 1,
      "__PARA__L2": 8,
      "__PARA__L3": 1,
      "__PIPE__L4": "",
      "__PARA__L4": 1,
      "__PARA__L5": 1,
      "__PARA__L6": 1
    },
    "res_util": {
      "util-URAM": 0.004166666666666667,
      "util-BRAM": 0.01728395061728395,
      "util-DSP": 0.0042884990253411305,
      "util-LUT": 0.012438534758875807,
      "util-FF": 0.0037262597554923987,
      "total-URAM": 3,
      "total-BRAM": 56,
      "total-DSP": 22,
      "total-LUT": 11029,
      "total-FF": 6608
    },
    "valid": true
  },
  "__PARA__L0-1.__PARA__L1-1.__PARA__L2-16.__PARA__L3-1.__PARA__L4-1.__PARA__L5-1.__PARA__L6-1.__PIPE__L0-NA.__PIPE__L1-NA.__PIPE__L4-NA": {
    "perf": 15323976.0,
    "point": {
      "__PIPE__L0": "",
      "__PARA__L0": 1,
      "__PIPE__L1": "",
      "__PARA__L1": 1,
      "__PARA__L2": 16,
      "__PARA__L3": 1,
      "__PIPE__L4": "",
      "__PARA__L4": 1,
      "__PARA__L5": 1,
      "__PARA__L6": 1
    },
    "res_util": {
      "util-URAM": 0.004166666666666667,
      "util-BRAM": 0.024691358024691357,
      "util-DSP": 0.011111111111111112,
      "util-LUT": 0.017769657599133848,
      "util-FF": 0.005681869445572247,
      "total-URAM": 3,
      "total-BRAM": 80,
      "total-DSP": 57,
      "total-LUT": 15756,
      "total-FF": 10076
    },
    "valid": true
  },
  "__PARA__L0-1.__PARA__L1-1.__PARA__L2-29.__PARA__L3-1.__PARA__L4-1.__PARA__L5-1.__PARA__L6-1.__PIPE__L0-NA.__PIPE__L1-NA.__PIPE__L4-NA": {
    "perf": 15136064.0,
    "point": {
      "__PIPE__L0": "",
      "__PARA__L0": 1,
      "__PIPE__L1": "",
      "__PARA__L1": 1,
      "__PARA__L2": 29,
      "__PARA__L3": 1,
      "__PIPE__L4": "",
      "__PARA__L4": 1,
      "__PARA__L5": 1,
      "__PARA__L6": 1
    },
    "res_util": {
      "util-URAM": 0.004166666666666667,
      "util-BRAM": 0.03580246913580247,
      "util-DSP": 0.011111111111111112,
      "util-LUT": 0.037329137907700635,
      "util-FF": 0.012033653629268733,
      "total-URAM": 3,
      "total-BRAM": 116,
      "total-DSP": 57,
      "total-LUT": 33099,
      "total-FF": 21340
    },
    "valid": true
  },
  "__PARA__L0-1.__PARA__L1-1.__PARA__L2-32.__PARA__L3-1.__PARA__L4-1.__PARA__L5-1.__PARA__L6-1.__PIPE__L0-NA.__PIPE__L1-NA.__PIPE__L4-NA": {
    "perf": 19551016.0,
    "point": {
      "__PIPE__L0": "",
      "__PARA__L0": 1,
      "__PIPE__L1": "",
      "__PARA__L1": 1,
      "__PARA__L2": 32,
      "__PARA__L3": 1,
      "__PIPE__L4": "",
      "__PARA__L4": 1,
      "__PARA__L5": 1,
      "__PARA__L6": 1
    },
    "res_util": {
      "util-URAM": 0.004166666666666667,
      "util-BRAM": 0.0,
      "util-DSP": 0.0962962962962963,
      "util-LUT": 0.11940497135381423,
      "util-FF": 0.06309999097757929,
      "total-URAM": 3,
      "total-BRAM": 0,
      "total-DSP": 494,
      "total-LUT": 105874,
      "total-FF": 111899
    },
    "valid": true
  },
  "__PARA__L0-1.__PARA__L1-1.__PARA__L2-58.__PARA__L3-1.__PARA__L4-1.__PARA__L5-1.__PARA__L6-1.__PIPE__L0-NA.__PIPE__L1-NA.__PIPE__L4-NA": {
    "perf": 14931897.0,
    "point": {
      "__PIPE__L0": "",
      "__PARA__L0": 1,
      "__PIPE__L1": "",
      "__PARA__L1": 1,
      "__PARA__L2": 58,
      "__PARA__L3": 1,
      "__PIPE__L4": "",
      "__PARA__L4": 1,
      "__PARA__L5": 1,
      "__PARA__L6": 1
    },
    "res_util": {
      "util-URAM": 0.008333333333333333,
      "util-BRAM": 0.0,
      "util-DSP": 0.003703703703703704,
      "util-LUT": 0.014122344024901881,
      "util-FF": 0.003857084855866829,
      "total-URAM": 6,
      "total-BRAM": 0,
      "total-DSP": 19,
      "total-LUT": 12522,
      "total-FF": 6840
    },
    "valid": true
  },
  "__PARA__L0-1.__PARA__L1-1.__PARA__L2-58.__PARA__L3-1.__PARA__L4-1.__PARA__L5-2.__PARA__L6-1.__PIPE__L0-NA.__PIPE__L1-NA.__PIPE__L4-NA": {
    "perf": 14931897.0,
    "point": {
      "__PIPE__L0": "",
      "__PARA__L0": 1,
      "__PIPE__L1": "",
      "__PARA__L1": 1,
      "__PARA__L2": 58,
      "__PARA__L3": 1,
      "__PIPE__L4": "",
      "__PARA__L4": 1,
      "__PARA__L5": 2,
      "__PARA__L6": 1
    },
    "res_util": {
      "util-URAM": 0.008333333333333333,
      "util-BRAM": 0.0,
      "util-DSP": 0.003703703703703704,
      "util-LUT": 0.014724590607660034,
      "util-FF": 0.004369671132764921,
      "total-URAM": 6,
      "total-BRAM": 0,
      "total-DSP": 19,
      "total-LUT": 13056,
      "total-FF": 7749
    },
    "valid": true
  },
  "__PARA__L0-1.__PARA__L1-1.__PARA__L2-58.__PARA__L3-1.__PARA__L4-1.__PARA__L5-4.__PARA__L6-1.__PIPE__L0-NA.__PIPE__L1-NA.__PIPE__L4-NA": {
    "perf": 14999177.0,
    "point": {
      "__PIPE__L0": "",
      "__PARA__L0": 1,
      "__PIPE__L1": "",
      "__PARA__L1": 1,
      "__PARA__L2": 58,
      "__PARA__L3": 1,
      "__PIPE__L4": "",
      "__PARA__L4": 1,
      "__PARA__L5": 4,
      "__PARA__L6": 1
    },
    "res_util": {
      "util-URAM": 0.006944444444444444,
      "util-BRAM": 0.007407407407407408,
      "util-DSP": 0.003703703703703704,
      "util-LUT": 0.016915911038931745,
      "util-FF": 0.0051924031217575675,
      "total-URAM": 5,
      "total-BRAM": 24,
      "total-DSP": 19,
      "total-LUT": 14999,
      "total-FF": 9208
    },
    "valid": true
  },
  "__PARA__L0-1.__PARA__L1-1.__PARA__L2-58.__PARA__L3-1.__PARA__L4-1.__PARA__L5-8.__PARA__L6-1.__PIPE__L0-NA.__PIPE__L1-NA.__PIPE__L4-NA": {
    "perf": 15470137.0,
    "point": {
      "__PIPE__L0": "",
      "__PARA__L0": 1,
      "__PIPE__L1": "",
      "__PARA__L1": 1,
      "__PARA__L2": 58,
      "__PARA__L3": 1,
      "__PIPE__L4": "",
      "__PARA__L4": 1,
      "__PARA__L5": 8,
      "__PARA__L6": 1
    },
    "res_util": {
      "util-URAM": 0.001388888888888889,
      "util-BRAM": 0.01728395061728395,
      "util-DSP": 0.0042884990253411305,
      "util-LUT": 0.019167005007443498,
      "util-FF": 0.005198042134704741,
      "total-URAM": 1,
      "total-BRAM": 56,
      "total-DSP": 22,
      "total-LUT": 16995,
      "total-FF": 9218
    },
    "valid": true
  },
  "__PARA__L0-1.__PARA__L1-1.__PARA__L2-58.__PARA__L3-1.__PARA__L4-1.__PARA__L5-16.__PARA__L6-1.__PIPE__L0-NA.__PIPE__L1-NA.__PIPE__L4-NA": {
    "perf": 15180137.0,
    "point": {
      "__PIPE__L0": "",
      "__PARA__L0": 1,
      "__PIPE__L1": "",
      "__PARA__L1": 1,
      "__PARA__L2": 58,
      "__PARA__L3": 1,
      "__PIPE__L4": "",
      "__PARA__L4": 1,
      "__PARA__L5": 16,
      "__PARA__L6": 1
    },
    "res_util": {
      "util-URAM": 0.001388888888888889,
      "util-BRAM": 0.024691358024691357,
      "util-DSP": 0.011111111111111112,
      "util-LUT": 0.023593630170974874,
      "util-FF": 0.007013804303694682,
      "total-URAM": 1,
      "total-BRAM": 80,
      "total-DSP": 57,
      "total-LUT": 20920,
      "total-FF": 12438
    },
    "valid": true
  },
  "__PARA__L0-1.__PARA__L1-1.__PARA__L2-58.__PARA__L3-1.__PARA__L4-1.__PARA__L5-29.__PARA__L6-1.__PIPE__L0-NA.__PIPE__L1-NA.__PIPE__L4-NA": {
    "perf": 14996857.0,
    "point": {
      "__PIPE__L0": "",
      "__PARA__L0": 1,
      "__PIPE__L1": "",
      "__PARA__L1": 1,
      "__PARA__L2": 58,
      "__PARA__L3": 1,
      "__PIPE__L4": "",
      "__PARA__L4": 1,
      "__PARA__L5": 29,
      "__PARA__L6": 1
    },
    "res_util": {
      "util-URAM": 0.001388888888888889,
      "util-BRAM": 0.03580246913580247,
      "util-DSP": 0.011111111111111112,
      "util-LUT": 0.04260950963143412,
      "util-FF": 0.012928001082690486,
      "total-URAM": 1,
      "total-BRAM": 116,
      "total-DSP": 57,
      "total-LUT": 37781,
      "total-FF": 22926
    },
    "valid": true
  },
  "__PARA__L0-1.__PARA__L1-1.__PARA__L2-58.__PARA__L3-1.__PARA__L4-1.__PARA__L5-32.__PARA__L6-1.__PIPE__L0-NA.__PIPE__L1-NA.__PIPE__L4-NA": {
    "perf": 19404857.0,
    "point": {
      "__PIPE__L0": "",
      "__PARA__L0": 1,
      "__PIPE__L1": "",
      "__PARA__L1": 1,
      "__PARA__L2": 58,
      "__PARA__L3": 1,
      "__PIPE__L4": "",
      "__PARA__L4": 1,
      "__PARA__L5": 32,
      "__PARA__L6": 1
    },
    "res_util": {
      "util-URAM": 0.001388888888888889,
      "util-BRAM": 0.0,
      "util-DSP": 0.0962962962962963,
      "util-LUT": 0.15201199981955157,
      "util-FF": 0.06013499796995534,
      "total-URAM": 1,
      "total-BRAM": 0,
      "total-DSP": 494,
      "total-LUT": 134786,
      "total-FF": 106641
    },
    "valid": true
  },
  "__PARA__L0-1.__PARA__L1-1.__PARA__L2-58.__PARA__L3-1.__PARA__L4-1.__PARA__L5-58.__PARA__L6-1.__PIPE__L0-NA.__PIPE__L1-NA.__PIPE__L4-NA": {
    "perf": 14945817.0,
    "point": {
      "__PIPE__L0": "",
      "__PARA__L0": 1,
      "__PIPE__L1": "",
      "__PARA__L1": 1,
      "__PARA__L2": 58,
      "__PARA__L3": 1,
      "__PIPE__L4": "",
      "__PARA__L4": 1,
      "__PARA__L5": 58,
      "__PARA__L6": 1
    },
    "res_util": {
      "util-URAM": 0.002777777777777778,
      "util-BRAM": 0.0,
      "util-DSP": 0.014814814814814815,
      "util-LUT": 0.06497834619028285,
      "util-FF": 0.025949609780304056,
      "total-URAM": 2,
      "total-BRAM": 0,
      "total-DSP": 76,
      "total-LUT": 57615,
      "total-FF": 46018
    },
    "valid": true
  },
  "__PARA__L0-1.__PARA__L1-1.__PARA__L2-58.__PARA__L3-2.__PARA__L4-1.__PARA__L5-1.__PARA__L6-1.__PIPE__L0-NA.__PIPE__L1-NA.__PIPE__L4-NA": {
    "perf": 14741657.0,
    "point": {
      "__PIPE__L0": "",
      "__PARA__L0": 1,
      "__PIPE__L1": "",
      "__PARA__L1": 1,
      "__PARA__L2": 58,
      "__PARA__L3": 2,
      "__PIPE__L4": "",
      "__PARA__L4": 1,
      "__PARA__L5": 1,
      "__PARA__L6": 1
    },
    "res_util": {
      "util-URAM": 0.008333333333333333,
      "util-BRAM": 0.0,
      "util-DSP": 0.003703703703703704,
      "util-LUT": 0.014452790183606262,
      "util-FF": 0.004007082600261651,
      "total-URAM": 6,
      "total-BRAM": 0,
      "total-DSP": 19,
      "total-LUT": 12815,
      "total-FF": 7106
    },
    "valid": true
  },
  "__PARA__L0-1.__PARA__L1-1.__PARA__L2-58.__PARA__L3-4.__PARA__L4-1.__PARA__L5-1.__PARA__L6-1.__PIPE__L0-NA.__PIPE__L1-NA.__PIPE__L4-NA": {
    "perf": 15136057.0,
    "point": {
      "__PIPE__L0": "",
      "__PARA__L0": 1,
      "__PIPE__L1": "",
      "__PARA__L1": 1,
      "__PARA__L2": 58,
      "__PARA__L3": 4,
      "__PIPE__L4": "",
      "__PARA__L4": 1,
      "__PARA__L5": 1,
      "__PARA__L6": 1
    },
    "res_util": {
      "util-URAM": 0.006944444444444444,
      "util-BRAM": 0.006172839506172839,
      "util-DSP": 0.00682261208576998,
      "util-LUT": 0.023584607750259393,
      "util-FF": 0.009860941940722696,
      "total-URAM": 5,
      "total-BRAM": 20,
      "total-DSP": 35,
      "total-LUT": 20912,
      "total-FF": 17487
    },
    "valid": true
  },
  "__PARA__L0-1.__PARA__L1-1.__PARA__L2-58.__PARA__L3-8.__PARA__L4-1.__PARA__L5-1.__PARA__L6-1.__PIPE__L0-NA.__PIPE__L1-NA.__PIPE__L4-NA": {
    "perf": 15140697.0,
    "point": {
      "__PIPE__L0": "",
      "__PARA__L0": 1,
      "__PIPE__L1": "",
      "__PARA__L1": 1,
      "__PARA__L2": 58,
      "__PARA__L3": 8,
      "__PIPE__L4": "",
      "__PARA__L4": 1,
      "__PARA__L5": 1,
      "__PARA__L6": 1
    },
    "res_util": {
      "util-URAM": 0.001388888888888889,
      "util-BRAM": 0.015432098765432098,
      "util-DSP": 0.00682261208576998,
      "util-LUT": 0.0251883430324356,
      "util-FF": 0.010347588758063788,
      "total-URAM": 1,
      "total-BRAM": 50,
      "total-DSP": 35,
      "total-LUT": 22334,
      "total-FF": 18350
    },
    "valid": true
  },
  "__PARA__L0-1.__PARA__L1-1.__PARA__L2-58.__PARA__L3-16.__PARA__L4-1.__PARA__L5-1.__PARA__L6-1.__PIPE__L0-NA.__PIPE__L1-NA.__PIPE__L4-NA": {
    "perf": 15286857.0,
    "point": {
      "__PIPE__L0": "",
      "__PARA__L0": 1,
      "__PIPE__L1": "",
      "__PARA__L1": 1,
      "__PARA__L2": 58,
      "__PARA__L3": 16,
      "__PIPE__L4": "",
      "__PARA__L4": 1,
      "__PARA__L5": 1,
      "__PARA__L6": 1
    },
    "res_util": {
      "util-URAM": 0.001388888888888889,
      "util-BRAM": 0.020370370370370372,
      "util-DSP": 0.00682261208576998,
      "util-LUT": 0.02960820138043037,
      "util-FF": 0.01138403933775432,
      "total-URAM": 1,
      "total-BRAM": 66,
      "total-DSP": 35,
      "total-LUT": 26253,
      "total-FF": 20188
    },
    "valid": true
  },
  "__PARA__L0-1.__PARA__L1-1.__PARA__L2-58.__PARA__L3-29.__PARA__L4-1.__PARA__L5-1.__PARA__L6-1.__PIPE__L0-NA.__PIPE__L1-NA.__PIPE__L4-NA": {
    "perf": 14590857.0,
    "point": {
      "__PIPE__L0": "",
      "__PARA__L0": 1,
      "__PIPE__L1": "",
      "__PARA__L1": 1,
      "__PARA__L2": 58,
      "__PARA__L3": 29,
      "__PIPE__L4": "",
      "__PARA__L4": 1,
      "__PARA__L5": 1,
      "__PARA__L6": 1
    },
    "res_util": {
      "util-URAM": 0.008333333333333333,
      "util-BRAM": 0.0,
      "util-DSP": 0.003703703703703704,
      "util-LUT": 0.020645554202192447,
      "util-FF": 0.00577998827085307,
      "total-URAM": 6,
      "total-BRAM": 0,
      "total-DSP": 19,
      "total-LUT": 18306,
      "total-FF": 10250
    },
    "valid": true
  },
  "__PARA__L0-1.__PARA__L1-1.__PARA__L2-58.__PARA__L3-32.__PARA__L4-1.__PARA__L5-1.__PARA__L6-1.__PIPE__L0-NA.__PIPE__L1-NA.__PIPE__L4-NA": {
    "perf": Infinity,
    "point": {
      "__PIPE__L0": "",
      "__PARA__L0": 1,
      "__PIPE__L1": "",
      "__PARA__L1": 1,
      "__PARA__L2": 58,
      "__PARA__L3": 32,
      "__PIPE__L4": "",
      "__PARA__L4": 1,
      "__PARA__L5": 1,
      "__PARA__L6": 1
    },
    "res_util": {
      "util-URAM": 0.0,
      "util-BRAM": 0.0,
      "util-DSP": 0.0,
      "util-LUT": 1.5789236252086434e-05,
      "util-FF": 1.1278025894347454e-06,
      "total-URAM": 0,
      "total-BRAM": 0,
      "total-DSP": 0,
      "total-LUT": 14,
      "total-FF": 2
    },
    "valid": true
  },
  "__PARA__L0-1.__PARA__L1-1.__PARA__L2-58.__PARA__L3-58.__PARA__L4-1.__PARA__L5-1.__PARA__L6-1.__PIPE__L0-NA.__PIPE__L1-NA.__PIPE__L4-NA": {
    "perf": 7601368.0,
    "point": {
      "__PIPE__L0": "",
      "__PARA__L0": 1,
      "__PIPE__L1": "",
      "__PARA__L1": 1,
      "__PARA__L2": 58,
      "__PARA__L3": 58,
      "__PIPE__L4": "",
      "__PARA__L4": 1,
      "__PARA__L5": 1,
      "__PARA__L6": 1
    },
    "res_util": {
      "util-URAM": 0.0,
      "util-BRAM": 0.0,
      "util-DSP": 0.5847953216374269,
      "util-LUT": 0.29476699598502276,
      "util-FF": 0.17308668290702395,
      "total-URAM": 0,
      "total-BRAM": 0,
      "total-DSP": 3000,
      "total-LUT": 261364,
      "total-FF": 306945
    },
    "valid": true
  },
  "__PARA__L0-1.__PARA__L1-2.__PARA__L2-58.__PARA__L3-58.__PARA__L4-1.__PARA__L5-1.__PARA__L6-1.__PIPE__L0-NA.__PIPE__L1-NA.__PIPE__L4-NA": {
    "perf": 7597488.0,
    "point": {
      "__PIPE__L0": "",
      "__PARA__L0": 1,
      "__PIPE__L1": "",
      "__PARA__L1": 2,
      "__PARA__L2": 58,
      "__PARA__L3": 58,
      "__PIPE__L4": "",
      "__PARA__L4": 1,
      "__PARA__L5": 1,
      "__PARA__L6": 1
    },
    "res_util": {
      "util-URAM": 0.0,
      "util-BRAM": 0.0,
      "util-DSP": 1.0,
      "util-LUT": 0.5315807281093518,
      "util-FF": 0.32519962105832995,
      "total-URAM": 0,
      "total-BRAM": 0,
      "total-DSP": 6000,
      "total-LUT": 471342,
      "total-FF": 576696
    },
    "valid": false
  },
  "__PARA__L0-1.__PARA__L1-4.__PARA__L2-58.__PARA__L3-58.__PARA__L4-1.__PARA__L5-1.__PARA__L6-1.__PIPE__L0-NA.__PIPE__L1-NA.__PIPE__L4-NA": {
    "perf": 7597328.0,
    "point": {
      "__PIPE__L0": "",
      "__PARA__L0": 1,
      "__PIPE__L1": "",
      "__PARA__L1": 4,
      "__PARA__L2": 58,
      "__PARA__L3": 58,
      "__PIPE__L4": "",
      "__PARA__L4": 1,
      "__PARA__L5": 1,
      "__PARA__L6": 1
    },
    "res_util": {
      "util-URAM": 0.0,
      "util-BRAM": 0.0,
      "util-DSP": 1.0,
      "util-LUT": 1.0,
      "util-FF": 0.6413830243154238,
      "total-URAM": 0,
      "total-BRAM": 0,
      "total-DSP": 12000,
      "total-LUT": 943152,
      "total-FF": 1137403
    },
    "valid": false
  },
  "__PARA__L0-1.__PARA__L1-8.__PARA__L2-58.__PARA__L3-58.__PARA__L4-1.__PARA__L5-1.__PARA__L6-1.__PIPE__L0-NA.__PIPE__L1-NA.__PIPE__L4-NA": {
    "perf": 0.0,
    "point": {
      "__PIPE__L0": "",
      "__PARA__L0": 1,
      "__PIPE__L1": "",
      "__PARA__L1": 8,
      "__PARA__L2": 58,
      "__PARA__L3": 58,
      "__PIPE__L4": "",
      "__PARA__L4": 1,
      "__PARA__L5": 1,
      "__PARA__L6": 1
    },
    "res_util": {
      "util-URAM": 0,
      "util-BRAM": 0,
      "util-DSP": 0,
      "util-LUT": 0,
      "util-FF": 0,
      "total-URAM": 0,
      "total-BRAM": 0,
      "total-DSP": 0,
      "total-LUT": 0,
      "total-FF": 0
    },
    "valid": false
  },
  "__PARA__L0-1.__PARA__L1-16.__PARA__L2-58.__PARA__L3-58.__PARA__L4-1.__PARA__L5-1.__PARA__L6-1.__PIPE__L0-NA.__PIPE__L1-NA.__PIPE__L4-NA": {
    "perf": 0.0,
    "point": {
      "__PIPE__L0": "",
      "__PARA__L0": 1,
      "__PIPE__L1": "",
      "__PARA__L1": 16,
      "__PARA__L2": 58,
      "__PARA__L3": 58,
      "__PIPE__L4": "",
      "__PARA__L4": 1,
      "__PARA__L5": 1,
      "__PARA__L6": 1
    },
    "res_util": {
      "util-URAM": 0,
      "util-BRAM": 0,
      "util-DSP": 0,
      "util-LUT": 0,
      "util-FF": 0,
      "total-URAM": 0,
      "total-BRAM": 0,
      "total-DSP": 0,
      "total-LUT": 0,
      "total-FF": 0
    },
    "valid": false
  },
  "__PARA__L0-1.__PARA__L1-29.__PARA__L2-58.__PARA__L3-58.__PARA__L4-1.__PARA__L5-1.__PARA__L6-1.__PIPE__L0-NA.__PIPE__L1-NA.__PIPE__L4-NA": {
    "perf": 0.0,
    "point": {
      "__PIPE__L0": "",
      "__PARA__L0": 1,
      "__PIPE__L1": "",
      "__PARA__L1": 29,
      "__PARA__L2": 58,
      "__PARA__L3": 58,
      "__PIPE__L4": "",
      "__PARA__L4": 1,
      "__PARA__L5": 1,
      "__PARA__L6": 1
    },
    "res_util": {
      "util-URAM": 0,
      "util-BRAM": 0,
      "util-DSP": 0,
      "util-LUT": 0,
      "util-FF": 0,
      "total-URAM": 0,
      "total-BRAM": 0,
      "total-DSP": 0,
      "total-LUT": 0,
      "total-FF": 0
    },
    "valid": false
  },
  "__PARA__L0-1.__PARA__L1-32.__PARA__L2-58.__PARA__L3-58.__PARA__L4-1.__PARA__L5-1.__PARA__L6-1.__PIPE__L0-NA.__PIPE__L1-NA.__PIPE__L4-NA": {
    "perf": 0.0,
    "point": {
      "__PIPE__L0": "",
      "__PARA__L0": 1,
      "__PIPE__L1": "",
      "__PARA__L1": 32,
      "__PARA__L2": 58,
      "__PARA__L3": 58,
      "__PIPE__L4": "",
      "__PARA__L4": 1,
      "__PARA__L5": 1,
      "__PARA__L6": 1
    },
    "res_util": {
      "util-URAM": 0,
      "util-BRAM": 0,
      "util-DSP": 0,
      "util-LUT": 0,
      "util-FF": 0,
      "total-URAM": 0,
      "total-BRAM": 0,
      "total-DSP": 0,
      "total-LUT": 0,
      "total-FF": 0
    },
    "valid": false
  },
  "__PARA__L0-1.__PARA__L1-58.__PARA__L2-58.__PARA__L3-58.__PARA__L4-1.__PARA__L5-1.__PARA__L6-1.__PIPE__L0-NA.__PIPE__L1-NA.__PIPE__L4-NA": {
    "perf": 0.0,
    "point": {
      "__PIPE__L0": "",
      "__PARA__L0": 1,
      "__PIPE__L1": "",
      "__PARA__L1": 58,
      "__PARA__L2": 58,
      "__PARA__L3": 58,
      "__PIPE__L4": "",
      "__PARA__L4": 1,
      "__PARA__L5": 1,
      "__PARA__L6": 1
    },
    "res_util": {
      "util-URAM": 0,
      "util-BRAM": 0,
      "util-DSP": 0,
      "util-LUT": 0,
      "util-FF": 0,
      "total-URAM": 0,
      "total-BRAM": 0,
      "total-DSP": 0,
      "total-LUT": 0,
      "total-FF": 0
    },
    "valid": false
  },
  "__PARA__L0-1.__PARA__L1-1.__PARA__L2-58.__PARA__L3-58.__PARA__L4-1.__PARA__L5-1.__PARA__L6-1.__PIPE__L0-NA.__PIPE__L1-off.__PIPE__L4-NA": {
    "perf": 7601368.0,
    "point": {
      "__PIPE__L0": "",
      "__PARA__L0": 1,
      "__PIPE__L1": "off",
      "__PARA__L1": 1,
      "__PARA__L2": 58,
      "__PARA__L3": 58,
      "__PIPE__L4": "",
      "__PARA__L4": 1,
      "__PARA__L5": 1,
      "__PARA__L6": 1
    },
    "res_util": {
      "util-URAM": 0.0,
      "util-BRAM": 0.0,
      "util-DSP": 0.5847953216374269,
      "util-LUT": 0.29476699598502276,
      "util-FF": 0.17308668290702395,
      "total-URAM": 0,
      "total-BRAM": 0,
      "total-DSP": 3000,
      "total-LUT": 261364,
      "total-FF": 306945
    },
    "valid": true
  },
  "__PARA__L0-1.__PARA__L1-1.__PARA__L2-58.__PARA__L3-58.__PARA__L4-1.__PARA__L5-1.__PARA__L6-1.__PIPE__L0-NA.__PIPE__L1-   .__PIPE__L4-NA": {
    "perf": 7601368.0,
    "point": {
      "__PIPE__L0": "",
      "__PARA__L0": 1,
      "__PIPE__L1": "   ",
      "__PARA__L1": 1,
      "__PARA__L2": 58,
      "__PARA__L3": 58,
      "__PIPE__L4": "",
      "__PARA__L4": 1,
      "__PARA__L5": 1,
      "__PARA__L6": 1
    },
    "res_util": {
      "util-URAM": 0.0,
      "util-BRAM": 0.0,
      "util-DSP": 0.5847953216374269,
      "util-LUT": 0.29476699598502276,
      "util-FF": 0.17308668290702395,
      "total-URAM": 0,
      "total-BRAM": 0,
      "total-DSP": 3000,
      "total-LUT": 261364,
      "total-FF": 306945
    },
    "valid": true
  },
  "__PARA__L0-1.__PARA__L1-1.__PARA__L2-58.__PARA__L3-58.__PARA__L4-1.__PARA__L5-1.__PARA__L6-2.__PIPE__L0-NA.__PIPE__L1-off.__PIPE__L4-NA": {
    "perf": 7680248.0,
    "point": {
      "__PIPE__L0": "",
      "__PARA__L0": 1,
      "__PIPE__L1": "off",
      "__PARA__L1": 1,
      "__PARA__L2": 58,
      "__PARA__L3": 58,
      "__PIPE__L4": "",
      "__PARA__L4": 1,
      "__PARA__L5": 1,
      "__PARA__L6": 2
    },
    "res_util": {
      "util-URAM": 0.0,
      "util-BRAM": 0.0,
      "util-DSP": 0.5847953216374269,
      "util-LUT": 0.3002233049127081,
      "util-FF": 0.17334213019353092,
      "total-URAM": 0,
      "total-BRAM": 0,
      "total-DSP": 3000,
      "total-LUT": 266202,
      "total-FF": 307398
    },
    "valid": true
  },
  "__PARA__L0-1.__PARA__L1-1.__PARA__L2-58.__PARA__L3-58.__PARA__L4-1.__PARA__L5-1.__PARA__L6-4.__PIPE__L0-NA.__PIPE__L1-off.__PIPE__L4-NA": {
    "perf": 7930808.0,
    "point": {
      "__PIPE__L0": "",
      "__PARA__L0": 1,
      "__PIPE__L1": "off",
      "__PARA__L1": 1,
      "__PARA__L2": 58,
      "__PARA__L3": 58,
      "__PIPE__L4": "",
      "__PARA__L4": 1,
      "__PARA__L5": 1,
      "__PARA__L6": 4
    },
    "res_util": {
      "util-URAM": 0.0,
      "util-BRAM": 0.0,
      "util-DSP": 0.5879142300194932,
      "util-LUT": 0.3469684666395994,
      "util-FF": 0.18410926151486443,
      "total-URAM": 0,
      "total-BRAM": 0,
      "total-DSP": 3016,
      "total-LUT": 307650,
      "total-FF": 326492
    },
    "valid": true
  },
  "__PARA__L0-1.__PARA__L1-1.__PARA__L2-58.__PARA__L3-58.__PARA__L4-1.__PARA__L5-1.__PARA__L6-8.__PIPE__L0-NA.__PIPE__L1-off.__PIPE__L4-NA": {
    "perf": 7937784.0,
    "point": {
      "__PIPE__L0": "",
      "__PARA__L0": 1,
      "__PIPE__L1": "off",
      "__PARA__L1": 1,
      "__PARA__L2": 58,
      "__PARA__L3": 58,
      "__PIPE__L4": "",
      "__PARA__L4": 1,
      "__PARA__L5": 1,
      "__PARA__L6": 8
    },
    "res_util": {
      "util-URAM": 0.0,
      "util-BRAM": 0.0,
      "util-DSP": 0.5879142300194932,
      "util-LUT": 0.42344250462399063,
      "util-FF": 0.19538954301439077,
      "total-URAM": 0,
      "total-BRAM": 0,
      "total-DSP": 3016,
      "total-LUT": 375458,
      "total-FF": 346496
    },
    "valid": true
  },
  "__PARA__L0-1.__PARA__L1-1.__PARA__L2-58.__PARA__L3-58.__PARA__L4-1.__PARA__L5-1.__PARA__L6-16.__PIPE__L0-NA.__PIPE__L1-off.__PIPE__L4-NA": {
    "perf": 0.0,
    "point": {
      "__PIPE__L0": "",
      "__PARA__L0": 1,
      "__PIPE__L1": "off",
      "__PARA__L1": 1,
      "__PARA__L2": 58,
      "__PARA__L3": 58,
      "__PIPE__L4": "",
      "__PARA__L4": 1,
      "__PARA__L5": 1,
      "__PARA__L6": 16
    },
    "res_util": {
      "util-URAM": 0,
      "util-BRAM": 0,
      "util-DSP": 0,
      "util-LUT": 0,
      "util-FF": 0,
      "total-URAM": 0,
      "total-BRAM": 0,
      "total-DSP": 0,
      "total-LUT": 0,
      "total-FF": 0
    },
    "valid": false
  },
  "__PARA__L0-1.__PARA__L1-1.__PARA__L2-58.__PARA__L3-58.__PARA__L4-1.__PARA__L5-1.__PARA__L6-29.__PIPE__L0-NA.__PIPE__L1-off.__PIPE__L4-NA": {
    "perf": 7529448.0,
    "point": {
      "__PIPE__L0": "",
      "__PARA__L0": 1,
      "__PIPE__L1": "off",
      "__PARA__L1": 1,
      "__PARA__L2": 58,
      "__PARA__L3": 58,
      "__PIPE__L4": "",
      "__PARA__L4": 1,
      "__PARA__L5": 1,
      "__PARA__L6": 29
    },
    "res_util": {
      "util-URAM": 0.0,
      "util-BRAM": 0.0,
      "util-DSP": 0.5847953216374269,
      "util-LUT": 0.3552747327107863,
      "util-FF": 0.188411828393558,
      "total-URAM": 0,
      "total-BRAM": 0,
      "total-DSP": 3000,
      "total-LUT": 315015,
      "total-FF": 334122
    },
    "valid": true
  },
  "__PARA__L0-1.__PARA__L1-1.__PARA__L2-58.__PARA__L3-58.__PARA__L4-1.__PARA__L5-1.__PARA__L6-32.__PIPE__L0-NA.__PIPE__L1-off.__PIPE__L4-NA": {
    "perf": 9259.0,
    "point": {
      "__PIPE__L0": "",
      "__PARA__L0": 1,
      "__PIPE__L1": "off",
      "__PARA__L1": 1,
      "__PARA__L2": 58,
      "__PARA__L3": 58,
      "__PIPE__L4": "",
      "__PARA__L4": 1,
      "__PARA__L5": 1,
      "__PARA__L6": 32
    },
    "res_util": {
      "util-URAM": 0.0,
      "util-BRAM": 0.0,
      "util-DSP": 0.5847953216374269,
      "util-LUT": 0.2750766905760816,
      "util-FF": 0.2797300040600893,
      "total-URAM": 0,
      "total-BRAM": 0,
      "total-DSP": 3000,
      "total-LUT": 243905,
      "total-FF": 496062
    },
    "valid": true
  },
  "__PARA__L0-1.__PARA__L1-1.__PARA__L2-58.__PARA__L3-58.__PARA__L4-1.__PARA__L5-1.__PARA__L6-58.__PIPE__L0-NA.__PIPE__L1-off.__PIPE__L4-NA": {
    "perf": 0.0,
    "point": {
      "__PIPE__L0": "",
      "__PARA__L0": 1,
      "__PIPE__L1": "off",
      "__PARA__L1": 1,
      "__PARA__L2": 58,
      "__PARA__L3": 58,
      "__PIPE__L4": "",
      "__PARA__L4": 1,
      "__PARA__L5": 1,
      "__PARA__L6": 58
    },
    "res_util": {
      "util-URAM": 0,
      "util-BRAM": 0,
      "util-DSP": 0,
      "util-LUT": 0,
      "util-FF": 0,
      "total-URAM": 0,
      "total-BRAM": 0,
      "total-DSP": 0,
      "total-LUT": 0,
      "total-FF": 0
    },
    "valid": false
  },
  "__PARA__L0-2.__PARA__L1-1.__PARA__L2-58.__PARA__L3-58.__PARA__L4-1.__PARA__L5-1.__PARA__L6-32.__PIPE__L0-NA.__PIPE__L1-off.__PIPE__L4-NA": {
    "perf": 9259.0,
    "point": {
      "__PIPE__L0": "",
      "__PARA__L0": 2,
      "__PIPE__L1": "off",
      "__PARA__L1": 1,
      "__PARA__L2": 58,
      "__PARA__L3": 58,
      "__PIPE__L4": "",
      "__PARA__L4": 1,
      "__PARA__L5": 1,
      "__PARA__L6": 32
    },
    "res_util": {
      "util-URAM": 0.0,
      "util-BRAM": 0.0,
      "util-DSP": 0.5847953216374269,
      "util-LUT": 0.2750766905760816,
      "util-FF": 0.2797300040600893,
      "total-URAM": 0,
      "total-BRAM": 0,
      "total-DSP": 3000,
      "total-LUT": 243905,
      "total-FF": 496062
    },
    "valid": true
  },
  "__PARA__L0-4.__PARA__L1-1.__PARA__L2-58.__PARA__L3-58.__PARA__L4-1.__PARA__L5-1.__PARA__L6-32.__PIPE__L0-NA.__PIPE__L1-off.__PIPE__L4-NA": {
    "perf": 9259.0,
    "point": {
      "__PIPE__L0": "",
      "__PARA__L0": 4,
      "__PIPE__L1": "off",
      "__PARA__L1": 1,
      "__PARA__L2": 58,
      "__PARA__L3": 58,
      "__PIPE__L4": "",
      "__PARA__L4": 1,
      "__PARA__L5": 1,
      "__PARA__L6": 32
    },
    "res_util": {
      "util-URAM": 0.0,
      "util-BRAM": 0.0,
      "util-DSP": 0.5847953216374269,
      "util-LUT": 0.2750766905760816,
      "util-FF": 0.2797300040600893,
      "total-URAM": 0,
      "total-BRAM": 0,
      "total-DSP": 3000,
      "total-LUT": 243905,
      "total-FF": 496062
    },
    "valid": true
  },
  "__PARA__L0-5.__PARA__L1-1.__PARA__L2-58.__PARA__L3-58.__PARA__L4-1.__PARA__L5-1.__PARA__L6-32.__PIPE__L0-NA.__PIPE__L1-off.__PIPE__L4-NA": {
    "perf": 9259.0,
    "point": {
      "__PIPE__L0": "",
      "__PARA__L0": 5,
      "__PIPE__L1": "off",
      "__PARA__L1": 1,
      "__PARA__L2": 58,
      "__PARA__L3": 58,
      "__PIPE__L4": "",
      "__PARA__L4": 1,
      "__PARA__L5": 1,
      "__PARA__L6": 32
    },
    "res_util": {
      "util-URAM": 0.0,
      "util-BRAM": 0.0,
      "util-DSP": 0.5847953216374269,
      "util-LUT": 0.2750766905760816,
      "util-FF": 0.2797300040600893,
      "total-URAM": 0,
      "total-BRAM": 0,
      "total-DSP": 3000,
      "total-LUT": 243905,
      "total-FF": 496062
    },
    "valid": true
  },
  "__PARA__L0-8.__PARA__L1-1.__PARA__L2-58.__PARA__L3-58.__PARA__L4-1.__PARA__L5-1.__PARA__L6-32.__PIPE__L0-NA.__PIPE__L1-off.__PIPE__L4-NA": {
    "perf": 9259.0,
    "point": {
      "__PIPE__L0": "",
      "__PARA__L0": 8,
      "__PIPE__L1": "off",
      "__PARA__L1": 1,
      "__PARA__L2": 58,
      "__PARA__L3": 58,
      "__PIPE__L4": "",
      "__PARA__L4": 1,
      "__PARA__L5": 1,
      "__PARA__L6": 32
    },
    "res_util": {
      "util-URAM": 0.0,
      "util-BRAM": 0.0,
      "util-DSP": 0.5847953216374269,
      "util-LUT": 0.2750766905760816,
      "util-FF": 0.2797300040600893,
      "total-URAM": 0,
      "total-BRAM": 0,
      "total-DSP": 3000,
      "total-LUT": 243905,
      "total-FF": 496062
    },
    "valid": true
  },
  "__PARA__L0-10.__PARA__L1-1.__PARA__L2-58.__PARA__L3-58.__PARA__L4-1.__PARA__L5-1.__PARA__L6-32.__PIPE__L0-NA.__PIPE__L1-off.__PIPE__L4-NA": {
    "perf": 9259.0,
    "point": {
      "__PIPE__L0": "",
      "__PARA__L0": 10,
      "__PIPE__L1": "off",
      "__PARA__L1": 1,
      "__PARA__L2": 58,
      "__PARA__L3": 58,
      "__PIPE__L4": "",
      "__PARA__L4": 1,
      "__PARA__L5": 1,
      "__PARA__L6": 32
    },
    "res_util": {
      "util-URAM": 0.0,
      "util-BRAM": 0.0,
      "util-DSP": 0.5847953216374269,
      "util-LUT": 0.2750766905760816,
      "util-FF": 0.2797300040600893,
      "total-URAM": 0,
      "total-BRAM": 0,
      "total-DSP": 3000,
      "total-LUT": 243905,
      "total-FF": 496062
    },
    "valid": true
  },
  "__PARA__L0-16.__PARA__L1-1.__PARA__L2-58.__PARA__L3-58.__PARA__L4-1.__PARA__L5-1.__PARA__L6-32.__PIPE__L0-NA.__PIPE__L1-off.__PIPE__L4-NA": {
    "perf": 0.0,
    "point": {
      "__PIPE__L0": "",
      "__PARA__L0": 16,
      "__PIPE__L1": "off",
      "__PARA__L1": 1,
      "__PARA__L2": 58,
      "__PARA__L3": 58,
      "__PIPE__L4": "",
      "__PARA__L4": 1,
      "__PARA__L5": 1,
      "__PARA__L6": 32
    },
    "res_util": {
      "util-URAM": 0,
      "util-BRAM": 0,
      "util-DSP": 0,
      "util-LUT": 0,
      "util-FF": 0,
      "total-URAM": 0,
      "total-BRAM": 0,
      "total-DSP": 0,
      "total-LUT": 0,
      "total-FF": 0
    },
    "valid": false
  },
  "__PARA__L0-20.__PARA__L1-1.__PARA__L2-58.__PARA__L3-58.__PARA__L4-1.__PARA__L5-1.__PARA__L6-32.__PIPE__L0-NA.__PIPE__L1-off.__PIPE__L4-NA": {
    "perf": 0.0,
    "point": {
      "__PIPE__L0": "",
      "__PARA__L0": 20,
      "__PIPE__L1": "off",
      "__PARA__L1": 1,
      "__PARA__L2": 58,
      "__PARA__L3": 58,
      "__PIPE__L4": "",
      "__PARA__L4": 1,
      "__PARA__L5": 1,
      "__PARA__L6": 32
    },
    "res_util": {
      "util-URAM": 0,
      "util-BRAM": 0,
      "util-DSP": 0,
      "util-LUT": 0,
      "util-FF": 0,
      "total-URAM": 0,
      "total-BRAM": 0,
      "total-DSP": 0,
      "total-LUT": 0,
      "total-FF": 0
    },
    "valid": false
  },
  "__PARA__L0-32.__PARA__L1-1.__PARA__L2-58.__PARA__L3-58.__PARA__L4-1.__PARA__L5-1.__PARA__L6-32.__PIPE__L0-NA.__PIPE__L1-off.__PIPE__L4-NA": {
    "perf": 0.0,
    "point": {
      "__PIPE__L0": "",
      "__PARA__L0": 32,
      "__PIPE__L1": "off",
      "__PARA__L1": 1,
      "__PARA__L2": 58,
      "__PARA__L3": 58,
      "__PIPE__L4": "",
      "__PARA__L4": 1,
      "__PARA__L5": 1,
      "__PARA__L6": 32
    },
    "res_util": {
      "util-URAM": 0,
      "util-BRAM": 0,
      "util-DSP": 0,
      "util-LUT": 0,
      "util-FF": 0,
      "total-URAM": 0,
      "total-BRAM": 0,
      "total-DSP": 0,
      "total-LUT": 0,
      "total-FF": 0
    },
    "valid": false
  },
  "__PARA__L0-40.__PARA__L1-1.__PARA__L2-58.__PARA__L3-58.__PARA__L4-1.__PARA__L5-1.__PARA__L6-32.__PIPE__L0-NA.__PIPE__L1-off.__PIPE__L4-NA": {
    "perf": 0.0,
    "point": {
      "__PIPE__L0": "",
      "__PARA__L0": 40,
      "__PIPE__L1": "off",
      "__PARA__L1": 1,
      "__PARA__L2": 58,
      "__PARA__L3": 58,
      "__PIPE__L4": "",
      "__PARA__L4": 1,
      "__PARA__L5": 1,
      "__PARA__L6": 32
    },
    "res_util": {
      "util-URAM": 0,
      "util-BRAM": 0,
      "util-DSP": 0,
      "util-LUT": 0,
      "util-FF": 0,
      "total-URAM": 0,
      "total-BRAM": 0,
      "total-DSP": 0,
      "total-LUT": 0,
      "total-FF": 0
    },
    "valid": false
  },
  "__PARA__L0-1.__PARA__L1-1.__PARA__L2-58.__PARA__L3-58.__PARA__L4-1.__PARA__L5-1.__PARA__L6-32.__PIPE__L0-off.__PIPE__L1-off.__PIPE__L4-NA": {
    "perf": 9259.0,
    "point": {
      "__PIPE__L0": "off",
      "__PARA__L0": 1,
      "__PIPE__L1": "off",
      "__PARA__L1": 1,
      "__PARA__L2": 58,
      "__PARA__L3": 58,
      "__PIPE__L4": "",
      "__PARA__L4": 1,
      "__PARA__L5": 1,
      "__PARA__L6": 32
    },
    "res_util": {
      "util-URAM": 0.0,
      "util-BRAM": 0.0,
      "util-DSP": 0.5847953216374269,
      "util-LUT": 0.2750766905760816,
      "util-FF": 0.2797300040600893,
      "total-URAM": 0,
      "total-BRAM": 0,
      "total-DSP": 3000,
      "total-LUT": 243905,
      "total-FF": 496062
    },
    "valid": true
  },
  "__PARA__L0-1.__PARA__L1-1.__PARA__L2-58.__PARA__L3-58.__PARA__L4-1.__PARA__L5-1.__PARA__L6-32.__PIPE__L0-   .__PIPE__L1-off.__PIPE__L4-NA": {
    "perf": 0.0,
    "point": {
      "__PIPE__L0": "   ",
      "__PARA__L0": 1,
      "__PIPE__L1": "off",
      "__PARA__L1": 1,
      "__PARA__L2": 58,
      "__PARA__L3": 58,
      "__PIPE__L4": "",
      "__PARA__L4": 1,
      "__PARA__L5": 1,
      "__PARA__L6": 32
    },
    "res_util": {
      "util-URAM": 0,
      "util-BRAM": 0,
      "util-DSP": 0,
      "util-LUT": 0,
      "util-FF": 0,
      "total-URAM": 0,
      "total-BRAM": 0,
      "total-DSP": 0,
      "total-LUT": 0,
      "total-FF": 0
    },
    "valid": false
  },
  "__PARA__L0-1.__PARA__L1-1.__PARA__L2-58.__PARA__L3-58.__PARA__L4-2.__PARA__L5-1.__PARA__L6-32.__PIPE__L0-off.__PIPE__L1-off.__PIPE__L4-NA": {
    "perf": 9259.0,
    "point": {
      "__PIPE__L0": "off",
      "__PARA__L0": 1,
      "__PIPE__L1": "off",
      "__PARA__L1": 1,
      "__PARA__L2": 58,
      "__PARA__L3": 58,
      "__PIPE__L4": "",
      "__PARA__L4": 2,
      "__PARA__L5": 1,
      "__PARA__L6": 32
    },
    "res_util": {
      "util-URAM": 0.0,
      "util-BRAM": 0.0,
      "util-DSP": 0.5847953216374269,
      "util-LUT": 0.2750766905760816,
      "util-FF": 0.2797300040600893,
      "total-URAM": 0,
      "total-BRAM": 0,
      "total-DSP": 3000,
      "total-LUT": 243905,
      "total-FF": 496062
    },
    "valid": true
  },
  "__PARA__L0-1.__PARA__L1-1.__PARA__L2-58.__PARA__L3-58.__PARA__L4-4.__PARA__L5-1.__PARA__L6-32.__PIPE__L0-off.__PIPE__L1-off.__PIPE__L4-NA": {
    "perf": 9259.0,
    "point": {
      "__PIPE__L0": "off",
      "__PARA__L0": 1,
      "__PIPE__L1": "off",
      "__PARA__L1": 1,
      "__PARA__L2": 58,
      "__PARA__L3": 58,
      "__PIPE__L4": "",
      "__PARA__L4": 4,
      "__PARA__L5": 1,
      "__PARA__L6": 32
    },
    "res_util": {
      "util-URAM": 0.0,
      "util-BRAM": 0.0,
      "util-DSP": 0.5847953216374269,
      "util-LUT": 0.2750766905760816,
      "util-FF": 0.2797300040600893,
      "total-URAM": 0,
      "total-BRAM": 0,
      "total-DSP": 3000,
      "total-LUT": 243905,
      "total-FF": 496062
    },
    "valid": true
  },
  "__PARA__L0-1.__PARA__L1-1.__PARA__L2-58.__PARA__L3-58.__PARA__L4-8.__PARA__L5-1.__PARA__L6-32.__PIPE__L0-off.__PIPE__L1-off.__PIPE__L4-NA": {
    "perf": 9259.0,
    "point": {
      "__PIPE__L0": "off",
      "__PARA__L0": 1,
      "__PIPE__L1": "off",
      "__PARA__L1": 1,
      "__PARA__L2": 58,
      "__PARA__L3": 58,
      "__PIPE__L4": "",
      "__PARA__L4": 8,
      "__PARA__L5": 1,
      "__PARA__L6": 32
    },
    "res_util": {
      "util-URAM": 0.0,
      "util-BRAM": 0.0,
      "util-DSP": 0.5847953216374269,
      "util-LUT": 0.2750766905760816,
      "util-FF": 0.2797300040600893,
      "total-URAM": 0,
      "total-BRAM": 0,
      "total-DSP": 3000,
      "total-LUT": 243905,
      "total-FF": 496062
    },
    "valid": true
  },
  "__PARA__L0-1.__PARA__L1-1.__PARA__L2-58.__PARA__L3-58.__PARA__L4-16.__PARA__L5-1.__PARA__L6-32.__PIPE__L0-off.__PIPE__L1-off.__PIPE__L4-NA": {
    "perf": 0.0,
    "point": {
      "__PIPE__L0": "off",
      "__PARA__L0": 1,
      "__PIPE__L1": "off",
      "__PARA__L1": 1,
      "__PARA__L2": 58,
      "__PARA__L3": 58,
      "__PIPE__L4": "",
      "__PARA__L4": 16,
      "__PARA__L5": 1,
      "__PARA__L6": 32
    },
    "res_util": {
      "util-URAM": 0,
      "util-BRAM": 0,
      "util-DSP": 0,
      "util-LUT": 0,
      "util-FF": 0,
      "total-URAM": 0,
      "total-BRAM": 0,
      "total-DSP": 0,
      "total-LUT": 0,
      "total-FF": 0
    },
    "valid": false
  },
  "__PARA__L0-1.__PARA__L1-1.__PARA__L2-58.__PARA__L3-58.__PARA__L4-29.__PARA__L5-1.__PARA__L6-32.__PIPE__L0-off.__PIPE__L1-off.__PIPE__L4-NA": {
    "perf": 0.0,
    "point": {
      "__PIPE__L0": "off",
      "__PARA__L0": 1,
      "__PIPE__L1": "off",
      "__PARA__L1": 1,
      "__PARA__L2": 58,
      "__PARA__L3": 58,
      "__PIPE__L4": "",
      "__PARA__L4": 29,
      "__PARA__L5": 1,
      "__PARA__L6": 32
    },
    "res_util": {
      "util-URAM": 0,
      "util-BRAM": 0,
      "util-DSP": 0,
      "util-LUT": 0,
      "util-FF": 0,
      "total-URAM": 0,
      "total-BRAM": 0,
      "total-DSP": 0,
      "total-LUT": 0,
      "total-FF": 0
    },
    "valid": false
  },
  "__PARA__L0-1.__PARA__L1-1.__PARA__L2-58.__PARA__L3-58.__PARA__L4-32.__PARA__L5-1.__PARA__L6-32.__PIPE__L0-off.__PIPE__L1-off.__PIPE__L4-NA": {
    "perf": 0.0,
    "point": {
      "__PIPE__L0": "off",
      "__PARA__L0": 1,
      "__PIPE__L1": "off",
      "__PARA__L1": 1,
      "__PARA__L2": 58,
      "__PARA__L3": 58,
      "__PIPE__L4": "",
      "__PARA__L4": 32,
      "__PARA__L5": 1,
      "__PARA__L6": 32
    },
    "res_util": {
      "util-URAM": 0,
      "util-BRAM": 0,
      "util-DSP": 0,
      "util-LUT": 0,
      "util-FF": 0,
      "total-URAM": 0,
      "total-BRAM": 0,
      "total-DSP": 0,
      "total-LUT": 0,
      "total-FF": 0
    },
    "valid": false
  },
  "__PARA__L0-1.__PARA__L1-1.__PARA__L2-58.__PARA__L3-58.__PARA__L4-58.__PARA__L5-1.__PARA__L6-32.__PIPE__L0-off.__PIPE__L1-off.__PIPE__L4-NA": {
    "perf": Infinity,
    "point": {
      "__PIPE__L0": "off",
      "__PARA__L0": 1,
      "__PIPE__L1": "off",
      "__PARA__L1": 1,
      "__PARA__L2": 58,
      "__PARA__L3": 58,
      "__PIPE__L4": "",
      "__PARA__L4": 58,
      "__PARA__L5": 1,
      "__PARA__L6": 32
    },
    "res_util": {
      "util-URAM": 0.0,
      "util-BRAM": 0.0,
      "util-DSP": 0.5847953216374269,
      "util-LUT": 0.27517029819100464,
      "util-FF": 0.28052679658952495,
      "total-URAM": 0,
      "total-BRAM": 0,
      "total-DSP": 3000,
      "total-LUT": 243988,
      "total-FF": 497475
    },
    "valid": true
  },
  "__PARA__L0-1.__PARA__L1-1.__PARA__L2-58.__PARA__L3-58.__PARA__L4-1.__PARA__L5-1.__PARA__L6-32.__PIPE__L0-off.__PIPE__L1-off.__PIPE__L4-off": {
    "perf": 9259.0,
    "point": {
      "__PIPE__L0": "off",
      "__PARA__L0": 1,
      "__PIPE__L1": "off",
      "__PARA__L1": 1,
      "__PARA__L2": 58,
      "__PARA__L3": 58,
      "__PIPE__L4": "off",
      "__PARA__L4": 1,
      "__PARA__L5": 1,
      "__PARA__L6": 32
    },
    "res_util": {
      "util-URAM": 0.0,
      "util-BRAM": 0.0,
      "util-DSP": 0.5847953216374269,
      "util-LUT": 0.2750766905760816,
      "util-FF": 0.2797300040600893,
      "total-URAM": 0,
      "total-BRAM": 0,
      "total-DSP": 3000,
      "total-LUT": 243905,
      "total-FF": 496062
    },
    "valid": true
  },
  "__PARA__L0-1.__PARA__L1-1.__PARA__L2-58.__PARA__L3-58.__PARA__L4-1.__PARA__L5-1.__PARA__L6-32.__PIPE__L0-off.__PIPE__L1-off.__PIPE__L4-   ": {
    "perf": 0.0,
    "point": {
      "__PIPE__L0": "off",
      "__PARA__L0": 1,
      "__PIPE__L1": "off",
      "__PARA__L1": 1,
      "__PARA__L2": 58,
      "__PARA__L3": 58,
      "__PIPE__L4": "   ",
      "__PARA__L4": 1,
      "__PARA__L5": 1,
      "__PARA__L6": 32
    },
    "res_util": {
      "util-URAM": 0,
      "util-BRAM": 0,
      "util-DSP": 0,
      "util-LUT": 0,
      "util-FF": 0,
      "total-URAM": 0,
      "total-BRAM": 0,
      "total-DSP": 0,
      "total-LUT": 0,
      "total-FF": 0
    },
    "valid": false
  },
  "__PARA__L0-1.__PARA__L1-1.__PARA__L2-58.__PARA__L3-58.__PARA__L4-2.__PARA__L5-1.__PARA__L6-32.__PIPE__L0-off.__PIPE__L1-off.__PIPE__L4-off": {
    "perf": 9259.0,
    "point": {
      "__PIPE__L0": "off",
      "__PARA__L0": 1,
      "__PIPE__L1": "off",
      "__PARA__L1": 1,
      "__PARA__L2": 58,
      "__PARA__L3": 58,
      "__PIPE__L4": "off",
      "__PARA__L4": 2,
      "__PARA__L5": 1,
      "__PARA__L6": 32
    },
    "res_util": {
      "util-URAM": 0.0,
      "util-BRAM": 0.0,
      "util-DSP": 0.5847953216374269,
      "util-LUT": 0.2750766905760816,
      "util-FF": 0.2797300040600893,
      "total-URAM": 0,
      "total-BRAM": 0,
      "total-DSP": 3000,
      "total-LUT": 243905,
      "total-FF": 496062
    },
    "valid": true
  },
  "__PARA__L0-1.__PARA__L1-1.__PARA__L2-58.__PARA__L3-58.__PARA__L4-2.__PARA__L5-1.__PARA__L6-32.__PIPE__L0-off.__PIPE__L1-off.__PIPE__L4-   ": {
    "perf": 0.0,
    "point": {
      "__PIPE__L0": "off",
      "__PARA__L0": 1,
      "__PIPE__L1": "off",
      "__PARA__L1": 1,
      "__PARA__L2": 58,
      "__PARA__L3": 58,
      "__PIPE__L4": "   ",
      "__PARA__L4": 2,
      "__PARA__L5": 1,
      "__PARA__L6": 32
    },
    "res_util": {
      "util-URAM": 0,
      "util-BRAM": 0,
      "util-DSP": 0,
      "util-LUT": 0,
      "util-FF": 0,
      "total-URAM": 0,
      "total-BRAM": 0,
      "total-DSP": 0,
      "total-LUT": 0,
      "total-FF": 0
    },
    "valid": false
  },
  "__PARA__L0-1.__PARA__L1-1.__PARA__L2-58.__PARA__L3-58.__PARA__L4-4.__PARA__L5-1.__PARA__L6-32.__PIPE__L0-off.__PIPE__L1-off.__PIPE__L4-off": {
    "perf": 9259.0,
    "point": {
      "__PIPE__L0": "off",
      "__PARA__L0": 1,
      "__PIPE__L1": "off",
      "__PARA__L1": 1,
      "__PARA__L2": 58,
      "__PARA__L3": 58,
      "__PIPE__L4": "off",
      "__PARA__L4": 4,
      "__PARA__L5": 1,
      "__PARA__L6": 32
    },
    "res_util": {
      "util-URAM": 0.0,
      "util-BRAM": 0.0,
      "util-DSP": 0.5847953216374269,
      "util-LUT": 0.2750766905760816,
      "util-FF": 0.2797300040600893,
      "total-URAM": 0,
      "total-BRAM": 0,
      "total-DSP": 3000,
      "total-LUT": 243905,
      "total-FF": 496062
    },
    "valid": true
  },
  "__PARA__L0-1.__PARA__L1-1.__PARA__L2-58.__PARA__L3-58.__PARA__L4-4.__PARA__L5-1.__PARA__L6-32.__PIPE__L0-off.__PIPE__L1-off.__PIPE__L4-   ": {
    "perf": 0.0,
    "point": {
      "__PIPE__L0": "off",
      "__PARA__L0": 1,
      "__PIPE__L1": "off",
      "__PARA__L1": 1,
      "__PARA__L2": 58,
      "__PARA__L3": 58,
      "__PIPE__L4": "   ",
      "__PARA__L4": 4,
      "__PARA__L5": 1,
      "__PARA__L6": 32
    },
    "res_util": {
      "util-URAM": 0,
      "util-BRAM": 0,
      "util-DSP": 0,
      "util-LUT": 0,
      "util-FF": 0,
      "total-URAM": 0,
      "total-BRAM": 0,
      "total-DSP": 0,
      "total-LUT": 0,
      "total-FF": 0
    },
    "valid": false
  },
  "__PARA__L0-1.__PARA__L1-1.__PARA__L2-58.__PARA__L3-58.__PARA__L4-8.__PARA__L5-1.__PARA__L6-32.__PIPE__L0-off.__PIPE__L1-off.__PIPE__L4-off": {
    "perf": 0.0,
    "point": {
      "__PIPE__L0": "off",
      "__PARA__L0": 1,
      "__PIPE__L1": "off",
      "__PARA__L1": 1,
      "__PARA__L2": 58,
      "__PARA__L3": 58,
      "__PIPE__L4": "off",
      "__PARA__L4": 8,
      "__PARA__L5": 1,
      "__PARA__L6": 32
    },
    "res_util": {
      "util-URAM": 0,
      "util-BRAM": 0,
      "util-DSP": 0,
      "util-LUT": 0,
      "util-FF": 0,
      "total-URAM": 0,
      "total-BRAM": 0,
      "total-DSP": 0,
      "total-LUT": 0,
      "total-FF": 0
    },
    "valid": false
  },
  "__PARA__L0-1.__PARA__L1-1.__PARA__L2-58.__PARA__L3-58.__PARA__L4-8.__PARA__L5-1.__PARA__L6-32.__PIPE__L0-off.__PIPE__L1-off.__PIPE__L4-   ": {
    "perf": 0.0,
    "point": {
      "__PIPE__L0": "off",
      "__PARA__L0": 1,
      "__PIPE__L1": "off",
      "__PARA__L1": 1,
      "__PARA__L2": 58,
      "__PARA__L3": 58,
      "__PIPE__L4": "   ",
      "__PARA__L4": 8,
      "__PARA__L5": 1,
      "__PARA__L6": 32
    },
    "res_util": {
      "util-URAM": 0,
      "util-BRAM": 0,
      "util-DSP": 0,
      "util-LUT": 0,
      "util-FF": 0,
      "total-URAM": 0,
      "total-BRAM": 0,
      "total-DSP": 0,
      "total-LUT": 0,
      "total-FF": 0
    },
    "valid": false
  },
  "__PARA__L0-2.__PARA__L1-1.__PARA__L2-58.__PARA__L3-58.__PARA__L4-1.__PARA__L5-1.__PARA__L6-32.__PIPE__L0-off.__PIPE__L1-off.__PIPE__L4-NA": {
    "perf": 9259.0,
    "point": {
      "__PIPE__L0": "off",
      "__PARA__L0": 2,
      "__PIPE__L1": "off",
      "__PARA__L1": 1,
      "__PARA__L2": 58,
      "__PARA__L3": 58,
      "__PIPE__L4": "",
      "__PARA__L4": 1,
      "__PARA__L5": 1,
      "__PARA__L6": 32
    },
    "res_util": {
      "util-URAM": 0.0,
      "util-BRAM": 0.0,
      "util-DSP": 0.5847953216374269,
      "util-LUT": 0.2750766905760816,
      "util-FF": 0.2797300040600893,
      "total-URAM": 0,
      "total-BRAM": 0,
      "total-DSP": 3000,
      "total-LUT": 243905,
      "total-FF": 496062
    },
    "valid": true
  },
  "__PARA__L0-2.__PARA__L1-1.__PARA__L2-58.__PARA__L3-58.__PARA__L4-1.__PARA__L5-1.__PARA__L6-32.__PIPE__L0-   .__PIPE__L1-off.__PIPE__L4-NA": {
    "perf": 0.0,
    "point": {
      "__PIPE__L0": "   ",
      "__PARA__L0": 2,
      "__PIPE__L1": "off",
      "__PARA__L1": 1,
      "__PARA__L2": 58,
      "__PARA__L3": 58,
      "__PIPE__L4": "",
      "__PARA__L4": 1,
      "__PARA__L5": 1,
      "__PARA__L6": 32
    },
    "res_util": {
      "util-URAM": 0,
      "util-BRAM": 0,
      "util-DSP": 0,
      "util-LUT": 0,
      "util-FF": 0,
      "total-URAM": 0,
      "total-BRAM": 0,
      "total-DSP": 0,
      "total-LUT": 0,
      "total-FF": 0
    },
    "valid": false
  },
  "__PARA__L0-2.__PARA__L1-1.__PARA__L2-58.__PARA__L3-58.__PARA__L4-2.__PARA__L5-1.__PARA__L6-32.__PIPE__L0-off.__PIPE__L1-off.__PIPE__L4-NA": {
    "perf": 9259.0,
    "point": {
      "__PIPE__L0": "off",
      "__PARA__L0": 2,
      "__PIPE__L1": "off",
      "__PARA__L1": 1,
      "__PARA__L2": 58,
      "__PARA__L3": 58,
      "__PIPE__L4": "",
      "__PARA__L4": 2,
      "__PARA__L5": 1,
      "__PARA__L6": 32
    },
    "res_util": {
      "util-URAM": 0.0,
      "util-BRAM": 0.0,
      "util-DSP": 0.5847953216374269,
      "util-LUT": 0.2750766905760816,
      "util-FF": 0.2797300040600893,
      "total-URAM": 0,
      "total-BRAM": 0,
      "total-DSP": 3000,
      "total-LUT": 243905,
      "total-FF": 496062
    },
    "valid": true
  },
  "__PARA__L0-2.__PARA__L1-1.__PARA__L2-58.__PARA__L3-58.__PARA__L4-4.__PARA__L5-1.__PARA__L6-32.__PIPE__L0-off.__PIPE__L1-off.__PIPE__L4-NA": {
    "perf": 9259.0,
    "point": {
      "__PIPE__L0": "off",
      "__PARA__L0": 2,
      "__PIPE__L1": "off",
      "__PARA__L1": 1,
      "__PARA__L2": 58,
      "__PARA__L3": 58,
      "__PIPE__L4": "",
      "__PARA__L4": 4,
      "__PARA__L5": 1,
      "__PARA__L6": 32
    },
    "res_util": {
      "util-URAM": 0.0,
      "util-BRAM": 0.0,
      "util-DSP": 0.5847953216374269,
      "util-LUT": 0.2750766905760816,
      "util-FF": 0.2797300040600893,
      "total-URAM": 0,
      "total-BRAM": 0,
      "total-DSP": 3000,
      "total-LUT": 243905,
      "total-FF": 496062
    },
    "valid": true
  },
  "__PARA__L0-2.__PARA__L1-1.__PARA__L2-58.__PARA__L3-58.__PARA__L4-8.__PARA__L5-1.__PARA__L6-32.__PIPE__L0-off.__PIPE__L1-off.__PIPE__L4-NA": {
    "perf": 0.0,
    "point": {
      "__PIPE__L0": "off",
      "__PARA__L0": 2,
      "__PIPE__L1": "off",
      "__PARA__L1": 1,
      "__PARA__L2": 58,
      "__PARA__L3": 58,
      "__PIPE__L4": "",
      "__PARA__L4": 8,
      "__PARA__L5": 1,
      "__PARA__L6": 32
    },
    "res_util": {
      "util-URAM": 0,
      "util-BRAM": 0,
      "util-DSP": 0,
      "util-LUT": 0,
      "util-FF": 0,
      "total-URAM": 0,
      "total-BRAM": 0,
      "total-DSP": 0,
      "total-LUT": 0,
      "total-FF": 0
    },
    "valid": false
  },
  "__PARA__L0-2.__PARA__L1-1.__PARA__L2-58.__PARA__L3-58.__PARA__L4-16.__PARA__L5-1.__PARA__L6-32.__PIPE__L0-off.__PIPE__L1-off.__PIPE__L4-NA": {
    "perf": 0.0,
    "point": {
      "__PIPE__L0": "off",
      "__PARA__L0": 2,
      "__PIPE__L1": "off",
      "__PARA__L1": 1,
      "__PARA__L2": 58,
      "__PARA__L3": 58,
      "__PIPE__L4": "",
      "__PARA__L4": 16,
      "__PARA__L5": 1,
      "__PARA__L6": 32
    },
    "res_util": {
      "util-URAM": 0,
      "util-BRAM": 0,
      "util-DSP": 0,
      "util-LUT": 0,
      "util-FF": 0,
      "total-URAM": 0,
      "total-BRAM": 0,
      "total-DSP": 0,
      "total-LUT": 0,
      "total-FF": 0
    },
    "valid": false
  },
  "__PARA__L0-2.__PARA__L1-1.__PARA__L2-58.__PARA__L3-58.__PARA__L4-29.__PARA__L5-1.__PARA__L6-32.__PIPE__L0-off.__PIPE__L1-off.__PIPE__L4-NA": {
    "perf": 0.0,
    "point": {
      "__PIPE__L0": "off",
      "__PARA__L0": 2,
      "__PIPE__L1": "off",
      "__PARA__L1": 1,
      "__PARA__L2": 58,
      "__PARA__L3": 58,
      "__PIPE__L4": "",
      "__PARA__L4": 29,
      "__PARA__L5": 1,
      "__PARA__L6": 32
    },
    "res_util": {
      "util-URAM": 0,
      "util-BRAM": 0,
      "util-DSP": 0,
      "util-LUT": 0,
      "util-FF": 0,
      "total-URAM": 0,
      "total-BRAM": 0,
      "total-DSP": 0,
      "total-LUT": 0,
      "total-FF": 0
    },
    "valid": false
  },
  "__PARA__L0-2.__PARA__L1-1.__PARA__L2-58.__PARA__L3-58.__PARA__L4-32.__PARA__L5-1.__PARA__L6-32.__PIPE__L0-off.__PIPE__L1-off.__PIPE__L4-NA": {
    "perf": 0.0,
    "point": {
      "__PIPE__L0": "off",
      "__PARA__L0": 2,
      "__PIPE__L1": "off",
      "__PARA__L1": 1,
      "__PARA__L2": 58,
      "__PARA__L3": 58,
      "__PIPE__L4": "",
      "__PARA__L4": 32,
      "__PARA__L5": 1,
      "__PARA__L6": 32
    },
    "res_util": {
      "util-URAM": 0,
      "util-BRAM": 0,
      "util-DSP": 0,
      "util-LUT": 0,
      "util-FF": 0,
      "total-URAM": 0,
      "total-BRAM": 0,
      "total-DSP": 0,
      "total-LUT": 0,
      "total-FF": 0
    },
    "valid": false
  },
  "__PARA__L0-2.__PARA__L1-1.__PARA__L2-58.__PARA__L3-58.__PARA__L4-58.__PARA__L5-1.__PARA__L6-32.__PIPE__L0-off.__PIPE__L1-off.__PIPE__L4-NA": {
    "perf": Infinity,
    "point": {
      "__PIPE__L0": "off",
      "__PARA__L0": 2,
      "__PIPE__L1": "off",
      "__PARA__L1": 1,
      "__PARA__L2": 58,
      "__PARA__L3": 58,
      "__PIPE__L4": "",
      "__PARA__L4": 58,
      "__PARA__L5": 1,
      "__PARA__L6": 32
    },
    "res_util": {
      "util-URAM": 0.0,
      "util-BRAM": 0.0,
      "util-DSP": 0.5847953216374269,
      "util-LUT": 0.27517029819100464,
      "util-FF": 0.28052679658952495,
      "total-URAM": 0,
      "total-BRAM": 0,
      "total-DSP": 3000,
      "total-LUT": 243988,
      "total-FF": 497475
    },
    "valid": true
  },
  "__PARA__L0-2.__PARA__L1-1.__PARA__L2-58.__PARA__L3-58.__PARA__L4-1.__PARA__L5-1.__PARA__L6-32.__PIPE__L0-off.__PIPE__L1-off.__PIPE__L4-off": {
    "perf": 9259.0,
    "point": {
      "__PIPE__L0": "off",
      "__PARA__L0": 2,
      "__PIPE__L1": "off",
      "__PARA__L1": 1,
      "__PARA__L2": 58,
      "__PARA__L3": 58,
      "__PIPE__L4": "off",
      "__PARA__L4": 1,
      "__PARA__L5": 1,
      "__PARA__L6": 32
    },
    "res_util": {
      "util-URAM": 0.0,
      "util-BRAM": 0.0,
      "util-DSP": 0.5847953216374269,
      "util-LUT": 0.2750766905760816,
      "util-FF": 0.2797300040600893,
      "total-URAM": 0,
      "total-BRAM": 0,
      "total-DSP": 3000,
      "total-LUT": 243905,
      "total-FF": 496062
    },
    "valid": true
  },
  "__PARA__L0-2.__PARA__L1-1.__PARA__L2-58.__PARA__L3-58.__PARA__L4-1.__PARA__L5-1.__PARA__L6-32.__PIPE__L0-off.__PIPE__L1-off.__PIPE__L4-   ": {
    "perf": 0.0,
    "point": {
      "__PIPE__L0": "off",
      "__PARA__L0": 2,
      "__PIPE__L1": "off",
      "__PARA__L1": 1,
      "__PARA__L2": 58,
      "__PARA__L3": 58,
      "__PIPE__L4": "   ",
      "__PARA__L4": 1,
      "__PARA__L5": 1,
      "__PARA__L6": 32
    },
    "res_util": {
      "util-URAM": 0,
      "util-BRAM": 0,
      "util-DSP": 0,
      "util-LUT": 0,
      "util-FF": 0,
      "total-URAM": 0,
      "total-BRAM": 0,
      "total-DSP": 0,
      "total-LUT": 0,
      "total-FF": 0
    },
    "valid": false
  },
  "__PARA__L0-2.__PARA__L1-1.__PARA__L2-58.__PARA__L3-58.__PARA__L4-2.__PARA__L5-1.__PARA__L6-32.__PIPE__L0-off.__PIPE__L1-off.__PIPE__L4-off": {
    "perf": 9259.0,
    "point": {
      "__PIPE__L0": "off",
      "__PARA__L0": 2,
      "__PIPE__L1": "off",
      "__PARA__L1": 1,
      "__PARA__L2": 58,
      "__PARA__L3": 58,
      "__PIPE__L4": "off",
      "__PARA__L4": 2,
      "__PARA__L5": 1,
      "__PARA__L6": 32
    },
    "res_util": {
      "util-URAM": 0.0,
      "util-BRAM": 0.0,
      "util-DSP": 0.5847953216374269,
      "util-LUT": 0.2750766905760816,
      "util-FF": 0.2797300040600893,
      "total-URAM": 0,
      "total-BRAM": 0,
      "total-DSP": 3000,
      "total-LUT": 243905,
      "total-FF": 496062
    },
    "valid": true
  },
  "__PARA__L0-2.__PARA__L1-1.__PARA__L2-58.__PARA__L3-58.__PARA__L4-2.__PARA__L5-1.__PARA__L6-32.__PIPE__L0-off.__PIPE__L1-off.__PIPE__L4-   ": {
    "perf": 0.0,
    "point": {
      "__PIPE__L0": "off",
      "__PARA__L0": 2,
      "__PIPE__L1": "off",
      "__PARA__L1": 1,
      "__PARA__L2": 58,
      "__PARA__L3": 58,
      "__PIPE__L4": "   ",
      "__PARA__L4": 2,
      "__PARA__L5": 1,
      "__PARA__L6": 32
    },
    "res_util": {
      "util-URAM": 0,
      "util-BRAM": 0,
      "util-DSP": 0,
      "util-LUT": 0,
      "util-FF": 0,
      "total-URAM": 0,
      "total-BRAM": 0,
      "total-DSP": 0,
      "total-LUT": 0,
      "total-FF": 0
    },
    "valid": false
  },
  "__PARA__L0-2.__PARA__L1-1.__PARA__L2-58.__PARA__L3-58.__PARA__L4-4.__PARA__L5-1.__PARA__L6-32.__PIPE__L0-off.__PIPE__L1-off.__PIPE__L4-off": {
    "perf": 9259.0,
    "point": {
      "__PIPE__L0": "off",
      "__PARA__L0": 2,
      "__PIPE__L1": "off",
      "__PARA__L1": 1,
      "__PARA__L2": 58,
      "__PARA__L3": 58,
      "__PIPE__L4": "off",
      "__PARA__L4": 4,
      "__PARA__L5": 1,
      "__PARA__L6": 32
    },
    "res_util": {
      "util-URAM": 0.0,
      "util-BRAM": 0.0,
      "util-DSP": 0.5847953216374269,
      "util-LUT": 0.2750766905760816,
      "util-FF": 0.2797300040600893,
      "total-URAM": 0,
      "total-BRAM": 0,
      "total-DSP": 3000,
      "total-LUT": 243905,
      "total-FF": 496062
    },
    "valid": true
  },
  "__PARA__L0-2.__PARA__L1-1.__PARA__L2-58.__PARA__L3-58.__PARA__L4-4.__PARA__L5-1.__PARA__L6-32.__PIPE__L0-off.__PIPE__L1-off.__PIPE__L4-   ": {
    "perf": 0.0,
    "point": {
      "__PIPE__L0": "off",
      "__PARA__L0": 2,
      "__PIPE__L1": "off",
      "__PARA__L1": 1,
      "__PARA__L2": 58,
      "__PARA__L3": 58,
      "__PIPE__L4": "   ",
      "__PARA__L4": 4,
      "__PARA__L5": 1,
      "__PARA__L6": 32
    },
    "res_util": {
      "util-URAM": 0,
      "util-BRAM": 0,
      "util-DSP": 0,
      "util-LUT": 0,
      "util-FF": 0,
      "total-URAM": 0,
      "total-BRAM": 0,
      "total-DSP": 0,
      "total-LUT": 0,
      "total-FF": 0
    },
    "valid": false
  },
  "__PARA__L0-4.__PARA__L1-1.__PARA__L2-58.__PARA__L3-58.__PARA__L4-1.__PARA__L5-1.__PARA__L6-32.__PIPE__L0-off.__PIPE__L1-off.__PIPE__L4-NA": {
    "perf": 9259.0,
    "point": {
      "__PIPE__L0": "off",
      "__PARA__L0": 4,
      "__PIPE__L1": "off",
      "__PARA__L1": 1,
      "__PARA__L2": 58,
      "__PARA__L3": 58,
      "__PIPE__L4": "",
      "__PARA__L4": 1,
      "__PARA__L5": 1,
      "__PARA__L6": 32
    },
    "res_util": {
      "util-URAM": 0.0,
      "util-BRAM": 0.0,
      "util-DSP": 0.5847953216374269,
      "util-LUT": 0.2750766905760816,
      "util-FF": 0.2797300040600893,
      "total-URAM": 0,
      "total-BRAM": 0,
      "total-DSP": 3000,
      "total-LUT": 243905,
      "total-FF": 496062
    },
    "valid": true
  },
  "__PARA__L0-4.__PARA__L1-1.__PARA__L2-58.__PARA__L3-58.__PARA__L4-1.__PARA__L5-1.__PARA__L6-32.__PIPE__L0-   .__PIPE__L1-off.__PIPE__L4-NA": {
    "perf": 0.0,
    "point": {
      "__PIPE__L0": "   ",
      "__PARA__L0": 4,
      "__PIPE__L1": "off",
      "__PARA__L1": 1,
      "__PARA__L2": 58,
      "__PARA__L3": 58,
      "__PIPE__L4": "",
      "__PARA__L4": 1,
      "__PARA__L5": 1,
      "__PARA__L6": 32
    },
    "res_util": {
      "util-URAM": 0,
      "util-BRAM": 0,
      "util-DSP": 0,
      "util-LUT": 0,
      "util-FF": 0,
      "total-URAM": 0,
      "total-BRAM": 0,
      "total-DSP": 0,
      "total-LUT": 0,
      "total-FF": 0
    },
    "valid": false
  },
  "__PARA__L0-4.__PARA__L1-1.__PARA__L2-58.__PARA__L3-58.__PARA__L4-2.__PARA__L5-1.__PARA__L6-32.__PIPE__L0-off.__PIPE__L1-off.__PIPE__L4-NA": {
    "perf": 9259.0,
    "point": {
      "__PIPE__L0": "off",
      "__PARA__L0": 4,
      "__PIPE__L1": "off",
      "__PARA__L1": 1,
      "__PARA__L2": 58,
      "__PARA__L3": 58,
      "__PIPE__L4": "",
      "__PARA__L4": 2,
      "__PARA__L5": 1,
      "__PARA__L6": 32
    },
    "res_util": {
      "util-URAM": 0.0,
      "util-BRAM": 0.0,
      "util-DSP": 0.5847953216374269,
      "util-LUT": 0.2750766905760816,
      "util-FF": 0.2797300040600893,
      "total-URAM": 0,
      "total-BRAM": 0,
      "total-DSP": 3000,
      "total-LUT": 243905,
      "total-FF": 496062
    },
    "valid": true
  },
  "__PARA__L0-4.__PARA__L1-1.__PARA__L2-58.__PARA__L3-58.__PARA__L4-4.__PARA__L5-1.__PARA__L6-32.__PIPE__L0-off.__PIPE__L1-off.__PIPE__L4-NA": {
    "perf": 0.0,
    "point": {
      "__PIPE__L0": "off",
      "__PARA__L0": 4,
      "__PIPE__L1": "off",
      "__PARA__L1": 1,
      "__PARA__L2": 58,
      "__PARA__L3": 58,
      "__PIPE__L4": "",
      "__PARA__L4": 4,
      "__PARA__L5": 1,
      "__PARA__L6": 32
    },
    "res_util": {
      "util-URAM": 0,
      "util-BRAM": 0,
      "util-DSP": 0,
      "util-LUT": 0,
      "util-FF": 0,
      "total-URAM": 0,
      "total-BRAM": 0,
      "total-DSP": 0,
      "total-LUT": 0,
      "total-FF": 0
    },
    "valid": false
  },
  "__PARA__L0-4.__PARA__L1-1.__PARA__L2-58.__PARA__L3-58.__PARA__L4-8.__PARA__L5-1.__PARA__L6-32.__PIPE__L0-off.__PIPE__L1-off.__PIPE__L4-NA": {
    "perf": 0.0,
    "point": {
      "__PIPE__L0": "off",
      "__PARA__L0": 4,
      "__PIPE__L1": "off",
      "__PARA__L1": 1,
      "__PARA__L2": 58,
      "__PARA__L3": 58,
      "__PIPE__L4": "",
      "__PARA__L4": 8,
      "__PARA__L5": 1,
      "__PARA__L6": 32
    },
    "res_util": {
      "util-URAM": 0,
      "util-BRAM": 0,
      "util-DSP": 0,
      "util-LUT": 0,
      "util-FF": 0,
      "total-URAM": 0,
      "total-BRAM": 0,
      "total-DSP": 0,
      "total-LUT": 0,
      "total-FF": 0
    },
    "valid": false
  },
  "__PARA__L0-4.__PARA__L1-1.__PARA__L2-58.__PARA__L3-58.__PARA__L4-16.__PARA__L5-1.__PARA__L6-32.__PIPE__L0-off.__PIPE__L1-off.__PIPE__L4-NA": {
    "perf": 0.0,
    "point": {
      "__PIPE__L0": "off",
      "__PARA__L0": 4,
      "__PIPE__L1": "off",
      "__PARA__L1": 1,
      "__PARA__L2": 58,
      "__PARA__L3": 58,
      "__PIPE__L4": "",
      "__PARA__L4": 16,
      "__PARA__L5": 1,
      "__PARA__L6": 32
    },
    "res_util": {
      "util-URAM": 0,
      "util-BRAM": 0,
      "util-DSP": 0,
      "util-LUT": 0,
      "util-FF": 0,
      "total-URAM": 0,
      "total-BRAM": 0,
      "total-DSP": 0,
      "total-LUT": 0,
      "total-FF": 0
    },
    "valid": false
  },
  "__PARA__L0-4.__PARA__L1-1.__PARA__L2-58.__PARA__L3-58.__PARA__L4-29.__PARA__L5-1.__PARA__L6-32.__PIPE__L0-off.__PIPE__L1-off.__PIPE__L4-NA": {
    "perf": 0.0,
    "point": {
      "__PIPE__L0": "off",
      "__PARA__L0": 4,
      "__PIPE__L1": "off",
      "__PARA__L1": 1,
      "__PARA__L2": 58,
      "__PARA__L3": 58,
      "__PIPE__L4": "",
      "__PARA__L4": 29,
      "__PARA__L5": 1,
      "__PARA__L6": 32
    },
    "res_util": {
      "util-URAM": 0,
      "util-BRAM": 0,
      "util-DSP": 0,
      "util-LUT": 0,
      "util-FF": 0,
      "total-URAM": 0,
      "total-BRAM": 0,
      "total-DSP": 0,
      "total-LUT": 0,
      "total-FF": 0
    },
    "valid": false
  },
  "__PARA__L0-4.__PARA__L1-1.__PARA__L2-58.__PARA__L3-58.__PARA__L4-32.__PARA__L5-1.__PARA__L6-32.__PIPE__L0-off.__PIPE__L1-off.__PIPE__L4-NA": {
    "perf": 0.0,
    "point": {
      "__PIPE__L0": "off",
      "__PARA__L0": 4,
      "__PIPE__L1": "off",
      "__PARA__L1": 1,
      "__PARA__L2": 58,
      "__PARA__L3": 58,
      "__PIPE__L4": "",
      "__PARA__L4": 32,
      "__PARA__L5": 1,
      "__PARA__L6": 32
    },
    "res_util": {
      "util-URAM": 0,
      "util-BRAM": 0,
      "util-DSP": 0,
      "util-LUT": 0,
      "util-FF": 0,
      "total-URAM": 0,
      "total-BRAM": 0,
      "total-DSP": 0,
      "total-LUT": 0,
      "total-FF": 0
    },
    "valid": false
  },
  "__PARA__L0-4.__PARA__L1-1.__PARA__L2-58.__PARA__L3-58.__PARA__L4-58.__PARA__L5-1.__PARA__L6-32.__PIPE__L0-off.__PIPE__L1-off.__PIPE__L4-NA": {
    "perf": 0.0,
    "point": {
      "__PIPE__L0": "off",
      "__PARA__L0": 4,
      "__PIPE__L1": "off",
      "__PARA__L1": 1,
      "__PARA__L2": 58,
      "__PARA__L3": 58,
      "__PIPE__L4": "",
      "__PARA__L4": 58,
      "__PARA__L5": 1,
      "__PARA__L6": 32
    },
    "res_util": {
      "util-URAM": 0,
      "util-BRAM": 0,
      "util-DSP": 0,
      "util-LUT": 0,
      "util-FF": 0,
      "total-URAM": 0,
      "total-BRAM": 0,
      "total-DSP": 0,
      "total-LUT": 0,
      "total-FF": 0
    },
    "valid": false
  },
  "__PARA__L0-4.__PARA__L1-1.__PARA__L2-58.__PARA__L3-58.__PARA__L4-1.__PARA__L5-1.__PARA__L6-32.__PIPE__L0-off.__PIPE__L1-off.__PIPE__L4-off": {
    "perf": 9259.0,
    "point": {
      "__PIPE__L0": "off",
      "__PARA__L0": 4,
      "__PIPE__L1": "off",
      "__PARA__L1": 1,
      "__PARA__L2": 58,
      "__PARA__L3": 58,
      "__PIPE__L4": "off",
      "__PARA__L4": 1,
      "__PARA__L5": 1,
      "__PARA__L6": 32
    },
    "res_util": {
      "util-URAM": 0.0,
      "util-BRAM": 0.0,
      "util-DSP": 0.5847953216374269,
      "util-LUT": 0.2750766905760816,
      "util-FF": 0.2797300040600893,
      "total-URAM": 0,
      "total-BRAM": 0,
      "total-DSP": 3000,
      "total-LUT": 243905,
      "total-FF": 496062
    },
    "valid": true
  },
  "__PARA__L0-4.__PARA__L1-1.__PARA__L2-58.__PARA__L3-58.__PARA__L4-1.__PARA__L5-1.__PARA__L6-32.__PIPE__L0-off.__PIPE__L1-off.__PIPE__L4-   ": {
    "perf": 0.0,
    "point": {
      "__PIPE__L0": "off",
      "__PARA__L0": 4,
      "__PIPE__L1": "off",
      "__PARA__L1": 1,
      "__PARA__L2": 58,
      "__PARA__L3": 58,
      "__PIPE__L4": "   ",
      "__PARA__L4": 1,
      "__PARA__L5": 1,
      "__PARA__L6": 32
    },
    "res_util": {
      "util-URAM": 0,
      "util-BRAM": 0,
      "util-DSP": 0,
      "util-LUT": 0,
      "util-FF": 0,
      "total-URAM": 0,
      "total-BRAM": 0,
      "total-DSP": 0,
      "total-LUT": 0,
      "total-FF": 0
    },
    "valid": false
  },
  "__PARA__L0-4.__PARA__L1-1.__PARA__L2-58.__PARA__L3-58.__PARA__L4-2.__PARA__L5-1.__PARA__L6-32.__PIPE__L0-off.__PIPE__L1-off.__PIPE__L4-off": {
    "perf": 0.0,
    "point": {
      "__PIPE__L0": "off",
      "__PARA__L0": 4,
      "__PIPE__L1": "off",
      "__PARA__L1": 1,
      "__PARA__L2": 58,
      "__PARA__L3": 58,
      "__PIPE__L4": "off",
      "__PARA__L4": 2,
      "__PARA__L5": 1,
      "__PARA__L6": 32
    },
    "res_util": {
      "util-URAM": 0,
      "util-BRAM": 0,
      "util-DSP": 0,
      "util-LUT": 0,
      "util-FF": 0,
      "total-URAM": 0,
      "total-BRAM": 0,
      "total-DSP": 0,
      "total-LUT": 0,
      "total-FF": 0
    },
    "valid": false
  },
  "__PARA__L0-4.__PARA__L1-1.__PARA__L2-58.__PARA__L3-58.__PARA__L4-2.__PARA__L5-1.__PARA__L6-32.__PIPE__L0-off.__PIPE__L1-off.__PIPE__L4-   ": {
    "perf": 0.0,
    "point": {
      "__PIPE__L0": "off",
      "__PARA__L0": 4,
      "__PIPE__L1": "off",
      "__PARA__L1": 1,
      "__PARA__L2": 58,
      "__PARA__L3": 58,
      "__PIPE__L4": "   ",
      "__PARA__L4": 2,
      "__PARA__L5": 1,
      "__PARA__L6": 32
    },
    "res_util": {
      "util-URAM": 0,
      "util-BRAM": 0,
      "util-DSP": 0,
      "util-LUT": 0,
      "util-FF": 0,
      "total-URAM": 0,
      "total-BRAM": 0,
      "total-DSP": 0,
      "total-LUT": 0,
      "total-FF": 0
    },
    "valid": false
  },
  "__PARA__L0-5.__PARA__L1-1.__PARA__L2-58.__PARA__L3-58.__PARA__L4-1.__PARA__L5-1.__PARA__L6-32.__PIPE__L0-off.__PIPE__L1-off.__PIPE__L4-NA": {
    "perf": 0.0,
    "point": {
      "__PIPE__L0": "off",
      "__PARA__L0": 5,
      "__PIPE__L1": "off",
      "__PARA__L1": 1,
      "__PARA__L2": 58,
      "__PARA__L3": 58,
      "__PIPE__L4": "",
      "__PARA__L4": 1,
      "__PARA__L5": 1,
      "__PARA__L6": 32
    },
    "res_util": {
      "util-URAM": 0,
      "util-BRAM": 0,
      "util-DSP": 0,
      "util-LUT": 0,
      "util-FF": 0,
      "total-URAM": 0,
      "total-BRAM": 0,
      "total-DSP": 0,
      "total-LUT": 0,
      "total-FF": 0
    },
    "valid": false
  },
  "__PARA__L0-5.__PARA__L1-1.__PARA__L2-58.__PARA__L3-58.__PARA__L4-1.__PARA__L5-1.__PARA__L6-32.__PIPE__L0-   .__PIPE__L1-off.__PIPE__L4-NA": {
    "perf": 0.0,
    "point": {
      "__PIPE__L0": "   ",
      "__PARA__L0": 5,
      "__PIPE__L1": "off",
      "__PARA__L1": 1,
      "__PARA__L2": 58,
      "__PARA__L3": 58,
      "__PIPE__L4": "",
      "__PARA__L4": 1,
      "__PARA__L5": 1,
      "__PARA__L6": 32
    },
    "res_util": {
      "util-URAM": 0,
      "util-BRAM": 0,
      "util-DSP": 0,
      "util-LUT": 0,
      "util-FF": 0,
      "total-URAM": 0,
      "total-BRAM": 0,
      "total-DSP": 0,
      "total-LUT": 0,
      "total-FF": 0
    },
    "valid": false
  },
  "__PARA__L0-8.__PARA__L1-1.__PARA__L2-58.__PARA__L3-58.__PARA__L4-1.__PARA__L5-1.__PARA__L6-32.__PIPE__L0-off.__PIPE__L1-off.__PIPE__L4-NA": {
    "perf": 0.0,
    "point": {
      "__PIPE__L0": "off",
      "__PARA__L0": 8,
      "__PIPE__L1": "off",
      "__PARA__L1": 1,
      "__PARA__L2": 58,
      "__PARA__L3": 58,
      "__PIPE__L4": "",
      "__PARA__L4": 1,
      "__PARA__L5": 1,
      "__PARA__L6": 32
    },
    "res_util": {
      "util-URAM": 0,
      "util-BRAM": 0,
      "util-DSP": 0,
      "util-LUT": 0,
      "util-FF": 0,
      "total-URAM": 0,
      "total-BRAM": 0,
      "total-DSP": 0,
      "total-LUT": 0,
      "total-FF": 0
    },
    "valid": false
  }
}