{
  "__PARA__L4-1.__PARA__L5-1.__PIPE__L4-NA.__PIPE__L5-NA": {
    "perf": 956.0,
    "point": {
      "__PIPE__L4": "",
      "__PARA__L4": 1,
      "__PIPE__L5": "",
      "__PARA__L5": 1
    },
    "res_util": {
      "util-URAM": 0.0,
      "util-BRAM": 0.0,
      "util-DSP": 0.0,
      "util-LUT": 0.6095242928677764,
      "util-FF": 0.08725075562773492,
      "total-URAM": 0,
      "total-BRAM": 0,
      "total-DSP": 0,
      "total-LUT": 540453,
      "total-FF": 154727
    },
    "valid": true
  },
  "__PARA__L4-2.__PARA__L5-1.__PIPE__L4-NA.__PIPE__L5-NA": {
    "perf": 956.0,
    "point": {
      "__PIPE__L4": "",
      "__PARA__L4": 2,
      "__PIPE__L5": "",
      "__PARA__L5": 1
    },
    "res_util": {
      "util-URAM": 0.0,
      "util-BRAM": 0.0,
      "util-DSP": 0.0,
      "util-LUT": 0.6095242928677764,
      "util-FF": 0.08725075562773492,
      "total-URAM": 0,
      "total-BRAM": 0,
      "total-DSP": 0,
      "total-LUT": 540453,
      "total-FF": 154727
    },
    "valid": true
  },
  "__PARA__L4-4.__PARA__L5-1.__PIPE__L4-NA.__PIPE__L5-NA": {
    "perf": 956.0,
    "point": {
      "__PIPE__L4": "",
      "__PARA__L4": 4,
      "__PIPE__L5": "",
      "__PARA__L5": 1
    },
    "res_util": {
      "util-URAM": 0.0,
      "util-BRAM": 0.0,
      "util-DSP": 0.0,
      "util-LUT": 0.6095242928677764,
      "util-FF": 0.08725075562773492,
      "total-URAM": 0,
      "total-BRAM": 0,
      "total-DSP": 0,
      "total-LUT": 540453,
      "total-FF": 154727
    },
    "valid": true
  },
  "__PARA__L4-8.__PARA__L5-1.__PIPE__L4-NA.__PIPE__L5-NA": {
    "perf": 956.0,
    "point": {
      "__PIPE__L4": "",
      "__PARA__L4": 8,
      "__PIPE__L5": "",
      "__PARA__L5": 1
    },
    "res_util": {
      "util-URAM": 0.0,
      "util-BRAM": 0.0,
      "util-DSP": 0.0,
      "util-LUT": 0.6095242928677764,
      "util-FF": 0.08725075562773492,
      "total-URAM": 0,
      "total-BRAM": 0,
      "total-DSP": 0,
      "total-LUT": 540453,
      "total-FF": 154727
    },
    "valid": true
  },
  "__PARA__L4-1.__PARA__L5-1.__PIPE__L4-off.__PIPE__L5-NA": {
    "perf": 956.0,
    "point": {
      "__PIPE__L4": "off",
      "__PARA__L4": 1,
      "__PIPE__L5": "",
      "__PARA__L5": 1
    },
    "res_util": {
      "util-URAM": 0.0,
      "util-BRAM": 0.0,
      "util-DSP": 0.0,
      "util-LUT": 0.6095242928677764,
      "util-FF": 0.08725075562773492,
      "total-URAM": 0,
      "total-BRAM": 0,
      "total-DSP": 0,
      "total-LUT": 540453,
      "total-FF": 154727
    },
    "valid": true
  },
  "__PARA__L4-1.__PARA__L5-1.__PIPE__L4-   .__PIPE__L5-NA": {
    "perf": 830.0,
    "point": {
      "__PIPE__L4": "   ",
      "__PARA__L4": 1,
      "__PIPE__L5": "",
      "__PARA__L5": 1
    },
    "res_util": {
      "util-URAM": 0.0,
      "util-BRAM": 0.0,
      "util-DSP": 0.0,
      "util-LUT": 0.40665516308025446,
      "util-FF": 0.03972628231154419,
      "total-URAM": 0,
      "total-BRAM": 0,
      "total-DSP": 0,
      "total-LUT": 360573,
      "total-FF": 70449
    },
    "valid": true
  },
  "__PARA__L4-1.__PARA__L5-2.__PIPE__L4-   .__PIPE__L5-NA": {
    "perf": 830.0,
    "point": {
      "__PIPE__L4": "   ",
      "__PARA__L4": 1,
      "__PIPE__L5": "",
      "__PARA__L5": 2
    },
    "res_util": {
      "util-URAM": 0.0,
      "util-BRAM": 0.0,
      "util-DSP": 0.0,
      "util-LUT": 0.40665516308025446,
      "util-FF": 0.03972628231154419,
      "total-URAM": 0,
      "total-BRAM": 0,
      "total-DSP": 0,
      "total-LUT": 360573,
      "total-FF": 70449
    },
    "valid": true
  },
  "__PARA__L4-1.__PARA__L5-4.__PIPE__L4-   .__PIPE__L5-NA": {
    "perf": 830.0,
    "point": {
      "__PIPE__L4": "   ",
      "__PARA__L4": 1,
      "__PIPE__L5": "",
      "__PARA__L5": 4
    },
    "res_util": {
      "util-URAM": 0.0,
      "util-BRAM": 0.0,
      "util-DSP": 0.0,
      "util-LUT": 0.40665516308025446,
      "util-FF": 0.03972628231154419,
      "total-URAM": 0,
      "total-BRAM": 0,
      "total-DSP": 0,
      "total-LUT": 360573,
      "total-FF": 70449
    },
    "valid": true
  },
  "__PARA__L4-1.__PARA__L5-8.__PIPE__L4-   .__PIPE__L5-NA": {
    "perf": 830.0,
    "point": {
      "__PIPE__L4": "   ",
      "__PARA__L4": 1,
      "__PIPE__L5": "",
      "__PARA__L5": 8
    },
    "res_util": {
      "util-URAM": 0.0,
      "util-BRAM": 0.0,
      "util-DSP": 0.0,
      "util-LUT": 0.40665516308025446,
      "util-FF": 0.03972628231154419,
      "total-URAM": 0,
      "total-BRAM": 0,
      "total-DSP": 0,
      "total-LUT": 360573,
      "total-FF": 70449
    },
    "valid": true
  },
  "__PARA__L4-1.__PARA__L5-13.__PIPE__L4-   .__PIPE__L5-NA": {
    "perf": 830.0,
    "point": {
      "__PIPE__L4": "   ",
      "__PARA__L4": 1,
      "__PIPE__L5": "",
      "__PARA__L5": 13
    },
    "res_util": {
      "util-URAM": 0.0,
      "util-BRAM": 0.0,
      "util-DSP": 0.0,
      "util-LUT": 0.40665516308025446,
      "util-FF": 0.03972628231154419,
      "total-URAM": 0,
      "total-BRAM": 0,
      "total-DSP": 0,
      "total-LUT": 360573,
      "total-FF": 70449
    },
    "valid": true
  },
  "__PARA__L4-1.__PARA__L5-1.__PIPE__L4-   .__PIPE__L5-off": {
    "perf": 830.0,
    "point": {
      "__PIPE__L4": "   ",
      "__PARA__L4": 1,
      "__PIPE__L5": "off",
      "__PARA__L5": 1
    },
    "res_util": {
      "util-URAM": 0.0,
      "util-BRAM": 0.0,
      "util-DSP": 0.0,
      "util-LUT": 0.40665516308025446,
      "util-FF": 0.03972628231154419,
      "total-URAM": 0,
      "total-BRAM": 0,
      "total-DSP": 0,
      "total-LUT": 360573,
      "total-FF": 70449
    },
    "valid": true
  },
  "__PARA__L4-1.__PARA__L5-1.__PIPE__L4-   .__PIPE__L5-   ": {
    "perf": 1139.0,
    "point": {
      "__PIPE__L4": "   ",
      "__PARA__L4": 1,
      "__PIPE__L5": "   ",
      "__PARA__L5": 1
    },
    "res_util": {
      "util-URAM": 0.0,
      "util-BRAM": 0.0,
      "util-DSP": 0.0,
      "util-LUT": 0.43415550142103126,
      "util-FF": 0.04344351964632111,
      "total-URAM": 0,
      "total-BRAM": 0,
      "total-DSP": 0,
      "total-LUT": 384957,
      "total-FF": 77041
    },
    "valid": true
  },
  "__PARA__L4-1.__PARA__L5-2.__PIPE__L4-   .__PIPE__L5-off": {
    "perf": 830.0,
    "point": {
      "__PIPE__L4": "   ",
      "__PARA__L4": 1,
      "__PIPE__L5": "off",
      "__PARA__L5": 2
    },
    "res_util": {
      "util-URAM": 0.0,
      "util-BRAM": 0.0,
      "util-DSP": 0.0,
      "util-LUT": 0.40665516308025446,
      "util-FF": 0.03972628231154419,
      "total-URAM": 0,
      "total-BRAM": 0,
      "total-DSP": 0,
      "total-LUT": 360573,
      "total-FF": 70449
    },
    "valid": true
  },
  "__PARA__L4-1.__PARA__L5-2.__PIPE__L4-   .__PIPE__L5-   ": {
    "perf": 1139.0,
    "point": {
      "__PIPE__L4": "   ",
      "__PARA__L4": 1,
      "__PIPE__L5": "   ",
      "__PARA__L5": 2
    },
    "res_util": {
      "util-URAM": 0.0,
      "util-BRAM": 0.0,
      "util-DSP": 0.0,
      "util-LUT": 0.43415550142103126,
      "util-FF": 0.04344351964632111,
      "total-URAM": 0,
      "total-BRAM": 0,
      "total-DSP": 0,
      "total-LUT": 384957,
      "total-FF": 77041
    },
    "valid": true
  },
  "__PARA__L4-1.__PARA__L5-4.__PIPE__L4-   .__PIPE__L5-off": {
    "perf": 830.0,
    "point": {
      "__PIPE__L4": "   ",
      "__PARA__L4": 1,
      "__PIPE__L5": "off",
      "__PARA__L5": 4
    },
    "res_util": {
      "util-URAM": 0.0,
      "util-BRAM": 0.0,
      "util-DSP": 0.0,
      "util-LUT": 0.40665516308025446,
      "util-FF": 0.03972628231154419,
      "total-URAM": 0,
      "total-BRAM": 0,
      "total-DSP": 0,
      "total-LUT": 360573,
      "total-FF": 70449
    },
    "valid": true
  },
  "__PARA__L4-1.__PARA__L5-4.__PIPE__L4-   .__PIPE__L5-   ": {
    "perf": 1139.0,
    "point": {
      "__PIPE__L4": "   ",
      "__PARA__L4": 1,
      "__PIPE__L5": "   ",
      "__PARA__L5": 4
    },
    "res_util": {
      "util-URAM": 0.0,
      "util-BRAM": 0.0,
      "util-DSP": 0.0,
      "util-LUT": 0.43415550142103126,
      "util-FF": 0.04344351964632111,
      "total-URAM": 0,
      "total-BRAM": 0,
      "total-DSP": 0,
      "total-LUT": 384957,
      "total-FF": 77041
    },
    "valid": true
  },
  "__PARA__L4-1.__PARA__L5-8.__PIPE__L4-   .__PIPE__L5-off": {
    "perf": 830.0,
    "point": {
      "__PIPE__L4": "   ",
      "__PARA__L4": 1,
      "__PIPE__L5": "off",
      "__PARA__L5": 8
    },
    "res_util": {
      "util-URAM": 0.0,
      "util-BRAM": 0.0,
      "util-DSP": 0.0,
      "util-LUT": 0.40665516308025446,
      "util-FF": 0.03972628231154419,
      "total-URAM": 0,
      "total-BRAM": 0,
      "total-DSP": 0,
      "total-LUT": 360573,
      "total-FF": 70449
    },
    "valid": true
  },
  "__PARA__L4-1.__PARA__L5-8.__PIPE__L4-   .__PIPE__L5-   ": {
    "perf": 1139.0,
    "point": {
      "__PIPE__L4": "   ",
      "__PARA__L4": 1,
      "__PIPE__L5": "   ",
      "__PARA__L5": 8
    },
    "res_util": {
      "util-URAM": 0.0,
      "util-BRAM": 0.0,
      "util-DSP": 0.0,
      "util-LUT": 0.43415550142103126,
      "util-FF": 0.04344351964632111,
      "total-URAM": 0,
      "total-BRAM": 0,
      "total-DSP": 0,
      "total-LUT": 384957,
      "total-FF": 77041
    },
    "valid": true
  },
  "__PARA__L4-1.__PARA__L5-13.__PIPE__L4-   .__PIPE__L5-off": {
    "perf": 830.0,
    "point": {
      "__PIPE__L4": "   ",
      "__PARA__L4": 1,
      "__PIPE__L5": "off",
      "__PARA__L5": 13
    },
    "res_util": {
      "util-URAM": 0.0,
      "util-BRAM": 0.0,
      "util-DSP": 0.0,
      "util-LUT": 0.40665516308025446,
      "util-FF": 0.03972628231154419,
      "total-URAM": 0,
      "total-BRAM": 0,
      "total-DSP": 0,
      "total-LUT": 360573,
      "total-FF": 70449
    },
    "valid": true
  },
  "__PARA__L4-1.__PARA__L5-13.__PIPE__L4-   .__PIPE__L5-   ": {
    "perf": 1139.0,
    "point": {
      "__PIPE__L4": "   ",
      "__PARA__L4": 1,
      "__PIPE__L5": "   ",
      "__PARA__L5": 13
    },
    "res_util": {
      "util-URAM": 0.0,
      "util-BRAM": 0.0,
      "util-DSP": 0.0,
      "util-LUT": 0.43415550142103126,
      "util-FF": 0.04344351964632111,
      "total-URAM": 0,
      "total-BRAM": 0,
      "total-DSP": 0,
      "total-LUT": 384957,
      "total-FF": 77041
    },
    "valid": true
  },
  "__PARA__L4-1.__PARA__L5-2.__PIPE__L4-off.__PIPE__L5-NA": {
    "perf": 956.0,
    "point": {
      "__PIPE__L4": "off",
      "__PARA__L4": 1,
      "__PIPE__L5": "",
      "__PARA__L5": 2
    },
    "res_util": {
      "util-URAM": 0.0,
      "util-BRAM": 0.0,
      "util-DSP": 0.0,
      "util-LUT": 0.6095242928677764,
      "util-FF": 0.08725075562773492,
      "total-URAM": 0,
      "total-BRAM": 0,
      "total-DSP": 0,
      "total-LUT": 540453,
      "total-FF": 154727
    },
    "valid": true
  },
  "__PARA__L4-1.__PARA__L5-4.__PIPE__L4-off.__PIPE__L5-NA": {
    "perf": 956.0,
    "point": {
      "__PIPE__L4": "off",
      "__PARA__L4": 1,
      "__PIPE__L5": "",
      "__PARA__L5": 4
    },
    "res_util": {
      "util-URAM": 0.0,
      "util-BRAM": 0.0,
      "util-DSP": 0.0,
      "util-LUT": 0.6095242928677764,
      "util-FF": 0.08725075562773492,
      "total-URAM": 0,
      "total-BRAM": 0,
      "total-DSP": 0,
      "total-LUT": 540453,
      "total-FF": 154727
    },
    "valid": true
  },
  "__PARA__L4-1.__PARA__L5-8.__PIPE__L4-off.__PIPE__L5-NA": {
    "perf": 956.0,
    "point": {
      "__PIPE__L4": "off",
      "__PARA__L4": 1,
      "__PIPE__L5": "",
      "__PARA__L5": 8
    },
    "res_util": {
      "util-URAM": 0.0,
      "util-BRAM": 0.0,
      "util-DSP": 0.0,
      "util-LUT": 0.6095242928677764,
      "util-FF": 0.08725075562773492,
      "total-URAM": 0,
      "total-BRAM": 0,
      "total-DSP": 0,
      "total-LUT": 540453,
      "total-FF": 154727
    },
    "valid": true
  },
  "__PARA__L4-1.__PARA__L5-13.__PIPE__L4-off.__PIPE__L5-NA": {
    "perf": 956.0,
    "point": {
      "__PIPE__L4": "off",
      "__PARA__L4": 1,
      "__PIPE__L5": "",
      "__PARA__L5": 13
    },
    "res_util": {
      "util-URAM": 0.0,
      "util-BRAM": 0.0,
      "util-DSP": 0.0,
      "util-LUT": 0.6095242928677764,
      "util-FF": 0.08725075562773492,
      "total-URAM": 0,
      "total-BRAM": 0,
      "total-DSP": 0,
      "total-LUT": 540453,
      "total-FF": 154727
    },
    "valid": true
  },
  "__PARA__L4-1.__PARA__L5-1.__PIPE__L4-off.__PIPE__L5-off": {
    "perf": 956.0,
    "point": {
      "__PIPE__L4": "off",
      "__PARA__L4": 1,
      "__PIPE__L5": "off",
      "__PARA__L5": 1
    },
    "res_util": {
      "util-URAM": 0.0,
      "util-BRAM": 0.0,
      "util-DSP": 0.0,
      "util-LUT": 0.6095242928677764,
      "util-FF": 0.08725075562773492,
      "total-URAM": 0,
      "total-BRAM": 0,
      "total-DSP": 0,
      "total-LUT": 540453,
      "total-FF": 154727
    },
    "valid": true
  },
  "__PARA__L4-1.__PARA__L5-1.__PIPE__L4-off.__PIPE__L5-   ": {
    "perf": 1139.0,
    "point": {
      "__PIPE__L4": "off",
      "__PARA__L4": 1,
      "__PIPE__L5": "   ",
      "__PARA__L5": 1
    },
    "res_util": {
      "util-URAM": 0.0,
      "util-BRAM": 0.0,
      "util-DSP": 0.0,
      "util-LUT": 0.43415550142103126,
      "util-FF": 0.04344351964632111,
      "total-URAM": 0,
      "total-BRAM": 0,
      "total-DSP": 0,
      "total-LUT": 384957,
      "total-FF": 77041
    },
    "valid": true
  },
  "__PARA__L4-1.__PARA__L5-2.__PIPE__L4-off.__PIPE__L5-off": {
    "perf": 956.0,
    "point": {
      "__PIPE__L4": "off",
      "__PARA__L4": 1,
      "__PIPE__L5": "off",
      "__PARA__L5": 2
    },
    "res_util": {
      "util-URAM": 0.0,
      "util-BRAM": 0.0,
      "util-DSP": 0.0,
      "util-LUT": 0.6095242928677764,
      "util-FF": 0.08725075562773492,
      "total-URAM": 0,
      "total-BRAM": 0,
      "total-DSP": 0,
      "total-LUT": 540453,
      "total-FF": 154727
    },
    "valid": true
  },
  "__PARA__L4-1.__PARA__L5-2.__PIPE__L4-off.__PIPE__L5-   ": {
    "perf": 1139.0,
    "point": {
      "__PIPE__L4": "off",
      "__PARA__L4": 1,
      "__PIPE__L5": "   ",
      "__PARA__L5": 2
    },
    "res_util": {
      "util-URAM": 0.0,
      "util-BRAM": 0.0,
      "util-DSP": 0.0,
      "util-LUT": 0.43415550142103126,
      "util-FF": 0.04344351964632111,
      "total-URAM": 0,
      "total-BRAM": 0,
      "total-DSP": 0,
      "total-LUT": 384957,
      "total-FF": 77041
    },
    "valid": true
  },
  "__PARA__L4-1.__PARA__L5-4.__PIPE__L4-off.__PIPE__L5-off": {
    "perf": 956.0,
    "point": {
      "__PIPE__L4": "off",
      "__PARA__L4": 1,
      "__PIPE__L5": "off",
      "__PARA__L5": 4
    },
    "res_util": {
      "util-URAM": 0.0,
      "util-BRAM": 0.0,
      "util-DSP": 0.0,
      "util-LUT": 0.6095242928677764,
      "util-FF": 0.08725075562773492,
      "total-URAM": 0,
      "total-BRAM": 0,
      "total-DSP": 0,
      "total-LUT": 540453,
      "total-FF": 154727
    },
    "valid": true
  },
  "__PARA__L4-1.__PARA__L5-4.__PIPE__L4-off.__PIPE__L5-   ": {
    "perf": 1139.0,
    "point": {
      "__PIPE__L4": "off",
      "__PARA__L4": 1,
      "__PIPE__L5": "   ",
      "__PARA__L5": 4
    },
    "res_util": {
      "util-URAM": 0.0,
      "util-BRAM": 0.0,
      "util-DSP": 0.0,
      "util-LUT": 0.43415550142103126,
      "util-FF": 0.04344351964632111,
      "total-URAM": 0,
      "total-BRAM": 0,
      "total-DSP": 0,
      "total-LUT": 384957,
      "total-FF": 77041
    },
    "valid": true
  },
  "__PARA__L4-1.__PARA__L5-8.__PIPE__L4-off.__PIPE__L5-off": {
    "perf": 956.0,
    "point": {
      "__PIPE__L4": "off",
      "__PARA__L4": 1,
      "__PIPE__L5": "off",
      "__PARA__L5": 8
    },
    "res_util": {
      "util-URAM": 0.0,
      "util-BRAM": 0.0,
      "util-DSP": 0.0,
      "util-LUT": 0.6095242928677764,
      "util-FF": 0.08725075562773492,
      "total-URAM": 0,
      "total-BRAM": 0,
      "total-DSP": 0,
      "total-LUT": 540453,
      "total-FF": 154727
    },
    "valid": true
  },
  "__PARA__L4-1.__PARA__L5-8.__PIPE__L4-off.__PIPE__L5-   ": {
    "perf": 1139.0,
    "point": {
      "__PIPE__L4": "off",
      "__PARA__L4": 1,
      "__PIPE__L5": "   ",
      "__PARA__L5": 8
    },
    "res_util": {
      "util-URAM": 0.0,
      "util-BRAM": 0.0,
      "util-DSP": 0.0,
      "util-LUT": 0.43415550142103126,
      "util-FF": 0.04344351964632111,
      "total-URAM": 0,
      "total-BRAM": 0,
      "total-DSP": 0,
      "total-LUT": 384957,
      "total-FF": 77041
    },
    "valid": true
  },
  "__PARA__L4-1.__PARA__L5-13.__PIPE__L4-off.__PIPE__L5-off": {
    "perf": 956.0,
    "point": {
      "__PIPE__L4": "off",
      "__PARA__L4": 1,
      "__PIPE__L5": "off",
      "__PARA__L5": 13
    },
    "res_util": {
      "util-URAM": 0.0,
      "util-BRAM": 0.0,
      "util-DSP": 0.0,
      "util-LUT": 0.6095242928677764,
      "util-FF": 0.08725075562773492,
      "total-URAM": 0,
      "total-BRAM": 0,
      "total-DSP": 0,
      "total-LUT": 540453,
      "total-FF": 154727
    },
    "valid": true
  },
  "__PARA__L4-1.__PARA__L5-13.__PIPE__L4-off.__PIPE__L5-   ": {
    "perf": 1139.0,
    "point": {
      "__PIPE__L4": "off",
      "__PARA__L4": 1,
      "__PIPE__L5": "   ",
      "__PARA__L5": 13
    },
    "res_util": {
      "util-URAM": 0.0,
      "util-BRAM": 0.0,
      "util-DSP": 0.0,
      "util-LUT": 0.43415550142103126,
      "util-FF": 0.04344351964632111,
      "total-URAM": 0,
      "total-BRAM": 0,
      "total-DSP": 0,
      "total-LUT": 384957,
      "total-FF": 77041
    },
    "valid": true
  },
  "__PARA__L4-2.__PARA__L5-1.__PIPE__L4-off.__PIPE__L5-NA": {
    "perf": 956.0,
    "point": {
      "__PIPE__L4": "off",
      "__PARA__L4": 2,
      "__PIPE__L5": "",
      "__PARA__L5": 1
    },
    "res_util": {
      "util-URAM": 0.0,
      "util-BRAM": 0.0,
      "util-DSP": 0.0,
      "util-LUT": 0.6095242928677764,
      "util-FF": 0.08725075562773492,
      "total-URAM": 0,
      "total-BRAM": 0,
      "total-DSP": 0,
      "total-LUT": 540453,
      "total-FF": 154727
    },
    "valid": true
  },
  "__PARA__L4-2.__PARA__L5-1.__PIPE__L4-   .__PIPE__L5-NA": {
    "perf": 830.0,
    "point": {
      "__PIPE__L4": "   ",
      "__PARA__L4": 2,
      "__PIPE__L5": "",
      "__PARA__L5": 1
    },
    "res_util": {
      "util-URAM": 0.0,
      "util-BRAM": 0.0,
      "util-DSP": 0.0,
      "util-LUT": 0.40665516308025446,
      "util-FF": 0.03972628231154419,
      "total-URAM": 0,
      "total-BRAM": 0,
      "total-DSP": 0,
      "total-LUT": 360573,
      "total-FF": 70449
    },
    "valid": true
  },
  "__PARA__L4-2.__PARA__L5-2.__PIPE__L4-   .__PIPE__L5-NA": {
    "perf": 830.0,
    "point": {
      "__PIPE__L4": "   ",
      "__PARA__L4": 2,
      "__PIPE__L5": "",
      "__PARA__L5": 2
    },
    "res_util": {
      "util-URAM": 0.0,
      "util-BRAM": 0.0,
      "util-DSP": 0.0,
      "util-LUT": 0.40665516308025446,
      "util-FF": 0.03972628231154419,
      "total-URAM": 0,
      "total-BRAM": 0,
      "total-DSP": 0,
      "total-LUT": 360573,
      "total-FF": 70449
    },
    "valid": true
  },
  "__PARA__L4-2.__PARA__L5-4.__PIPE__L4-   .__PIPE__L5-NA": {
    "perf": 830.0,
    "point": {
      "__PIPE__L4": "   ",
      "__PARA__L4": 2,
      "__PIPE__L5": "",
      "__PARA__L5": 4
    },
    "res_util": {
      "util-URAM": 0.0,
      "util-BRAM": 0.0,
      "util-DSP": 0.0,
      "util-LUT": 0.40665516308025446,
      "util-FF": 0.03972628231154419,
      "total-URAM": 0,
      "total-BRAM": 0,
      "total-DSP": 0,
      "total-LUT": 360573,
      "total-FF": 70449
    },
    "valid": true
  },
  "__PARA__L4-2.__PARA__L5-8.__PIPE__L4-   .__PIPE__L5-NA": {
    "perf": 830.0,
    "point": {
      "__PIPE__L4": "   ",
      "__PARA__L4": 2,
      "__PIPE__L5": "",
      "__PARA__L5": 8
    },
    "res_util": {
      "util-URAM": 0.0,
      "util-BRAM": 0.0,
      "util-DSP": 0.0,
      "util-LUT": 0.40665516308025446,
      "util-FF": 0.03972628231154419,
      "total-URAM": 0,
      "total-BRAM": 0,
      "total-DSP": 0,
      "total-LUT": 360573,
      "total-FF": 70449
    },
    "valid": true
  },
  "__PARA__L4-2.__PARA__L5-13.__PIPE__L4-   .__PIPE__L5-NA": {
    "perf": 830.0,
    "point": {
      "__PIPE__L4": "   ",
      "__PARA__L4": 2,
      "__PIPE__L5": "",
      "__PARA__L5": 13
    },
    "res_util": {
      "util-URAM": 0.0,
      "util-BRAM": 0.0,
      "util-DSP": 0.0,
      "util-LUT": 0.40665516308025446,
      "util-FF": 0.03972628231154419,
      "total-URAM": 0,
      "total-BRAM": 0,
      "total-DSP": 0,
      "total-LUT": 360573,
      "total-FF": 70449
    },
    "valid": true
  },
  "__PARA__L4-2.__PARA__L5-1.__PIPE__L4-   .__PIPE__L5-off": {
    "perf": 830.0,
    "point": {
      "__PIPE__L4": "   ",
      "__PARA__L4": 2,
      "__PIPE__L5": "off",
      "__PARA__L5": 1
    },
    "res_util": {
      "util-URAM": 0.0,
      "util-BRAM": 0.0,
      "util-DSP": 0.0,
      "util-LUT": 0.40665516308025446,
      "util-FF": 0.03972628231154419,
      "total-URAM": 0,
      "total-BRAM": 0,
      "total-DSP": 0,
      "total-LUT": 360573,
      "total-FF": 70449
    },
    "valid": true
  },
  "__PARA__L4-2.__PARA__L5-1.__PIPE__L4-   .__PIPE__L5-   ": {
    "perf": 1139.0,
    "point": {
      "__PIPE__L4": "   ",
      "__PARA__L4": 2,
      "__PIPE__L5": "   ",
      "__PARA__L5": 1
    },
    "res_util": {
      "util-URAM": 0.0,
      "util-BRAM": 0.0,
      "util-DSP": 0.0,
      "util-LUT": 0.43415550142103126,
      "util-FF": 0.04344351964632111,
      "total-URAM": 0,
      "total-BRAM": 0,
      "total-DSP": 0,
      "total-LUT": 384957,
      "total-FF": 77041
    },
    "valid": true
  },
  "__PARA__L4-2.__PARA__L5-2.__PIPE__L4-   .__PIPE__L5-off": {
    "perf": 830.0,
    "point": {
      "__PIPE__L4": "   ",
      "__PARA__L4": 2,
      "__PIPE__L5": "off",
      "__PARA__L5": 2
    },
    "res_util": {
      "util-URAM": 0.0,
      "util-BRAM": 0.0,
      "util-DSP": 0.0,
      "util-LUT": 0.40665516308025446,
      "util-FF": 0.03972628231154419,
      "total-URAM": 0,
      "total-BRAM": 0,
      "total-DSP": 0,
      "total-LUT": 360573,
      "total-FF": 70449
    },
    "valid": true
  },
  "__PARA__L4-2.__PARA__L5-2.__PIPE__L4-   .__PIPE__L5-   ": {
    "perf": 1139.0,
    "point": {
      "__PIPE__L4": "   ",
      "__PARA__L4": 2,
      "__PIPE__L5": "   ",
      "__PARA__L5": 2
    },
    "res_util": {
      "util-URAM": 0.0,
      "util-BRAM": 0.0,
      "util-DSP": 0.0,
      "util-LUT": 0.43415550142103126,
      "util-FF": 0.04344351964632111,
      "total-URAM": 0,
      "total-BRAM": 0,
      "total-DSP": 0,
      "total-LUT": 384957,
      "total-FF": 77041
    },
    "valid": true
  },
  "__PARA__L4-2.__PARA__L5-4.__PIPE__L4-   .__PIPE__L5-off": {
    "perf": 830.0,
    "point": {
      "__PIPE__L4": "   ",
      "__PARA__L4": 2,
      "__PIPE__L5": "off",
      "__PARA__L5": 4
    },
    "res_util": {
      "util-URAM": 0.0,
      "util-BRAM": 0.0,
      "util-DSP": 0.0,
      "util-LUT": 0.40665516308025446,
      "util-FF": 0.03972628231154419,
      "total-URAM": 0,
      "total-BRAM": 0,
      "total-DSP": 0,
      "total-LUT": 360573,
      "total-FF": 70449
    },
    "valid": true
  },
  "__PARA__L4-2.__PARA__L5-4.__PIPE__L4-   .__PIPE__L5-   ": {
    "perf": 1139.0,
    "point": {
      "__PIPE__L4": "   ",
      "__PARA__L4": 2,
      "__PIPE__L5": "   ",
      "__PARA__L5": 4
    },
    "res_util": {
      "util-URAM": 0.0,
      "util-BRAM": 0.0,
      "util-DSP": 0.0,
      "util-LUT": 0.43415550142103126,
      "util-FF": 0.04344351964632111,
      "total-URAM": 0,
      "total-BRAM": 0,
      "total-DSP": 0,
      "total-LUT": 384957,
      "total-FF": 77041
    },
    "valid": true
  },
  "__PARA__L4-2.__PARA__L5-8.__PIPE__L4-   .__PIPE__L5-off": {
    "perf": 830.0,
    "point": {
      "__PIPE__L4": "   ",
      "__PARA__L4": 2,
      "__PIPE__L5": "off",
      "__PARA__L5": 8
    },
    "res_util": {
      "util-URAM": 0.0,
      "util-BRAM": 0.0,
      "util-DSP": 0.0,
      "util-LUT": 0.40665516308025446,
      "util-FF": 0.03972628231154419,
      "total-URAM": 0,
      "total-BRAM": 0,
      "total-DSP": 0,
      "total-LUT": 360573,
      "total-FF": 70449
    },
    "valid": true
  },
  "__PARA__L4-2.__PARA__L5-8.__PIPE__L4-   .__PIPE__L5-   ": {
    "perf": 1139.0,
    "point": {
      "__PIPE__L4": "   ",
      "__PARA__L4": 2,
      "__PIPE__L5": "   ",
      "__PARA__L5": 8
    },
    "res_util": {
      "util-URAM": 0.0,
      "util-BRAM": 0.0,
      "util-DSP": 0.0,
      "util-LUT": 0.43415550142103126,
      "util-FF": 0.04344351964632111,
      "total-URAM": 0,
      "total-BRAM": 0,
      "total-DSP": 0,
      "total-LUT": 384957,
      "total-FF": 77041
    },
    "valid": true
  },
  "__PARA__L4-2.__PARA__L5-13.__PIPE__L4-   .__PIPE__L5-off": {
    "perf": 830.0,
    "point": {
      "__PIPE__L4": "   ",
      "__PARA__L4": 2,
      "__PIPE__L5": "off",
      "__PARA__L5": 13
    },
    "res_util": {
      "util-URAM": 0.0,
      "util-BRAM": 0.0,
      "util-DSP": 0.0,
      "util-LUT": 0.40665516308025446,
      "util-FF": 0.03972628231154419,
      "total-URAM": 0,
      "total-BRAM": 0,
      "total-DSP": 0,
      "total-LUT": 360573,
      "total-FF": 70449
    },
    "valid": true
  },
  "__PARA__L4-2.__PARA__L5-13.__PIPE__L4-   .__PIPE__L5-   ": {
    "perf": 1139.0,
    "point": {
      "__PIPE__L4": "   ",
      "__PARA__L4": 2,
      "__PIPE__L5": "   ",
      "__PARA__L5": 13
    },
    "res_util": {
      "util-URAM": 0.0,
      "util-BRAM": 0.0,
      "util-DSP": 0.0,
      "util-LUT": 0.43415550142103126,
      "util-FF": 0.04344351964632111,
      "total-URAM": 0,
      "total-BRAM": 0,
      "total-DSP": 0,
      "total-LUT": 384957,
      "total-FF": 77041
    },
    "valid": true
  },
  "__PARA__L4-2.__PARA__L5-2.__PIPE__L4-off.__PIPE__L5-NA": {
    "perf": 956.0,
    "point": {
      "__PIPE__L4": "off",
      "__PARA__L4": 2,
      "__PIPE__L5": "",
      "__PARA__L5": 2
    },
    "res_util": {
      "util-URAM": 0.0,
      "util-BRAM": 0.0,
      "util-DSP": 0.0,
      "util-LUT": 0.6095242928677764,
      "util-FF": 0.08725075562773492,
      "total-URAM": 0,
      "total-BRAM": 0,
      "total-DSP": 0,
      "total-LUT": 540453,
      "total-FF": 154727
    },
    "valid": true
  },
  "__PARA__L4-2.__PARA__L5-4.__PIPE__L4-off.__PIPE__L5-NA": {
    "perf": 956.0,
    "point": {
      "__PIPE__L4": "off",
      "__PARA__L4": 2,
      "__PIPE__L5": "",
      "__PARA__L5": 4
    },
    "res_util": {
      "util-URAM": 0.0,
      "util-BRAM": 0.0,
      "util-DSP": 0.0,
      "util-LUT": 0.6095242928677764,
      "util-FF": 0.08725075562773492,
      "total-URAM": 0,
      "total-BRAM": 0,
      "total-DSP": 0,
      "total-LUT": 540453,
      "total-FF": 154727
    },
    "valid": true
  },
  "__PARA__L4-2.__PARA__L5-8.__PIPE__L4-off.__PIPE__L5-NA": {
    "perf": 956.0,
    "point": {
      "__PIPE__L4": "off",
      "__PARA__L4": 2,
      "__PIPE__L5": "",
      "__PARA__L5": 8
    },
    "res_util": {
      "util-URAM": 0.0,
      "util-BRAM": 0.0,
      "util-DSP": 0.0,
      "util-LUT": 0.6095242928677764,
      "util-FF": 0.08725075562773492,
      "total-URAM": 0,
      "total-BRAM": 0,
      "total-DSP": 0,
      "total-LUT": 540453,
      "total-FF": 154727
    },
    "valid": true
  },
  "__PARA__L4-2.__PARA__L5-13.__PIPE__L4-off.__PIPE__L5-NA": {
    "perf": 956.0,
    "point": {
      "__PIPE__L4": "off",
      "__PARA__L4": 2,
      "__PIPE__L5": "",
      "__PARA__L5": 13
    },
    "res_util": {
      "util-URAM": 0.0,
      "util-BRAM": 0.0,
      "util-DSP": 0.0,
      "util-LUT": 0.6095242928677764,
      "util-FF": 0.08725075562773492,
      "total-URAM": 0,
      "total-BRAM": 0,
      "total-DSP": 0,
      "total-LUT": 540453,
      "total-FF": 154727
    },
    "valid": true
  },
  "__PARA__L4-2.__PARA__L5-1.__PIPE__L4-off.__PIPE__L5-off": {
    "perf": 956.0,
    "point": {
      "__PIPE__L4": "off",
      "__PARA__L4": 2,
      "__PIPE__L5": "off",
      "__PARA__L5": 1
    },
    "res_util": {
      "util-URAM": 0.0,
      "util-BRAM": 0.0,
      "util-DSP": 0.0,
      "util-LUT": 0.6095242928677764,
      "util-FF": 0.08725075562773492,
      "total-URAM": 0,
      "total-BRAM": 0,
      "total-DSP": 0,
      "total-LUT": 540453,
      "total-FF": 154727
    },
    "valid": true
  },
  "__PARA__L4-2.__PARA__L5-1.__PIPE__L4-off.__PIPE__L5-   ": {
    "perf": 1139.0,
    "point": {
      "__PIPE__L4": "off",
      "__PARA__L4": 2,
      "__PIPE__L5": "   ",
      "__PARA__L5": 1
    },
    "res_util": {
      "util-URAM": 0.0,
      "util-BRAM": 0.0,
      "util-DSP": 0.0,
      "util-LUT": 0.43415550142103126,
      "util-FF": 0.04344351964632111,
      "total-URAM": 0,
      "total-BRAM": 0,
      "total-DSP": 0,
      "total-LUT": 384957,
      "total-FF": 77041
    },
    "valid": true
  },
  "__PARA__L4-2.__PARA__L5-2.__PIPE__L4-off.__PIPE__L5-off": {
    "perf": 956.0,
    "point": {
      "__PIPE__L4": "off",
      "__PARA__L4": 2,
      "__PIPE__L5": "off",
      "__PARA__L5": 2
    },
    "res_util": {
      "util-URAM": 0.0,
      "util-BRAM": 0.0,
      "util-DSP": 0.0,
      "util-LUT": 0.6095242928677764,
      "util-FF": 0.08725075562773492,
      "total-URAM": 0,
      "total-BRAM": 0,
      "total-DSP": 0,
      "total-LUT": 540453,
      "total-FF": 154727
    },
    "valid": true
  },
  "__PARA__L4-2.__PARA__L5-2.__PIPE__L4-off.__PIPE__L5-   ": {
    "perf": 1139.0,
    "point": {
      "__PIPE__L4": "off",
      "__PARA__L4": 2,
      "__PIPE__L5": "   ",
      "__PARA__L5": 2
    },
    "res_util": {
      "util-URAM": 0.0,
      "util-BRAM": 0.0,
      "util-DSP": 0.0,
      "util-LUT": 0.43415550142103126,
      "util-FF": 0.04344351964632111,
      "total-URAM": 0,
      "total-BRAM": 0,
      "total-DSP": 0,
      "total-LUT": 384957,
      "total-FF": 77041
    },
    "valid": true
  },
  "__PARA__L4-2.__PARA__L5-4.__PIPE__L4-off.__PIPE__L5-off": {
    "perf": 956.0,
    "point": {
      "__PIPE__L4": "off",
      "__PARA__L4": 2,
      "__PIPE__L5": "off",
      "__PARA__L5": 4
    },
    "res_util": {
      "util-URAM": 0.0,
      "util-BRAM": 0.0,
      "util-DSP": 0.0,
      "util-LUT": 0.6095242928677764,
      "util-FF": 0.08725075562773492,
      "total-URAM": 0,
      "total-BRAM": 0,
      "total-DSP": 0,
      "total-LUT": 540453,
      "total-FF": 154727
    },
    "valid": true
  },
  "__PARA__L4-2.__PARA__L5-4.__PIPE__L4-off.__PIPE__L5-   ": {
    "perf": 1139.0,
    "point": {
      "__PIPE__L4": "off",
      "__PARA__L4": 2,
      "__PIPE__L5": "   ",
      "__PARA__L5": 4
    },
    "res_util": {
      "util-URAM": 0.0,
      "util-BRAM": 0.0,
      "util-DSP": 0.0,
      "util-LUT": 0.43415550142103126,
      "util-FF": 0.04344351964632111,
      "total-URAM": 0,
      "total-BRAM": 0,
      "total-DSP": 0,
      "total-LUT": 384957,
      "total-FF": 77041
    },
    "valid": true
  },
  "__PARA__L4-2.__PARA__L5-8.__PIPE__L4-off.__PIPE__L5-off": {
    "perf": 956.0,
    "point": {
      "__PIPE__L4": "off",
      "__PARA__L4": 2,
      "__PIPE__L5": "off",
      "__PARA__L5": 8
    },
    "res_util": {
      "util-URAM": 0.0,
      "util-BRAM": 0.0,
      "util-DSP": 0.0,
      "util-LUT": 0.6095242928677764,
      "util-FF": 0.08725075562773492,
      "total-URAM": 0,
      "total-BRAM": 0,
      "total-DSP": 0,
      "total-LUT": 540453,
      "total-FF": 154727
    },
    "valid": true
  },
  "__PARA__L4-2.__PARA__L5-8.__PIPE__L4-off.__PIPE__L5-   ": {
    "perf": 1139.0,
    "point": {
      "__PIPE__L4": "off",
      "__PARA__L4": 2,
      "__PIPE__L5": "   ",
      "__PARA__L5": 8
    },
    "res_util": {
      "util-URAM": 0.0,
      "util-BRAM": 0.0,
      "util-DSP": 0.0,
      "util-LUT": 0.43415550142103126,
      "util-FF": 0.04344351964632111,
      "total-URAM": 0,
      "total-BRAM": 0,
      "total-DSP": 0,
      "total-LUT": 384957,
      "total-FF": 77041
    },
    "valid": true
  },
  "__PARA__L4-2.__PARA__L5-13.__PIPE__L4-off.__PIPE__L5-off": {
    "perf": 956.0,
    "point": {
      "__PIPE__L4": "off",
      "__PARA__L4": 2,
      "__PIPE__L5": "off",
      "__PARA__L5": 13
    },
    "res_util": {
      "util-URAM": 0.0,
      "util-BRAM": 0.0,
      "util-DSP": 0.0,
      "util-LUT": 0.6095242928677764,
      "util-FF": 0.08725075562773492,
      "total-URAM": 0,
      "total-BRAM": 0,
      "total-DSP": 0,
      "total-LUT": 540453,
      "total-FF": 154727
    },
    "valid": true
  },
  "__PARA__L4-2.__PARA__L5-13.__PIPE__L4-off.__PIPE__L5-   ": {
    "perf": 1139.0,
    "point": {
      "__PIPE__L4": "off",
      "__PARA__L4": 2,
      "__PIPE__L5": "   ",
      "__PARA__L5": 13
    },
    "res_util": {
      "util-URAM": 0.0,
      "util-BRAM": 0.0,
      "util-DSP": 0.0,
      "util-LUT": 0.43415550142103126,
      "util-FF": 0.04344351964632111,
      "total-URAM": 0,
      "total-BRAM": 0,
      "total-DSP": 0,
      "total-LUT": 384957,
      "total-FF": 77041
    },
    "valid": true
  },
  "__PARA__L4-4.__PARA__L5-1.__PIPE__L4-off.__PIPE__L5-NA": {
    "perf": 956.0,
    "point": {
      "__PIPE__L4": "off",
      "__PARA__L4": 4,
      "__PIPE__L5": "",
      "__PARA__L5": 1
    },
    "res_util": {
      "util-URAM": 0.0,
      "util-BRAM": 0.0,
      "util-DSP": 0.0,
      "util-LUT": 0.6095242928677764,
      "util-FF": 0.08725075562773492,
      "total-URAM": 0,
      "total-BRAM": 0,
      "total-DSP": 0,
      "total-LUT": 540453,
      "total-FF": 154727
    },
    "valid": true
  },
  "__PARA__L4-4.__PARA__L5-1.__PIPE__L4-   .__PIPE__L5-NA": {
    "perf": 830.0,
    "point": {
      "__PIPE__L4": "   ",
      "__PARA__L4": 4,
      "__PIPE__L5": "",
      "__PARA__L5": 1
    },
    "res_util": {
      "util-URAM": 0.0,
      "util-BRAM": 0.0,
      "util-DSP": 0.0,
      "util-LUT": 0.40665516308025446,
      "util-FF": 0.03972628231154419,
      "total-URAM": 0,
      "total-BRAM": 0,
      "total-DSP": 0,
      "total-LUT": 360573,
      "total-FF": 70449
    },
    "valid": true
  },
  "__PARA__L4-4.__PARA__L5-2.__PIPE__L4-   .__PIPE__L5-NA": {
    "perf": 830.0,
    "point": {
      "__PIPE__L4": "   ",
      "__PARA__L4": 4,
      "__PIPE__L5": "",
      "__PARA__L5": 2
    },
    "res_util": {
      "util-URAM": 0.0,
      "util-BRAM": 0.0,
      "util-DSP": 0.0,
      "util-LUT": 0.40665516308025446,
      "util-FF": 0.03972628231154419,
      "total-URAM": 0,
      "total-BRAM": 0,
      "total-DSP": 0,
      "total-LUT": 360573,
      "total-FF": 70449
    },
    "valid": true
  },
  "__PARA__L4-4.__PARA__L5-4.__PIPE__L4-   .__PIPE__L5-NA": {
    "perf": 830.0,
    "point": {
      "__PIPE__L4": "   ",
      "__PARA__L4": 4,
      "__PIPE__L5": "",
      "__PARA__L5": 4
    },
    "res_util": {
      "util-URAM": 0.0,
      "util-BRAM": 0.0,
      "util-DSP": 0.0,
      "util-LUT": 0.40665516308025446,
      "util-FF": 0.03972628231154419,
      "total-URAM": 0,
      "total-BRAM": 0,
      "total-DSP": 0,
      "total-LUT": 360573,
      "total-FF": 70449
    },
    "valid": true
  },
  "__PARA__L4-4.__PARA__L5-8.__PIPE__L4-   .__PIPE__L5-NA": {
    "perf": 830.0,
    "point": {
      "__PIPE__L4": "   ",
      "__PARA__L4": 4,
      "__PIPE__L5": "",
      "__PARA__L5": 8
    },
    "res_util": {
      "util-URAM": 0.0,
      "util-BRAM": 0.0,
      "util-DSP": 0.0,
      "util-LUT": 0.40665516308025446,
      "util-FF": 0.03972628231154419,
      "total-URAM": 0,
      "total-BRAM": 0,
      "total-DSP": 0,
      "total-LUT": 360573,
      "total-FF": 70449
    },
    "valid": true
  },
  "__PARA__L4-4.__PARA__L5-13.__PIPE__L4-   .__PIPE__L5-NA": {
    "perf": 830.0,
    "point": {
      "__PIPE__L4": "   ",
      "__PARA__L4": 4,
      "__PIPE__L5": "",
      "__PARA__L5": 13
    },
    "res_util": {
      "util-URAM": 0.0,
      "util-BRAM": 0.0,
      "util-DSP": 0.0,
      "util-LUT": 0.40665516308025446,
      "util-FF": 0.03972628231154419,
      "total-URAM": 0,
      "total-BRAM": 0,
      "total-DSP": 0,
      "total-LUT": 360573,
      "total-FF": 70449
    },
    "valid": true
  },
  "__PARA__L4-4.__PARA__L5-1.__PIPE__L4-   .__PIPE__L5-off": {
    "perf": 830.0,
    "point": {
      "__PIPE__L4": "   ",
      "__PARA__L4": 4,
      "__PIPE__L5": "off",
      "__PARA__L5": 1
    },
    "res_util": {
      "util-URAM": 0.0,
      "util-BRAM": 0.0,
      "util-DSP": 0.0,
      "util-LUT": 0.40665516308025446,
      "util-FF": 0.03972628231154419,
      "total-URAM": 0,
      "total-BRAM": 0,
      "total-DSP": 0,
      "total-LUT": 360573,
      "total-FF": 70449
    },
    "valid": true
  },
  "__PARA__L4-4.__PARA__L5-1.__PIPE__L4-   .__PIPE__L5-   ": {
    "perf": 1139.0,
    "point": {
      "__PIPE__L4": "   ",
      "__PARA__L4": 4,
      "__PIPE__L5": "   ",
      "__PARA__L5": 1
    },
    "res_util": {
      "util-URAM": 0.0,
      "util-BRAM": 0.0,
      "util-DSP": 0.0,
      "util-LUT": 0.43415550142103126,
      "util-FF": 0.04344351964632111,
      "total-URAM": 0,
      "total-BRAM": 0,
      "total-DSP": 0,
      "total-LUT": 384957,
      "total-FF": 77041
    },
    "valid": true
  },
  "__PARA__L4-4.__PARA__L5-2.__PIPE__L4-   .__PIPE__L5-off": {
    "perf": 830.0,
    "point": {
      "__PIPE__L4": "   ",
      "__PARA__L4": 4,
      "__PIPE__L5": "off",
      "__PARA__L5": 2
    },
    "res_util": {
      "util-URAM": 0.0,
      "util-BRAM": 0.0,
      "util-DSP": 0.0,
      "util-LUT": 0.40665516308025446,
      "util-FF": 0.03972628231154419,
      "total-URAM": 0,
      "total-BRAM": 0,
      "total-DSP": 0,
      "total-LUT": 360573,
      "total-FF": 70449
    },
    "valid": true
  },
  "__PARA__L4-4.__PARA__L5-2.__PIPE__L4-   .__PIPE__L5-   ": {
    "perf": 1139.0,
    "point": {
      "__PIPE__L4": "   ",
      "__PARA__L4": 4,
      "__PIPE__L5": "   ",
      "__PARA__L5": 2
    },
    "res_util": {
      "util-URAM": 0.0,
      "util-BRAM": 0.0,
      "util-DSP": 0.0,
      "util-LUT": 0.43415550142103126,
      "util-FF": 0.04344351964632111,
      "total-URAM": 0,
      "total-BRAM": 0,
      "total-DSP": 0,
      "total-LUT": 384957,
      "total-FF": 77041
    },
    "valid": true
  },
  "__PARA__L4-4.__PARA__L5-4.__PIPE__L4-   .__PIPE__L5-off": {
    "perf": 830.0,
    "point": {
      "__PIPE__L4": "   ",
      "__PARA__L4": 4,
      "__PIPE__L5": "off",
      "__PARA__L5": 4
    },
    "res_util": {
      "util-URAM": 0.0,
      "util-BRAM": 0.0,
      "util-DSP": 0.0,
      "util-LUT": 0.40665516308025446,
      "util-FF": 0.03972628231154419,
      "total-URAM": 0,
      "total-BRAM": 0,
      "total-DSP": 0,
      "total-LUT": 360573,
      "total-FF": 70449
    },
    "valid": true
  },
  "__PARA__L4-4.__PARA__L5-4.__PIPE__L4-   .__PIPE__L5-   ": {
    "perf": 1139.0,
    "point": {
      "__PIPE__L4": "   ",
      "__PARA__L4": 4,
      "__PIPE__L5": "   ",
      "__PARA__L5": 4
    },
    "res_util": {
      "util-URAM": 0.0,
      "util-BRAM": 0.0,
      "util-DSP": 0.0,
      "util-LUT": 0.43415550142103126,
      "util-FF": 0.04344351964632111,
      "total-URAM": 0,
      "total-BRAM": 0,
      "total-DSP": 0,
      "total-LUT": 384957,
      "total-FF": 77041
    },
    "valid": true
  },
  "__PARA__L4-4.__PARA__L5-8.__PIPE__L4-   .__PIPE__L5-off": {
    "perf": 830.0,
    "point": {
      "__PIPE__L4": "   ",
      "__PARA__L4": 4,
      "__PIPE__L5": "off",
      "__PARA__L5": 8
    },
    "res_util": {
      "util-URAM": 0.0,
      "util-BRAM": 0.0,
      "util-DSP": 0.0,
      "util-LUT": 0.40665516308025446,
      "util-FF": 0.03972628231154419,
      "total-URAM": 0,
      "total-BRAM": 0,
      "total-DSP": 0,
      "total-LUT": 360573,
      "total-FF": 70449
    },
    "valid": true
  },
  "__PARA__L4-4.__PARA__L5-8.__PIPE__L4-   .__PIPE__L5-   ": {
    "perf": 1139.0,
    "point": {
      "__PIPE__L4": "   ",
      "__PARA__L4": 4,
      "__PIPE__L5": "   ",
      "__PARA__L5": 8
    },
    "res_util": {
      "util-URAM": 0.0,
      "util-BRAM": 0.0,
      "util-DSP": 0.0,
      "util-LUT": 0.43415550142103126,
      "util-FF": 0.04344351964632111,
      "total-URAM": 0,
      "total-BRAM": 0,
      "total-DSP": 0,
      "total-LUT": 384957,
      "total-FF": 77041
    },
    "valid": true
  },
  "__PARA__L4-4.__PARA__L5-13.__PIPE__L4-   .__PIPE__L5-off": {
    "perf": 830.0,
    "point": {
      "__PIPE__L4": "   ",
      "__PARA__L4": 4,
      "__PIPE__L5": "off",
      "__PARA__L5": 13
    },
    "res_util": {
      "util-URAM": 0.0,
      "util-BRAM": 0.0,
      "util-DSP": 0.0,
      "util-LUT": 0.40665516308025446,
      "util-FF": 0.03972628231154419,
      "total-URAM": 0,
      "total-BRAM": 0,
      "total-DSP": 0,
      "total-LUT": 360573,
      "total-FF": 70449
    },
    "valid": true
  },
  "__PARA__L4-4.__PARA__L5-13.__PIPE__L4-   .__PIPE__L5-   ": {
    "perf": 1139.0,
    "point": {
      "__PIPE__L4": "   ",
      "__PARA__L4": 4,
      "__PIPE__L5": "   ",
      "__PARA__L5": 13
    },
    "res_util": {
      "util-URAM": 0.0,
      "util-BRAM": 0.0,
      "util-DSP": 0.0,
      "util-LUT": 0.43415550142103126,
      "util-FF": 0.04344351964632111,
      "total-URAM": 0,
      "total-BRAM": 0,
      "total-DSP": 0,
      "total-LUT": 384957,
      "total-FF": 77041
    },
    "valid": true
  },
  "__PARA__L4-4.__PARA__L5-2.__PIPE__L4-off.__PIPE__L5-NA": {
    "perf": 956.0,
    "point": {
      "__PIPE__L4": "off",
      "__PARA__L4": 4,
      "__PIPE__L5": "",
      "__PARA__L5": 2
    },
    "res_util": {
      "util-URAM": 0.0,
      "util-BRAM": 0.0,
      "util-DSP": 0.0,
      "util-LUT": 0.6095242928677764,
      "util-FF": 0.08725075562773492,
      "total-URAM": 0,
      "total-BRAM": 0,
      "total-DSP": 0,
      "total-LUT": 540453,
      "total-FF": 154727
    },
    "valid": true
  },
  "__PARA__L4-4.__PARA__L5-4.__PIPE__L4-off.__PIPE__L5-NA": {
    "perf": 956.0,
    "point": {
      "__PIPE__L4": "off",
      "__PARA__L4": 4,
      "__PIPE__L5": "",
      "__PARA__L5": 4
    },
    "res_util": {
      "util-URAM": 0.0,
      "util-BRAM": 0.0,
      "util-DSP": 0.0,
      "util-LUT": 0.6095242928677764,
      "util-FF": 0.08725075562773492,
      "total-URAM": 0,
      "total-BRAM": 0,
      "total-DSP": 0,
      "total-LUT": 540453,
      "total-FF": 154727
    },
    "valid": true
  },
  "__PARA__L4-4.__PARA__L5-8.__PIPE__L4-off.__PIPE__L5-NA": {
    "perf": 956.0,
    "point": {
      "__PIPE__L4": "off",
      "__PARA__L4": 4,
      "__PIPE__L5": "",
      "__PARA__L5": 8
    },
    "res_util": {
      "util-URAM": 0.0,
      "util-BRAM": 0.0,
      "util-DSP": 0.0,
      "util-LUT": 0.6095242928677764,
      "util-FF": 0.08725075562773492,
      "total-URAM": 0,
      "total-BRAM": 0,
      "total-DSP": 0,
      "total-LUT": 540453,
      "total-FF": 154727
    },
    "valid": true
  },
  "__PARA__L4-4.__PARA__L5-13.__PIPE__L4-off.__PIPE__L5-NA": {
    "perf": 956.0,
    "point": {
      "__PIPE__L4": "off",
      "__PARA__L4": 4,
      "__PIPE__L5": "",
      "__PARA__L5": 13
    },
    "res_util": {
      "util-URAM": 0.0,
      "util-BRAM": 0.0,
      "util-DSP": 0.0,
      "util-LUT": 0.6095242928677764,
      "util-FF": 0.08725075562773492,
      "total-URAM": 0,
      "total-BRAM": 0,
      "total-DSP": 0,
      "total-LUT": 540453,
      "total-FF": 154727
    },
    "valid": true
  },
  "__PARA__L4-4.__PARA__L5-1.__PIPE__L4-off.__PIPE__L5-off": {
    "perf": 956.0,
    "point": {
      "__PIPE__L4": "off",
      "__PARA__L4": 4,
      "__PIPE__L5": "off",
      "__PARA__L5": 1
    },
    "res_util": {
      "util-URAM": 0.0,
      "util-BRAM": 0.0,
      "util-DSP": 0.0,
      "util-LUT": 0.6095242928677764,
      "util-FF": 0.08725075562773492,
      "total-URAM": 0,
      "total-BRAM": 0,
      "total-DSP": 0,
      "total-LUT": 540453,
      "total-FF": 154727
    },
    "valid": true
  },
  "__PARA__L4-4.__PARA__L5-1.__PIPE__L4-off.__PIPE__L5-   ": {
    "perf": 1139.0,
    "point": {
      "__PIPE__L4": "off",
      "__PARA__L4": 4,
      "__PIPE__L5": "   ",
      "__PARA__L5": 1
    },
    "res_util": {
      "util-URAM": 0.0,
      "util-BRAM": 0.0,
      "util-DSP": 0.0,
      "util-LUT": 0.43415550142103126,
      "util-FF": 0.04344351964632111,
      "total-URAM": 0,
      "total-BRAM": 0,
      "total-DSP": 0,
      "total-LUT": 384957,
      "total-FF": 77041
    },
    "valid": true
  },
  "__PARA__L4-4.__PARA__L5-2.__PIPE__L4-off.__PIPE__L5-off": {
    "perf": 956.0,
    "point": {
      "__PIPE__L4": "off",
      "__PARA__L4": 4,
      "__PIPE__L5": "off",
      "__PARA__L5": 2
    },
    "res_util": {
      "util-URAM": 0.0,
      "util-BRAM": 0.0,
      "util-DSP": 0.0,
      "util-LUT": 0.6095242928677764,
      "util-FF": 0.08725075562773492,
      "total-URAM": 0,
      "total-BRAM": 0,
      "total-DSP": 0,
      "total-LUT": 540453,
      "total-FF": 154727
    },
    "valid": true
  },
  "__PARA__L4-4.__PARA__L5-2.__PIPE__L4-off.__PIPE__L5-   ": {
    "perf": 1139.0,
    "point": {
      "__PIPE__L4": "off",
      "__PARA__L4": 4,
      "__PIPE__L5": "   ",
      "__PARA__L5": 2
    },
    "res_util": {
      "util-URAM": 0.0,
      "util-BRAM": 0.0,
      "util-DSP": 0.0,
      "util-LUT": 0.43415550142103126,
      "util-FF": 0.04344351964632111,
      "total-URAM": 0,
      "total-BRAM": 0,
      "total-DSP": 0,
      "total-LUT": 384957,
      "total-FF": 77041
    },
    "valid": true
  },
  "__PARA__L4-4.__PARA__L5-4.__PIPE__L4-off.__PIPE__L5-off": {
    "perf": 956.0,
    "point": {
      "__PIPE__L4": "off",
      "__PARA__L4": 4,
      "__PIPE__L5": "off",
      "__PARA__L5": 4
    },
    "res_util": {
      "util-URAM": 0.0,
      "util-BRAM": 0.0,
      "util-DSP": 0.0,
      "util-LUT": 0.6095242928677764,
      "util-FF": 0.08725075562773492,
      "total-URAM": 0,
      "total-BRAM": 0,
      "total-DSP": 0,
      "total-LUT": 540453,
      "total-FF": 154727
    },
    "valid": true
  },
  "__PARA__L4-4.__PARA__L5-4.__PIPE__L4-off.__PIPE__L5-   ": {
    "perf": 1139.0,
    "point": {
      "__PIPE__L4": "off",
      "__PARA__L4": 4,
      "__PIPE__L5": "   ",
      "__PARA__L5": 4
    },
    "res_util": {
      "util-URAM": 0.0,
      "util-BRAM": 0.0,
      "util-DSP": 0.0,
      "util-LUT": 0.43415550142103126,
      "util-FF": 0.04344351964632111,
      "total-URAM": 0,
      "total-BRAM": 0,
      "total-DSP": 0,
      "total-LUT": 384957,
      "total-FF": 77041
    },
    "valid": true
  },
  "__PARA__L4-4.__PARA__L5-8.__PIPE__L4-off.__PIPE__L5-off": {
    "perf": 956.0,
    "point": {
      "__PIPE__L4": "off",
      "__PARA__L4": 4,
      "__PIPE__L5": "off",
      "__PARA__L5": 8
    },
    "res_util": {
      "util-URAM": 0.0,
      "util-BRAM": 0.0,
      "util-DSP": 0.0,
      "util-LUT": 0.6095242928677764,
      "util-FF": 0.08725075562773492,
      "total-URAM": 0,
      "total-BRAM": 0,
      "total-DSP": 0,
      "total-LUT": 540453,
      "total-FF": 154727
    },
    "valid": true
  },
  "__PARA__L4-4.__PARA__L5-8.__PIPE__L4-off.__PIPE__L5-   ": {
    "perf": 1139.0,
    "point": {
      "__PIPE__L4": "off",
      "__PARA__L4": 4,
      "__PIPE__L5": "   ",
      "__PARA__L5": 8
    },
    "res_util": {
      "util-URAM": 0.0,
      "util-BRAM": 0.0,
      "util-DSP": 0.0,
      "util-LUT": 0.43415550142103126,
      "util-FF": 0.04344351964632111,
      "total-URAM": 0,
      "total-BRAM": 0,
      "total-DSP": 0,
      "total-LUT": 384957,
      "total-FF": 77041
    },
    "valid": true
  },
  "__PARA__L4-4.__PARA__L5-13.__PIPE__L4-off.__PIPE__L5-off": {
    "perf": 956.0,
    "point": {
      "__PIPE__L4": "off",
      "__PARA__L4": 4,
      "__PIPE__L5": "off",
      "__PARA__L5": 13
    },
    "res_util": {
      "util-URAM": 0.0,
      "util-BRAM": 0.0,
      "util-DSP": 0.0,
      "util-LUT": 0.6095242928677764,
      "util-FF": 0.08725075562773492,
      "total-URAM": 0,
      "total-BRAM": 0,
      "total-DSP": 0,
      "total-LUT": 540453,
      "total-FF": 154727
    },
    "valid": true
  },
  "__PARA__L4-4.__PARA__L5-13.__PIPE__L4-off.__PIPE__L5-   ": {
    "perf": 1139.0,
    "point": {
      "__PIPE__L4": "off",
      "__PARA__L4": 4,
      "__PIPE__L5": "   ",
      "__PARA__L5": 13
    },
    "res_util": {
      "util-URAM": 0.0,
      "util-BRAM": 0.0,
      "util-DSP": 0.0,
      "util-LUT": 0.43415550142103126,
      "util-FF": 0.04344351964632111,
      "total-URAM": 0,
      "total-BRAM": 0,
      "total-DSP": 0,
      "total-LUT": 384957,
      "total-FF": 77041
    },
    "valid": true
  },
  "__PARA__L4-8.__PARA__L5-1.__PIPE__L4-off.__PIPE__L5-NA": {
    "perf": 956.0,
    "point": {
      "__PIPE__L4": "off",
      "__PARA__L4": 8,
      "__PIPE__L5": "",
      "__PARA__L5": 1
    },
    "res_util": {
      "util-URAM": 0.0,
      "util-BRAM": 0.0,
      "util-DSP": 0.0,
      "util-LUT": 0.6095242928677764,
      "util-FF": 0.08725075562773492,
      "total-URAM": 0,
      "total-BRAM": 0,
      "total-DSP": 0,
      "total-LUT": 540453,
      "total-FF": 154727
    },
    "valid": true
  },
  "__PARA__L4-8.__PARA__L5-1.__PIPE__L4-   .__PIPE__L5-NA": {
    "perf": 830.0,
    "point": {
      "__PIPE__L4": "   ",
      "__PARA__L4": 8,
      "__PIPE__L5": "",
      "__PARA__L5": 1
    },
    "res_util": {
      "util-URAM": 0.0,
      "util-BRAM": 0.0,
      "util-DSP": 0.0,
      "util-LUT": 0.40665516308025446,
      "util-FF": 0.03972628231154419,
      "total-URAM": 0,
      "total-BRAM": 0,
      "total-DSP": 0,
      "total-LUT": 360573,
      "total-FF": 70449
    },
    "valid": true
  },
  "__PARA__L4-8.__PARA__L5-2.__PIPE__L4-   .__PIPE__L5-NA": {
    "perf": 830.0,
    "point": {
      "__PIPE__L4": "   ",
      "__PARA__L4": 8,
      "__PIPE__L5": "",
      "__PARA__L5": 2
    },
    "res_util": {
      "util-URAM": 0.0,
      "util-BRAM": 0.0,
      "util-DSP": 0.0,
      "util-LUT": 0.40665516308025446,
      "util-FF": 0.03972628231154419,
      "total-URAM": 0,
      "total-BRAM": 0,
      "total-DSP": 0,
      "total-LUT": 360573,
      "total-FF": 70449
    },
    "valid": true
  },
  "__PARA__L4-8.__PARA__L5-4.__PIPE__L4-   .__PIPE__L5-NA": {
    "perf": 830.0,
    "point": {
      "__PIPE__L4": "   ",
      "__PARA__L4": 8,
      "__PIPE__L5": "",
      "__PARA__L5": 4
    },
    "res_util": {
      "util-URAM": 0.0,
      "util-BRAM": 0.0,
      "util-DSP": 0.0,
      "util-LUT": 0.40665516308025446,
      "util-FF": 0.03972628231154419,
      "total-URAM": 0,
      "total-BRAM": 0,
      "total-DSP": 0,
      "total-LUT": 360573,
      "total-FF": 70449
    },
    "valid": true
  },
  "__PARA__L4-8.__PARA__L5-8.__PIPE__L4-   .__PIPE__L5-NA": {
    "perf": 830.0,
    "point": {
      "__PIPE__L4": "   ",
      "__PARA__L4": 8,
      "__PIPE__L5": "",
      "__PARA__L5": 8
    },
    "res_util": {
      "util-URAM": 0.0,
      "util-BRAM": 0.0,
      "util-DSP": 0.0,
      "util-LUT": 0.40665516308025446,
      "util-FF": 0.03972628231154419,
      "total-URAM": 0,
      "total-BRAM": 0,
      "total-DSP": 0,
      "total-LUT": 360573,
      "total-FF": 70449
    },
    "valid": true
  },
  "__PARA__L4-8.__PARA__L5-13.__PIPE__L4-   .__PIPE__L5-NA": {
    "perf": 830.0,
    "point": {
      "__PIPE__L4": "   ",
      "__PARA__L4": 8,
      "__PIPE__L5": "",
      "__PARA__L5": 13
    },
    "res_util": {
      "util-URAM": 0.0,
      "util-BRAM": 0.0,
      "util-DSP": 0.0,
      "util-LUT": 0.40665516308025446,
      "util-FF": 0.03972628231154419,
      "total-URAM": 0,
      "total-BRAM": 0,
      "total-DSP": 0,
      "total-LUT": 360573,
      "total-FF": 70449
    },
    "valid": true
  },
  "__PARA__L4-8.__PARA__L5-1.__PIPE__L4-   .__PIPE__L5-off": {
    "perf": 830.0,
    "point": {
      "__PIPE__L4": "   ",
      "__PARA__L4": 8,
      "__PIPE__L5": "off",
      "__PARA__L5": 1
    },
    "res_util": {
      "util-URAM": 0.0,
      "util-BRAM": 0.0,
      "util-DSP": 0.0,
      "util-LUT": 0.40665516308025446,
      "util-FF": 0.03972628231154419,
      "total-URAM": 0,
      "total-BRAM": 0,
      "total-DSP": 0,
      "total-LUT": 360573,
      "total-FF": 70449
    },
    "valid": true
  },
  "__PARA__L4-8.__PARA__L5-1.__PIPE__L4-   .__PIPE__L5-   ": {
    "perf": 1139.0,
    "point": {
      "__PIPE__L4": "   ",
      "__PARA__L4": 8,
      "__PIPE__L5": "   ",
      "__PARA__L5": 1
    },
    "res_util": {
      "util-URAM": 0.0,
      "util-BRAM": 0.0,
      "util-DSP": 0.0,
      "util-LUT": 0.43415550142103126,
      "util-FF": 0.04344351964632111,
      "total-URAM": 0,
      "total-BRAM": 0,
      "total-DSP": 0,
      "total-LUT": 384957,
      "total-FF": 77041
    },
    "valid": true
  },
  "__PARA__L4-8.__PARA__L5-2.__PIPE__L4-   .__PIPE__L5-off": {
    "perf": 830.0,
    "point": {
      "__PIPE__L4": "   ",
      "__PARA__L4": 8,
      "__PIPE__L5": "off",
      "__PARA__L5": 2
    },
    "res_util": {
      "util-URAM": 0.0,
      "util-BRAM": 0.0,
      "util-DSP": 0.0,
      "util-LUT": 0.40665516308025446,
      "util-FF": 0.03972628231154419,
      "total-URAM": 0,
      "total-BRAM": 0,
      "total-DSP": 0,
      "total-LUT": 360573,
      "total-FF": 70449
    },
    "valid": true
  },
  "__PARA__L4-8.__PARA__L5-2.__PIPE__L4-   .__PIPE__L5-   ": {
    "perf": 1139.0,
    "point": {
      "__PIPE__L4": "   ",
      "__PARA__L4": 8,
      "__PIPE__L5": "   ",
      "__PARA__L5": 2
    },
    "res_util": {
      "util-URAM": 0.0,
      "util-BRAM": 0.0,
      "util-DSP": 0.0,
      "util-LUT": 0.43415550142103126,
      "util-FF": 0.04344351964632111,
      "total-URAM": 0,
      "total-BRAM": 0,
      "total-DSP": 0,
      "total-LUT": 384957,
      "total-FF": 77041
    },
    "valid": true
  },
  "__PARA__L4-8.__PARA__L5-4.__PIPE__L4-   .__PIPE__L5-off": {
    "perf": 830.0,
    "point": {
      "__PIPE__L4": "   ",
      "__PARA__L4": 8,
      "__PIPE__L5": "off",
      "__PARA__L5": 4
    },
    "res_util": {
      "util-URAM": 0.0,
      "util-BRAM": 0.0,
      "util-DSP": 0.0,
      "util-LUT": 0.40665516308025446,
      "util-FF": 0.03972628231154419,
      "total-URAM": 0,
      "total-BRAM": 0,
      "total-DSP": 0,
      "total-LUT": 360573,
      "total-FF": 70449
    },
    "valid": true
  },
  "__PARA__L4-8.__PARA__L5-4.__PIPE__L4-   .__PIPE__L5-   ": {
    "perf": 1139.0,
    "point": {
      "__PIPE__L4": "   ",
      "__PARA__L4": 8,
      "__PIPE__L5": "   ",
      "__PARA__L5": 4
    },
    "res_util": {
      "util-URAM": 0.0,
      "util-BRAM": 0.0,
      "util-DSP": 0.0,
      "util-LUT": 0.43415550142103126,
      "util-FF": 0.04344351964632111,
      "total-URAM": 0,
      "total-BRAM": 0,
      "total-DSP": 0,
      "total-LUT": 384957,
      "total-FF": 77041
    },
    "valid": true
  },
  "__PARA__L4-8.__PARA__L5-8.__PIPE__L4-   .__PIPE__L5-off": {
    "perf": 830.0,
    "point": {
      "__PIPE__L4": "   ",
      "__PARA__L4": 8,
      "__PIPE__L5": "off",
      "__PARA__L5": 8
    },
    "res_util": {
      "util-URAM": 0.0,
      "util-BRAM": 0.0,
      "util-DSP": 0.0,
      "util-LUT": 0.40665516308025446,
      "util-FF": 0.03972628231154419,
      "total-URAM": 0,
      "total-BRAM": 0,
      "total-DSP": 0,
      "total-LUT": 360573,
      "total-FF": 70449
    },
    "valid": true
  },
  "__PARA__L4-8.__PARA__L5-8.__PIPE__L4-   .__PIPE__L5-   ": {
    "perf": 1139.0,
    "point": {
      "__PIPE__L4": "   ",
      "__PARA__L4": 8,
      "__PIPE__L5": "   ",
      "__PARA__L5": 8
    },
    "res_util": {
      "util-URAM": 0.0,
      "util-BRAM": 0.0,
      "util-DSP": 0.0,
      "util-LUT": 0.43415550142103126,
      "util-FF": 0.04344351964632111,
      "total-URAM": 0,
      "total-BRAM": 0,
      "total-DSP": 0,
      "total-LUT": 384957,
      "total-FF": 77041
    },
    "valid": true
  },
  "__PARA__L4-8.__PARA__L5-13.__PIPE__L4-   .__PIPE__L5-off": {
    "perf": 830.0,
    "point": {
      "__PIPE__L4": "   ",
      "__PARA__L4": 8,
      "__PIPE__L5": "off",
      "__PARA__L5": 13
    },
    "res_util": {
      "util-URAM": 0.0,
      "util-BRAM": 0.0,
      "util-DSP": 0.0,
      "util-LUT": 0.40665516308025446,
      "util-FF": 0.03972628231154419,
      "total-URAM": 0,
      "total-BRAM": 0,
      "total-DSP": 0,
      "total-LUT": 360573,
      "total-FF": 70449
    },
    "valid": true
  },
  "__PARA__L4-8.__PARA__L5-13.__PIPE__L4-   .__PIPE__L5-   ": {
    "perf": 1139.0,
    "point": {
      "__PIPE__L4": "   ",
      "__PARA__L4": 8,
      "__PIPE__L5": "   ",
      "__PARA__L5": 13
    },
    "res_util": {
      "util-URAM": 0.0,
      "util-BRAM": 0.0,
      "util-DSP": 0.0,
      "util-LUT": 0.43415550142103126,
      "util-FF": 0.04344351964632111,
      "total-URAM": 0,
      "total-BRAM": 0,
      "total-DSP": 0,
      "total-LUT": 384957,
      "total-FF": 77041
    },
    "valid": true
  },
  "__PARA__L4-8.__PARA__L5-2.__PIPE__L4-off.__PIPE__L5-NA": {
    "perf": 956.0,
    "point": {
      "__PIPE__L4": "off",
      "__PARA__L4": 8,
      "__PIPE__L5": "",
      "__PARA__L5": 2
    },
    "res_util": {
      "util-URAM": 0.0,
      "util-BRAM": 0.0,
      "util-DSP": 0.0,
      "util-LUT": 0.6095242928677764,
      "util-FF": 0.08725075562773492,
      "total-URAM": 0,
      "total-BRAM": 0,
      "total-DSP": 0,
      "total-LUT": 540453,
      "total-FF": 154727
    },
    "valid": true
  },
  "__PARA__L4-8.__PARA__L5-4.__PIPE__L4-off.__PIPE__L5-NA": {
    "perf": 956.0,
    "point": {
      "__PIPE__L4": "off",
      "__PARA__L4": 8,
      "__PIPE__L5": "",
      "__PARA__L5": 4
    },
    "res_util": {
      "util-URAM": 0.0,
      "util-BRAM": 0.0,
      "util-DSP": 0.0,
      "util-LUT": 0.6095242928677764,
      "util-FF": 0.08725075562773492,
      "total-URAM": 0,
      "total-BRAM": 0,
      "total-DSP": 0,
      "total-LUT": 540453,
      "total-FF": 154727
    },
    "valid": true
  },
  "__PARA__L4-8.__PARA__L5-8.__PIPE__L4-off.__PIPE__L5-NA": {
    "perf": 956.0,
    "point": {
      "__PIPE__L4": "off",
      "__PARA__L4": 8,
      "__PIPE__L5": "",
      "__PARA__L5": 8
    },
    "res_util": {
      "util-URAM": 0.0,
      "util-BRAM": 0.0,
      "util-DSP": 0.0,
      "util-LUT": 0.6095242928677764,
      "util-FF": 0.08725075562773492,
      "total-URAM": 0,
      "total-BRAM": 0,
      "total-DSP": 0,
      "total-LUT": 540453,
      "total-FF": 154727
    },
    "valid": true
  },
  "__PARA__L4-8.__PARA__L5-13.__PIPE__L4-off.__PIPE__L5-NA": {
    "perf": 956.0,
    "point": {
      "__PIPE__L4": "off",
      "__PARA__L4": 8,
      "__PIPE__L5": "",
      "__PARA__L5": 13
    },
    "res_util": {
      "util-URAM": 0.0,
      "util-BRAM": 0.0,
      "util-DSP": 0.0,
      "util-LUT": 0.6095242928677764,
      "util-FF": 0.08725075562773492,
      "total-URAM": 0,
      "total-BRAM": 0,
      "total-DSP": 0,
      "total-LUT": 540453,
      "total-FF": 154727
    },
    "valid": true
  },
  "__PARA__L4-8.__PARA__L5-1.__PIPE__L4-off.__PIPE__L5-off": {
    "perf": 956.0,
    "point": {
      "__PIPE__L4": "off",
      "__PARA__L4": 8,
      "__PIPE__L5": "off",
      "__PARA__L5": 1
    },
    "res_util": {
      "util-URAM": 0.0,
      "util-BRAM": 0.0,
      "util-DSP": 0.0,
      "util-LUT": 0.6095242928677764,
      "util-FF": 0.08725075562773492,
      "total-URAM": 0,
      "total-BRAM": 0,
      "total-DSP": 0,
      "total-LUT": 540453,
      "total-FF": 154727
    },
    "valid": true
  },
  "__PARA__L4-8.__PARA__L5-1.__PIPE__L4-off.__PIPE__L5-   ": {
    "perf": 1139.0,
    "point": {
      "__PIPE__L4": "off",
      "__PARA__L4": 8,
      "__PIPE__L5": "   ",
      "__PARA__L5": 1
    },
    "res_util": {
      "util-URAM": 0.0,
      "util-BRAM": 0.0,
      "util-DSP": 0.0,
      "util-LUT": 0.43415550142103126,
      "util-FF": 0.04344351964632111,
      "total-URAM": 0,
      "total-BRAM": 0,
      "total-DSP": 0,
      "total-LUT": 384957,
      "total-FF": 77041
    },
    "valid": true
  },
  "__PARA__L4-8.__PARA__L5-2.__PIPE__L4-off.__PIPE__L5-off": {
    "perf": 956.0,
    "point": {
      "__PIPE__L4": "off",
      "__PARA__L4": 8,
      "__PIPE__L5": "off",
      "__PARA__L5": 2
    },
    "res_util": {
      "util-URAM": 0.0,
      "util-BRAM": 0.0,
      "util-DSP": 0.0,
      "util-LUT": 0.6095242928677764,
      "util-FF": 0.08725075562773492,
      "total-URAM": 0,
      "total-BRAM": 0,
      "total-DSP": 0,
      "total-LUT": 540453,
      "total-FF": 154727
    },
    "valid": true
  },
  "__PARA__L4-8.__PARA__L5-2.__PIPE__L4-off.__PIPE__L5-   ": {
    "perf": 1139.0,
    "point": {
      "__PIPE__L4": "off",
      "__PARA__L4": 8,
      "__PIPE__L5": "   ",
      "__PARA__L5": 2
    },
    "res_util": {
      "util-URAM": 0.0,
      "util-BRAM": 0.0,
      "util-DSP": 0.0,
      "util-LUT": 0.43415550142103126,
      "util-FF": 0.04344351964632111,
      "total-URAM": 0,
      "total-BRAM": 0,
      "total-DSP": 0,
      "total-LUT": 384957,
      "total-FF": 77041
    },
    "valid": true
  },
  "__PARA__L4-8.__PARA__L5-4.__PIPE__L4-off.__PIPE__L5-off": {
    "perf": 956.0,
    "point": {
      "__PIPE__L4": "off",
      "__PARA__L4": 8,
      "__PIPE__L5": "off",
      "__PARA__L5": 4
    },
    "res_util": {
      "util-URAM": 0.0,
      "util-BRAM": 0.0,
      "util-DSP": 0.0,
      "util-LUT": 0.6095242928677764,
      "util-FF": 0.08725075562773492,
      "total-URAM": 0,
      "total-BRAM": 0,
      "total-DSP": 0,
      "total-LUT": 540453,
      "total-FF": 154727
    },
    "valid": true
  },
  "__PARA__L4-8.__PARA__L5-4.__PIPE__L4-off.__PIPE__L5-   ": {
    "perf": 1139.0,
    "point": {
      "__PIPE__L4": "off",
      "__PARA__L4": 8,
      "__PIPE__L5": "   ",
      "__PARA__L5": 4
    },
    "res_util": {
      "util-URAM": 0.0,
      "util-BRAM": 0.0,
      "util-DSP": 0.0,
      "util-LUT": 0.43415550142103126,
      "util-FF": 0.04344351964632111,
      "total-URAM": 0,
      "total-BRAM": 0,
      "total-DSP": 0,
      "total-LUT": 384957,
      "total-FF": 77041
    },
    "valid": true
  },
  "__PARA__L4-8.__PARA__L5-8.__PIPE__L4-off.__PIPE__L5-off": {
    "perf": 956.0,
    "point": {
      "__PIPE__L4": "off",
      "__PARA__L4": 8,
      "__PIPE__L5": "off",
      "__PARA__L5": 8
    },
    "res_util": {
      "util-URAM": 0.0,
      "util-BRAM": 0.0,
      "util-DSP": 0.0,
      "util-LUT": 0.6095242928677764,
      "util-FF": 0.08725075562773492,
      "total-URAM": 0,
      "total-BRAM": 0,
      "total-DSP": 0,
      "total-LUT": 540453,
      "total-FF": 154727
    },
    "valid": true
  },
  "__PARA__L4-8.__PARA__L5-8.__PIPE__L4-off.__PIPE__L5-   ": {
    "perf": 1139.0,
    "point": {
      "__PIPE__L4": "off",
      "__PARA__L4": 8,
      "__PIPE__L5": "   ",
      "__PARA__L5": 8
    },
    "res_util": {
      "util-URAM": 0.0,
      "util-BRAM": 0.0,
      "util-DSP": 0.0,
      "util-LUT": 0.43415550142103126,
      "util-FF": 0.04344351964632111,
      "total-URAM": 0,
      "total-BRAM": 0,
      "total-DSP": 0,
      "total-LUT": 384957,
      "total-FF": 77041
    },
    "valid": true
  },
  "__PARA__L4-8.__PARA__L5-13.__PIPE__L4-off.__PIPE__L5-off": {
    "perf": 956.0,
    "point": {
      "__PIPE__L4": "off",
      "__PARA__L4": 8,
      "__PIPE__L5": "off",
      "__PARA__L5": 13
    },
    "res_util": {
      "util-URAM": 0.0,
      "util-BRAM": 0.0,
      "util-DSP": 0.0,
      "util-LUT": 0.6095242928677764,
      "util-FF": 0.08725075562773492,
      "total-URAM": 0,
      "total-BRAM": 0,
      "total-DSP": 0,
      "total-LUT": 540453,
      "total-FF": 154727
    },
    "valid": true
  },
  "__PARA__L4-8.__PARA__L5-13.__PIPE__L4-off.__PIPE__L5-   ": {
    "perf": 1139.0,
    "point": {
      "__PIPE__L4": "off",
      "__PARA__L4": 8,
      "__PIPE__L5": "   ",
      "__PARA__L5": 13
    },
    "res_util": {
      "util-URAM": 0.0,
      "util-BRAM": 0.0,
      "util-DSP": 0.0,
      "util-LUT": 0.43415550142103126,
      "util-FF": 0.04344351964632111,
      "total-URAM": 0,
      "total-BRAM": 0,
      "total-DSP": 0,
      "total-LUT": 384957,
      "total-FF": 77041
    },
    "valid": true
  }
}