{
  "__PARA__L1-1.__PARA__L2-1.__PARA__L3-1.__PIPE__L1-NA": {
    "perf": 1290929.0,
    "point": {
      "__PIPE__L1": "",
      "__PARA__L1": 1,
      "__PARA__L2": 1,
      "__PARA__L3": 1
    },
    "res_util": {
      "util-URAM": 0.0,
      "util-BRAM": 0.011728395061728396,
      "util-DSP": 0.0021442495126705653,
      "util-LUT": 0.002129291288852799,
      "util-FF": 0.001069720756078856,
      "total-URAM": 0,
      "total-BRAM": 38,
      "total-DSP": 11,
      "total-LUT": 1888,
      "total-FF": 1897
    },
    "valid": true
  },
  "__PARA__L1-1.__PARA__L2-2.__PARA__L3-1.__PIPE__L1-NA": {
    "perf": 813569.0,
    "point": {
      "__PIPE__L1": "",
      "__PARA__L1": 1,
      "__PARA__L2": 2,
      "__PARA__L3": 1
    },
    "res_util": {
      "util-URAM": 0.0,
      "util-BRAM": 0.011728395061728396,
      "util-DSP": 0.0021442495126705653,
      "util-LUT": 0.0022871836513736637,
      "util-FF": 0.0012146433888212207,
      "total-URAM": 0,
      "total-BRAM": 38,
      "total-DSP": 11,
      "total-LUT": 2028,
      "total-FF": 2154
    },
    "valid": true
  },
  "__PARA__L1-1.__PARA__L2-4.__PARA__L3-1.__PIPE__L1-NA": {
    "perf": 773399.0,
    "point": {
      "__PIPE__L1": "",
      "__PARA__L1": 1,
      "__PARA__L2": 4,
      "__PARA__L3": 1
    },
    "res_util": {
      "util-URAM": 0.0,
      "util-BRAM": 0.022222222222222223,
      "util-DSP": 0.0023391812865497076,
      "util-LUT": 0.002692064780980737,
      "util-FF": 0.001525353002210493,
      "total-URAM": 0,
      "total-BRAM": 72,
      "total-DSP": 12,
      "total-LUT": 2387,
      "total-FF": 2705
    },
    "valid": true
  },
  "__PARA__L1-1.__PARA__L2-5.__PARA__L3-1.__PIPE__L1-NA": {
    "perf": 529649.0,
    "point": {
      "__PIPE__L1": "",
      "__PARA__L1": 1,
      "__PARA__L2": 5,
      "__PARA__L3": 1
    },
    "res_util": {
      "util-URAM": 0.0,
      "util-BRAM": 0.053703703703703705,
      "util-DSP": 0.00253411306042885,
      "util-LUT": 0.0032255154057833717,
      "util-FF": 0.0017323047773717688,
      "total-URAM": 0,
      "total-BRAM": 174,
      "total-DSP": 13,
      "total-LUT": 2860,
      "total-FF": 3072
    },
    "valid": true
  },
  "__PARA__L1-1.__PARA__L2-8.__PARA__L3-1.__PIPE__L1-NA": {
    "perf": 557339.0,
    "point": {
      "__PIPE__L1": "",
      "__PARA__L1": 1,
      "__PARA__L2": 8,
      "__PARA__L3": 1
    },
    "res_util": {
      "util-URAM": 0.0,
      "util-BRAM": 0.043209876543209874,
      "util-DSP": 0.0029239766081871343,
      "util-LUT": 0.0037533270176388325,
      "util-FF": 0.0022883114539630984,
      "total-URAM": 0,
      "total-BRAM": 140,
      "total-DSP": 15,
      "total-LUT": 3328,
      "total-FF": 4058
    },
    "valid": true
  },
  "__PARA__L1-1.__PARA__L2-10.__PARA__L3-1.__PIPE__L1-NA": {
    "perf": 437609.0,
    "point": {
      "__PIPE__L1": "",
      "__PARA__L1": 1,
      "__PARA__L2": 10,
      "__PARA__L3": 1
    },
    "res_util": {
      "util-URAM": 0.0,
      "util-BRAM": 0.053703703703703705,
      "util-DSP": 0.004678362573099415,
      "util-LUT": 0.004463842648982722,
      "util-FF": 0.002964429106329228,
      "total-URAM": 0,
      "total-BRAM": 174,
      "total-DSP": 24,
      "total-LUT": 3958,
      "total-FF": 5257
    },
    "valid": true
  },
  "__PARA__L1-1.__PARA__L2-16.__PARA__L3-1.__PIPE__L1-NA": {
    "perf": 448919.0,
    "point": {
      "__PIPE__L1": "",
      "__PARA__L1": 1,
      "__PARA__L2": 16,
      "__PARA__L3": 1
    },
    "res_util": {
      "util-URAM": 0.0,
      "util-BRAM": 0.08024691358024691,
      "util-DSP": 0.0044834307992202725,
      "util-LUT": 0.005173230477737177,
      "util-FF": 0.003797875219921505,
      "total-URAM": 0,
      "total-BRAM": 260,
      "total-DSP": 23,
      "total-LUT": 4587,
      "total-FF": 6735
    },
    "valid": true
  },
  "__PARA__L1-1.__PARA__L2-32.__PARA__L3-1.__PIPE__L1-NA": {
    "perf": 398609.0,
    "point": {
      "__PIPE__L1": "",
      "__PARA__L1": 1,
      "__PARA__L2": 32,
      "__PARA__L3": 1
    },
    "res_util": {
      "util-URAM": 0.0,
      "util-BRAM": 0.15925925925925927,
      "util-DSP": 0.006627680311890838,
      "util-LUT": 0.00805702169892182,
      "util-FF": 0.006397460188568593,
      "total-URAM": 0,
      "total-BRAM": 516,
      "total-DSP": 34,
      "total-LUT": 7144,
      "total-FF": 11345
    },
    "valid": true
  },
  "__PARA__L1-1.__PARA__L2-41.__PARA__L3-1.__PIPE__L1-NA": {
    "perf": 369749.0,
    "point": {
      "__PIPE__L1": "",
      "__PARA__L1": 1,
      "__PARA__L2": 41,
      "__PARA__L3": 1
    },
    "res_util": {
      "util-URAM": 0.05694444444444444,
      "util-BRAM": 0.0012345679012345679,
      "util-DSP": 0.0152046783625731,
      "util-LUT": 0.01644223395136915,
      "util-FF": 0.011249830829611585,
      "total-URAM": 41,
      "total-BRAM": 4,
      "total-DSP": 78,
      "total-LUT": 14579,
      "total-FF": 19950
    },
    "valid": true
  },
  "__PARA__L1-1.__PARA__L2-64.__PARA__L3-1.__PIPE__L1-NA": {
    "perf": 370919.0,
    "point": {
      "__PIPE__L1": "",
      "__PARA__L1": 1,
      "__PARA__L2": 64,
      "__PARA__L3": 1
    },
    "res_util": {
      "util-URAM": 0.0,
      "util-BRAM": 0.3172839506172839,
      "util-DSP": 0.015399610136452241,
      "util-LUT": 0.01795574502639058,
      "util-FF": 0.012910520142554248,
      "total-URAM": 0,
      "total-BRAM": 1028,
      "total-DSP": 79,
      "total-LUT": 15921,
      "total-FF": 22895
    },
    "valid": true
  },
  "__PARA__L1-1.__PARA__L2-82.__PARA__L3-1.__PIPE__L1-NA": {
    "perf": 360389.0,
    "point": {
      "__PIPE__L1": "",
      "__PARA__L1": 1,
      "__PARA__L2": 82,
      "__PARA__L3": 1
    },
    "res_util": {
      "util-URAM": 0.05694444444444444,
      "util-BRAM": 0.0012345679012345679,
      "util-DSP": 0.030214424951267055,
      "util-LUT": 0.024942482067938827,
      "util-FF": 0.020453263860693825,
      "total-URAM": 41,
      "total-BRAM": 4,
      "total-DSP": 155,
      "total-LUT": 22116,
      "total-FF": 36271
    },
    "valid": true
  },
  "__PARA__L1-1.__PARA__L2-128.__PARA__L3-1.__PIPE__L1-NA": {
    "perf": 359999.0,
    "point": {
      "__PIPE__L1": "",
      "__PARA__L1": 1,
      "__PARA__L2": 128,
      "__PARA__L3": 1
    },
    "res_util": {
      "util-URAM": 0.08888888888888889,
      "util-BRAM": 0.0012345679012345679,
      "util-DSP": 0.028070175438596492,
      "util-LUT": 0.03135855099923309,
      "util-FF": 0.02425959760003609,
      "total-URAM": 64,
      "total-BRAM": 4,
      "total-DSP": 144,
      "total-LUT": 27805,
      "total-FF": 43021
    },
    "valid": true
  },
  "__PARA__L1-1.__PARA__L2-205.__PARA__L3-1.__PIPE__L1-NA": {
    "perf": 355710.0,
    "point": {
      "__PIPE__L1": "",
      "__PARA__L1": 1,
      "__PARA__L2": 205,
      "__PARA__L3": 1
    },
    "res_util": {
      "util-URAM": 0.0,
      "util-BRAM": 0.254320987654321,
      "util-DSP": 0.07504873294346978,
      "util-LUT": 0.5629313844904588,
      "util-FF": 0.08518518518518518,
      "total-URAM": 0,
      "total-BRAM": 824,
      "total-DSP": 385,
      "total-LUT": 499140,
      "total-FF": 151064
    },
    "valid": true
  },
  "__PARA__L1-1.__PARA__L2-256.__PARA__L3-1.__PIPE__L1-NA": {
    "perf": 355710.0,
    "point": {
      "__PIPE__L1": "",
      "__PARA__L1": 1,
      "__PARA__L2": 256,
      "__PARA__L3": 1
    },
    "res_util": {
      "util-URAM": 0.0,
      "util-BRAM": 0.254320987654321,
      "util-DSP": 0.05146198830409357,
      "util-LUT": 0.06801664636622005,
      "util-FF": 0.06783788965579465,
      "total-URAM": 0,
      "total-BRAM": 824,
      "total-DSP": 264,
      "total-LUT": 60309,
      "total-FF": 120301
    },
    "valid": true
  },
  "__PARA__L1-1.__PARA__L2-410.__PARA__L3-1.__PIPE__L1-NA": {
    "perf": 4158157.0,
    "point": {
      "__PIPE__L1": "",
      "__PARA__L1": 1,
      "__PARA__L2": 410,
      "__PARA__L3": 1
    },
    "res_util": {
      "util-URAM": 0.0,
      "util-BRAM": 0.15987654320987654,
      "util-DSP": 0.03645224171539961,
      "util-LUT": 0.042810258492353495,
      "util-FF": 0.03842874543239951,
      "total-URAM": 0,
      "total-BRAM": 518,
      "total-DSP": 187,
      "total-LUT": 37959,
      "total-FF": 68148
    },
    "valid": true
  },
  "__PARA__L1-1.__PARA__L2-205.__PARA__L3-2.__PIPE__L1-NA": {
    "perf": 275760.0,
    "point": {
      "__PIPE__L1": "",
      "__PARA__L1": 1,
      "__PARA__L2": 205,
      "__PARA__L3": 2
    },
    "res_util": {
      "util-URAM": 0.0,
      "util-BRAM": 0.25493827160493826,
      "util-DSP": 0.07504873294346978,
      "util-LUT": 0.5632336355844273,
      "util-FF": 0.08536901700726304,
      "total-URAM": 0,
      "total-BRAM": 826,
      "total-DSP": 385,
      "total-LUT": 499408,
      "total-FF": 151390
    },
    "valid": true
  },
  "__PARA__L1-1.__PARA__L2-205.__PARA__L3-4.__PIPE__L1-NA": {
    "perf": 235980.0,
    "point": {
      "__PIPE__L1": "",
      "__PARA__L1": 1,
      "__PARA__L2": 205,
      "__PARA__L3": 4
    },
    "res_util": {
      "util-URAM": 0.0,
      "util-BRAM": 0.25617283950617287,
      "util-DSP": 0.07504873294346978,
      "util-LUT": 0.56350769161366,
      "util-FF": 0.0857733342355754,
      "total-URAM": 0,
      "total-BRAM": 830,
      "total-DSP": 385,
      "total-LUT": 499651,
      "total-FF": 152107
    },
    "valid": true
  },
  "__PARA__L1-1.__PARA__L2-205.__PARA__L3-5.__PIPE__L1-NA": {
    "perf": 227790.0,
    "point": {
      "__PIPE__L1": "",
      "__PARA__L1": 1,
      "__PARA__L2": 205,
      "__PARA__L3": 5
    },
    "res_util": {
      "util-URAM": 0.0,
      "util-BRAM": 0.25679012345679014,
      "util-DSP": 0.07504873294346978,
      "util-LUT": 0.5737041548247395,
      "util-FF": 0.08595660215635854,
      "total-URAM": 0,
      "total-BRAM": 832,
      "total-DSP": 385,
      "total-LUT": 508692,
      "total-FF": 152432
    },
    "valid": true
  },
  "__PARA__L1-1.__PARA__L2-205.__PARA__L3-8.__PIPE__L1-NA": {
    "perf": 216090.0,
    "point": {
      "__PIPE__L1": "",
      "__PARA__L1": 1,
      "__PARA__L2": 205,
      "__PARA__L3": 8
    },
    "res_util": {
      "util-URAM": 0.0,
      "util-BRAM": 0.2537037037037037,
      "util-DSP": 0.07504873294346978,
      "util-LUT": 0.564690756529977,
      "util-FF": 0.08679455948030856,
      "total-URAM": 0,
      "total-BRAM": 822,
      "total-DSP": 385,
      "total-LUT": 500700,
      "total-FF": 153918
    },
    "valid": true
  },
  "__PARA__L1-1.__PARA__L2-205.__PARA__L3-10.__PIPE__L1-NA": {
    "perf": 211800.0,
    "point": {
      "__PIPE__L1": "",
      "__PARA__L1": 1,
      "__PARA__L2": 205,
      "__PARA__L3": 10
    },
    "res_util": {
      "util-URAM": 0.0,
      "util-BRAM": 0.2537037037037037,
      "util-DSP": 0.07504873294346978,
      "util-LUT": 0.575492849731583,
      "util-FF": 0.08723271078630397,
      "total-URAM": 0,
      "total-BRAM": 822,
      "total-DSP": 385,
      "total-LUT": 510278,
      "total-FF": 154695
    },
    "valid": true
  },
  "__PARA__L1-1.__PARA__L2-205.__PARA__L3-16.__PIPE__L1-NA": {
    "perf": 205950.0,
    "point": {
      "__PIPE__L1": "",
      "__PARA__L1": 1,
      "__PARA__L2": 205,
      "__PARA__L3": 16
    },
    "res_util": {
      "util-URAM": 0.0,
      "util-BRAM": 0.2537037037037037,
      "util-DSP": 0.07504873294346978,
      "util-LUT": 0.5673275589840754,
      "util-FF": 0.08854434519781658,
      "total-URAM": 0,
      "total-BRAM": 822,
      "total-DSP": 385,
      "total-LUT": 503038,
      "total-FF": 157021
    },
    "valid": true
  },
  "__PARA__L1-1.__PARA__L2-205.__PARA__L3-32.__PIPE__L1-NA": {
    "perf": 200880.0,
    "point": {
      "__PIPE__L1": "",
      "__PARA__L1": 1,
      "__PARA__L2": 205,
      "__PARA__L3": 32
    },
    "res_util": {
      "util-URAM": 0.0,
      "util-BRAM": 0.2537037037037037,
      "util-DSP": 0.07504873294346978,
      "util-LUT": 0.5721353814228357,
      "util-FF": 0.09203545811341182,
      "total-URAM": 0,
      "total-BRAM": 822,
      "total-DSP": 385,
      "total-LUT": 507301,
      "total-FF": 163212
    },
    "valid": true
  },
  "__PARA__L1-1.__PARA__L2-205.__PARA__L3-41.__PIPE__L1-NA": {
    "perf": 199710.0,
    "point": {
      "__PIPE__L1": "",
      "__PARA__L1": 1,
      "__PARA__L2": 205,
      "__PARA__L3": 41
    },
    "res_util": {
      "util-URAM": 0.0,
      "util-BRAM": 0.2537037037037037,
      "util-DSP": 0.08791423001949318,
      "util-LUT": 0.6679557450263905,
      "util-FF": 0.09681001037578382,
      "total-URAM": 0,
      "total-BRAM": 822,
      "total-DSP": 451,
      "total-LUT": 592263,
      "total-FF": 171679
    },
    "valid": true
  },
  "__PARA__L1-1.__PARA__L2-205.__PARA__L3-64.__PIPE__L1-NA": {
    "perf": 198540.0,
    "point": {
      "__PIPE__L1": "",
      "__PARA__L1": 1,
      "__PARA__L2": 205,
      "__PARA__L3": 64
    },
    "res_util": {
      "util-URAM": 0.0,
      "util-BRAM": 0.2537037037037037,
      "util-DSP": 0.13723196881091618,
      "util-LUT": 0.6056288627238688,
      "util-FF": 0.11257330716831326,
      "total-URAM": 0,
      "total-BRAM": 822,
      "total-DSP": 704,
      "total-LUT": 536999,
      "total-FF": 199633
    },
    "valid": true
  },
  "__PARA__L1-1.__PARA__L2-205.__PARA__L3-82.__PIPE__L1-NA": {
    "perf": 197760.0,
    "point": {
      "__PIPE__L1": "",
      "__PARA__L1": 1,
      "__PARA__L2": 205,
      "__PARA__L3": 82
    },
    "res_util": {
      "util-URAM": 0.0,
      "util-BRAM": 0.2537037037037037,
      "util-DSP": 0.17582846003898636,
      "util-LUT": 0.7043003112735147,
      "util-FF": 0.12492274552262372,
      "total-URAM": 0,
      "total-BRAM": 822,
      "total-DSP": 902,
      "total-LUT": 624489,
      "total-FF": 221533
    },
    "valid": true
  },
  "__PARA__L1-1.__PARA__L2-205.__PARA__L3-128.__PIPE__L1-NA": {
    "perf": 197371.0,
    "point": {
      "__PIPE__L1": "",
      "__PARA__L1": 1,
      "__PARA__L2": 205,
      "__PARA__L3": 128
    },
    "res_util": {
      "util-URAM": 0.0,
      "util-BRAM": 0.2537037037037037,
      "util-DSP": 0.27446393762183235,
      "util-LUT": 0.6773931970947805,
      "util-FF": 0.15646400054134524,
      "total-URAM": 0,
      "total-BRAM": 822,
      "total-DSP": 1408,
      "total-LUT": 600631,
      "total-FF": 277467
    },
    "valid": true
  },
  "__PARA__L1-1.__PARA__L2-205.__PARA__L3-205.__PIPE__L1-NA": {
    "perf": 0.0,
    "point": {
      "__PIPE__L1": "",
      "__PARA__L1": 1,
      "__PARA__L2": 205,
      "__PARA__L3": 205
    },
    "res_util": {
      "util-URAM": 0,
      "util-BRAM": 0,
      "util-DSP": 0,
      "util-LUT": 0,
      "util-FF": 0,
      "total-URAM": 0,
      "total-BRAM": 0,
      "total-DSP": 0,
      "total-LUT": 0,
      "total-FF": 0
    },
    "valid": false
  },
  "__PARA__L1-1.__PARA__L2-205.__PARA__L3-256.__PIPE__L1-NA": {
    "perf": 196981.0,
    "point": {
      "__PIPE__L1": "",
      "__PARA__L1": 1,
      "__PARA__L2": 205,
      "__PARA__L3": 256
    },
    "res_util": {
      "util-URAM": 0.0,
      "util-BRAM": 0.2537037037037037,
      "util-DSP": 0.5489278752436647,
      "util-LUT": 0.8045811341182839,
      "util-FF": 0.23336547570713223,
      "total-URAM": 0,
      "total-BRAM": 822,
      "total-DSP": 2816,
      "total-LUT": 713406,
      "total-FF": 413841
    },
    "valid": true
  },
  "__PARA__L1-1.__PARA__L2-205.__PARA__L3-410.__PIPE__L1-NA": {
    "perf": 364679.0,
    "point": {
      "__PIPE__L1": "",
      "__PARA__L1": 1,
      "__PARA__L2": 205,
      "__PARA__L3": 410
    },
    "res_util": {
      "util-URAM": 0.0,
      "util-BRAM": 0.15925925925925927,
      "util-DSP": 0.034307992202729044,
      "util-LUT": 0.05934610005864573,
      "util-FF": 0.0573617314025353,
      "total-URAM": 0,
      "total-BRAM": 516,
      "total-DSP": 176,
      "total-LUT": 52621,
      "total-FF": 101723
    },
    "valid": true
  },
  "__PARA__L1-2.__PARA__L2-205.__PARA__L3-256.__PIPE__L1-NA": {
    "perf": 182161.0,
    "point": {
      "__PIPE__L1": "",
      "__PARA__L1": 2,
      "__PARA__L2": 205,
      "__PARA__L3": 256
    },
    "res_util": {
      "util-URAM": 0.0,
      "util-BRAM": 0.2537037037037037,
      "util-DSP": 0.5489278752436647,
      "util-LUT": 1.0,
      "util-FF": 0.30722470338791896,
      "total-URAM": 0,
      "total-BRAM": 822,
      "total-DSP": 2816,
      "total-LUT": 1216097,
      "total-FF": 544820
    },
    "valid": false
  },
  "__PARA__L1-3.__PARA__L2-205.__PARA__L3-256.__PIPE__L1-NA": {
    "perf": 184631.0,
    "point": {
      "__PIPE__L1": "",
      "__PARA__L1": 3,
      "__PARA__L2": 205,
      "__PARA__L3": 256
    },
    "res_util": {
      "util-URAM": 0.0,
      "util-BRAM": 0.2537037037037037,
      "util-DSP": 0.6239766081871345,
      "util-LUT": 1.0,
      "util-FF": 0.3974709026931926,
      "total-URAM": 0,
      "total-BRAM": 822,
      "total-DSP": 3201,
      "total-LUT": 1737677,
      "total-FF": 704859
    },
    "valid": false
  },
  "__PARA__L1-4.__PARA__L2-205.__PARA__L3-256.__PIPE__L1-NA": {
    "perf": 182084.0,
    "point": {
      "__PIPE__L1": "",
      "__PARA__L1": 4,
      "__PARA__L2": 205,
      "__PARA__L3": 256
    },
    "res_util": {
      "util-URAM": 0.0,
      "util-BRAM": 0.2537037037037037,
      "util-DSP": 0.5489278752436647,
      "util-LUT": 1.0,
      "util-FF": 0.44483804754815714,
      "total-URAM": 0,
      "total-BRAM": 822,
      "total-DSP": 2816,
      "total-LUT": 2204597,
      "total-FF": 788858
    },
    "valid": false
  },
  "__PARA__L1-5.__PARA__L2-205.__PARA__L3-256.__PIPE__L1-NA": {
    "perf": 177637.0,
    "point": {
      "__PIPE__L1": "",
      "__PARA__L1": 5,
      "__PARA__L2": 205,
      "__PARA__L3": 256
    },
    "res_util": {
      "util-URAM": 0.0,
      "util-BRAM": 0.2537037037037037,
      "util-DSP": 0.774074074074074,
      "util-LUT": 1.0,
      "util-FF": 0.5973068074164298,
      "total-URAM": 0,
      "total-BRAM": 822,
      "total-DSP": 3971,
      "total-LUT": 2780927,
      "total-FF": 1059240
    },
    "valid": false
  },
  "__PARA__L1-6.__PARA__L2-205.__PARA__L3-256.__PIPE__L1-NA": {
    "perf": 179626.0,
    "point": {
      "__PIPE__L1": "",
      "__PARA__L1": 6,
      "__PARA__L2": 205,
      "__PARA__L3": 256
    },
    "res_util": {
      "util-URAM": 0.0,
      "util-BRAM": 0.2537037037037037,
      "util-DSP": 0.774074074074074,
      "util-LUT": 1.0,
      "util-FF": 0.6660458113411828,
      "total-URAM": 0,
      "total-BRAM": 822,
      "total-DSP": 3971,
      "total-LUT": 3275947,
      "total-FF": 1181139
    },
    "valid": false
  },
  "__PARA__L1-8.__PARA__L2-205.__PARA__L3-256.__PIPE__L1-NA": {
    "perf": 180380.0,
    "point": {
      "__PIPE__L1": "",
      "__PARA__L1": 8,
      "__PARA__L2": 205,
      "__PARA__L3": 256
    },
    "res_util": {
      "util-URAM": 0.0,
      "util-BRAM": 0.2537037037037037,
      "util-DSP": 0.774074074074074,
      "util-LUT": 1.0,
      "util-FF": 0.8037826498849642,
      "total-URAM": 0,
      "total-BRAM": 822,
      "total-DSP": 3971,
      "total-LUT": 4258508,
      "total-FF": 1425396
    },
    "valid": false
  },
  "__PARA__L1-10.__PARA__L2-205.__PARA__L3-256.__PIPE__L1-NA": {
    "perf": 0.0,
    "point": {
      "__PIPE__L1": "",
      "__PARA__L1": 10,
      "__PARA__L2": 205,
      "__PARA__L3": 256
    },
    "res_util": {
      "util-URAM": 0,
      "util-BRAM": 0,
      "util-DSP": 0,
      "util-LUT": 0,
      "util-FF": 0,
      "total-URAM": 0,
      "total-BRAM": 0,
      "total-DSP": 0,
      "total-LUT": 0,
      "total-FF": 0
    },
    "valid": false
  },
  "__PARA__L1-13.__PARA__L2-205.__PARA__L3-256.__PIPE__L1-NA": {
    "perf": 0.0,
    "point": {
      "__PIPE__L1": "",
      "__PARA__L1": 13,
      "__PARA__L2": 205,
      "__PARA__L3": 256
    },
    "res_util": {
      "util-URAM": 0,
      "util-BRAM": 0,
      "util-DSP": 0,
      "util-LUT": 0,
      "util-FF": 0,
      "total-URAM": 0,
      "total-BRAM": 0,
      "total-DSP": 0,
      "total-LUT": 0,
      "total-FF": 0
    },
    "valid": false
  },
  "__PARA__L1-15.__PARA__L2-205.__PARA__L3-256.__PIPE__L1-NA": {
    "perf": 0.0,
    "point": {
      "__PIPE__L1": "",
      "__PARA__L1": 15,
      "__PARA__L2": 205,
      "__PARA__L3": 256
    },
    "res_util": {
      "util-URAM": 0,
      "util-BRAM": 0,
      "util-DSP": 0,
      "util-LUT": 0,
      "util-FF": 0,
      "total-URAM": 0,
      "total-BRAM": 0,
      "total-DSP": 0,
      "total-LUT": 0,
      "total-FF": 0
    },
    "valid": false
  },
  "__PARA__L1-16.__PARA__L2-205.__PARA__L3-256.__PIPE__L1-NA": {
    "perf": 0.0,
    "point": {
      "__PIPE__L1": "",
      "__PARA__L1": 16,
      "__PARA__L2": 205,
      "__PARA__L3": 256
    },
    "res_util": {
      "util-URAM": 0,
      "util-BRAM": 0,
      "util-DSP": 0,
      "util-LUT": 0,
      "util-FF": 0,
      "total-URAM": 0,
      "total-BRAM": 0,
      "total-DSP": 0,
      "total-LUT": 0,
      "total-FF": 0
    },
    "valid": false
  },
  "__PARA__L1-26.__PARA__L2-205.__PARA__L3-256.__PIPE__L1-NA": {
    "perf": 0.0,
    "point": {
      "__PIPE__L1": "",
      "__PARA__L1": 26,
      "__PARA__L2": 205,
      "__PARA__L3": 256
    },
    "res_util": {
      "util-URAM": 0,
      "util-BRAM": 0,
      "util-DSP": 0,
      "util-LUT": 0,
      "util-FF": 0,
      "total-URAM": 0,
      "total-BRAM": 0,
      "total-DSP": 0,
      "total-LUT": 0,
      "total-FF": 0
    },
    "valid": false
  },
  "__PARA__L1-30.__PARA__L2-205.__PARA__L3-256.__PIPE__L1-NA": {
    "perf": 0.0,
    "point": {
      "__PIPE__L1": "",
      "__PARA__L1": 30,
      "__PARA__L2": 205,
      "__PARA__L3": 256
    },
    "res_util": {
      "util-URAM": 0,
      "util-BRAM": 0,
      "util-DSP": 0,
      "util-LUT": 0,
      "util-FF": 0,
      "total-URAM": 0,
      "total-BRAM": 0,
      "total-DSP": 0,
      "total-LUT": 0,
      "total-FF": 0
    },
    "valid": false
  },
  "__PARA__L1-32.__PARA__L2-205.__PARA__L3-256.__PIPE__L1-NA": {
    "perf": 0.0,
    "point": {
      "__PIPE__L1": "",
      "__PARA__L1": 32,
      "__PARA__L2": 205,
      "__PARA__L3": 256
    },
    "res_util": {
      "util-URAM": 0,
      "util-BRAM": 0,
      "util-DSP": 0,
      "util-LUT": 0,
      "util-FF": 0,
      "total-URAM": 0,
      "total-BRAM": 0,
      "total-DSP": 0,
      "total-LUT": 0,
      "total-FF": 0
    },
    "valid": false
  },
  "__PARA__L1-39.__PARA__L2-205.__PARA__L3-256.__PIPE__L1-NA": {
    "perf": 0.0,
    "point": {
      "__PIPE__L1": "",
      "__PARA__L1": 39,
      "__PARA__L2": 205,
      "__PARA__L3": 256
    },
    "res_util": {
      "util-URAM": 0,
      "util-BRAM": 0,
      "util-DSP": 0,
      "util-LUT": 0,
      "util-FF": 0,
      "total-URAM": 0,
      "total-BRAM": 0,
      "total-DSP": 0,
      "total-LUT": 0,
      "total-FF": 0
    },
    "valid": false
  },
  "__PARA__L1-64.__PARA__L2-205.__PARA__L3-256.__PIPE__L1-NA": {
    "perf": 0.0,
    "point": {
      "__PIPE__L1": "",
      "__PARA__L1": 64,
      "__PARA__L2": 205,
      "__PARA__L3": 256
    },
    "res_util": {
      "util-URAM": 0,
      "util-BRAM": 0,
      "util-DSP": 0,
      "util-LUT": 0,
      "util-FF": 0,
      "total-URAM": 0,
      "total-BRAM": 0,
      "total-DSP": 0,
      "total-LUT": 0,
      "total-FF": 0
    },
    "valid": false
  },
  "__PARA__L1-65.__PARA__L2-205.__PARA__L3-256.__PIPE__L1-NA": {
    "perf": 0.0,
    "point": {
      "__PIPE__L1": "",
      "__PARA__L1": 65,
      "__PARA__L2": 205,
      "__PARA__L3": 256
    },
    "res_util": {
      "util-URAM": 0,
      "util-BRAM": 0,
      "util-DSP": 0,
      "util-LUT": 0,
      "util-FF": 0,
      "total-URAM": 0,
      "total-BRAM": 0,
      "total-DSP": 0,
      "total-LUT": 0,
      "total-FF": 0
    },
    "valid": false
  },
  "__PARA__L1-78.__PARA__L2-205.__PARA__L3-256.__PIPE__L1-NA": {
    "perf": 0.0,
    "point": {
      "__PIPE__L1": "",
      "__PARA__L1": 78,
      "__PARA__L2": 205,
      "__PARA__L3": 256
    },
    "res_util": {
      "util-URAM": 0,
      "util-BRAM": 0,
      "util-DSP": 0,
      "util-LUT": 0,
      "util-FF": 0,
      "total-URAM": 0,
      "total-BRAM": 0,
      "total-DSP": 0,
      "total-LUT": 0,
      "total-FF": 0
    },
    "valid": false
  },
  "__PARA__L1-128.__PARA__L2-205.__PARA__L3-256.__PIPE__L1-NA": {
    "perf": 0.0,
    "point": {
      "__PIPE__L1": "",
      "__PARA__L1": 128,
      "__PARA__L2": 205,
      "__PARA__L3": 256
    },
    "res_util": {
      "util-URAM": 0,
      "util-BRAM": 0,
      "util-DSP": 0,
      "util-LUT": 0,
      "util-FF": 0,
      "total-URAM": 0,
      "total-BRAM": 0,
      "total-DSP": 0,
      "total-LUT": 0,
      "total-FF": 0
    },
    "valid": false
  },
  "__PARA__L1-130.__PARA__L2-205.__PARA__L3-256.__PIPE__L1-NA": {
    "perf": 0.0,
    "point": {
      "__PIPE__L1": "",
      "__PARA__L1": 130,
      "__PARA__L2": 205,
      "__PARA__L3": 256
    },
    "res_util": {
      "util-URAM": 0,
      "util-BRAM": 0,
      "util-DSP": 0,
      "util-LUT": 0,
      "util-FF": 0,
      "total-URAM": 0,
      "total-BRAM": 0,
      "total-DSP": 0,
      "total-LUT": 0,
      "total-FF": 0
    },
    "valid": false
  },
  "__PARA__L1-195.__PARA__L2-205.__PARA__L3-256.__PIPE__L1-NA": {
    "perf": 0.0,
    "point": {
      "__PIPE__L1": "",
      "__PARA__L1": 195,
      "__PARA__L2": 205,
      "__PARA__L3": 256
    },
    "res_util": {
      "util-URAM": 0,
      "util-BRAM": 0,
      "util-DSP": 0,
      "util-LUT": 0,
      "util-FF": 0,
      "total-URAM": 0,
      "total-BRAM": 0,
      "total-DSP": 0,
      "total-LUT": 0,
      "total-FF": 0
    },
    "valid": false
  },
  "__PARA__L1-256.__PARA__L2-205.__PARA__L3-256.__PIPE__L1-NA": {
    "perf": 0.0,
    "point": {
      "__PIPE__L1": "",
      "__PARA__L1": 256,
      "__PARA__L2": 205,
      "__PARA__L3": 256
    },
    "res_util": {
      "util-URAM": 0,
      "util-BRAM": 0,
      "util-DSP": 0,
      "util-LUT": 0,
      "util-FF": 0,
      "total-URAM": 0,
      "total-BRAM": 0,
      "total-DSP": 0,
      "total-LUT": 0,
      "total-FF": 0
    },
    "valid": false
  },
  "__PARA__L1-390.__PARA__L2-205.__PARA__L3-256.__PIPE__L1-NA": {
    "perf": 0.0,
    "point": {
      "__PIPE__L1": "",
      "__PARA__L1": 390,
      "__PARA__L2": 205,
      "__PARA__L3": 256
    },
    "res_util": {
      "util-URAM": 0,
      "util-BRAM": 0,
      "util-DSP": 0,
      "util-LUT": 0,
      "util-FF": 0,
      "total-URAM": 0,
      "total-BRAM": 0,
      "total-DSP": 0,
      "total-LUT": 0,
      "total-FF": 0
    },
    "valid": false
  },
  "__PARA__L1-1.__PARA__L2-205.__PARA__L3-256.__PIPE__L1-off": {
    "perf": 196981.0,
    "point": {
      "__PIPE__L1": "off",
      "__PARA__L1": 1,
      "__PARA__L2": 205,
      "__PARA__L3": 256
    },
    "res_util": {
      "util-URAM": 0.0,
      "util-BRAM": 0.2537037037037037,
      "util-DSP": 0.5489278752436647,
      "util-LUT": 0.8045811341182839,
      "util-FF": 0.23336547570713223,
      "total-URAM": 0,
      "total-BRAM": 822,
      "total-DSP": 2816,
      "total-LUT": 713406,
      "total-FF": 413841
    },
    "valid": true
  },
  "__PARA__L1-1.__PARA__L2-205.__PARA__L3-256.__PIPE__L1-   ": {
    "perf": 163142.0,
    "point": {
      "__PIPE__L1": "   ",
      "__PARA__L1": 1,
      "__PARA__L2": 205,
      "__PARA__L3": 256
    },
    "res_util": {
      "util-URAM": 0.0,
      "util-BRAM": 0.25555555555555554,
      "util-DSP": 0.29376218323586745,
      "util-LUT": 0.1967440339243019,
      "util-FF": 0.18706466820047818,
      "total-URAM": 0,
      "total-BRAM": 828,
      "total-DSP": 1507,
      "total-LUT": 174449,
      "total-FF": 331733
    },
    "valid": true
  },
  "__PARA__L1-2.__PARA__L2-205.__PARA__L3-128.__PIPE__L1-NA": {
    "perf": 182746.0,
    "point": {
      "__PIPE__L1": "",
      "__PARA__L1": 2,
      "__PARA__L2": 205,
      "__PARA__L3": 128
    },
    "res_util": {
      "util-URAM": 0.0,
      "util-BRAM": 0.2537037037037037,
      "util-DSP": 0.27446393762183235,
      "util-LUT": 1.0,
      "util-FF": 0.2419536924256778,
      "total-URAM": 0,
      "total-BRAM": 822,
      "total-DSP": 1408,
      "total-LUT": 1078579,
      "total-FF": 429071
    },
    "valid": false
  },
  "__PARA__L1-3.__PARA__L2-205.__PARA__L3-128.__PIPE__L1-NA": {
    "perf": 185021.0,
    "point": {
      "__PIPE__L1": "",
      "__PARA__L1": 3,
      "__PARA__L2": 205,
      "__PARA__L3": 128
    },
    "res_util": {
      "util-URAM": 0.0,
      "util-BRAM": 0.2537037037037037,
      "util-DSP": 0.34951267056530216,
      "util-LUT": 1.0,
      "util-FF": 0.33501545089547524,
      "total-URAM": 0,
      "total-BRAM": 822,
      "total-DSP": 1793,
      "total-LUT": 1581063,
      "total-FF": 594103
    },
    "valid": false
  },
  "__PARA__L1-4.__PARA__L2-205.__PARA__L3-128.__PIPE__L1-NA": {
    "perf": 182771.0,
    "point": {
      "__PIPE__L1": "",
      "__PARA__L1": 4,
      "__PARA__L2": 205,
      "__PARA__L3": 128
    },
    "res_util": {
      "util-URAM": 0.0,
      "util-BRAM": 0.2537037037037037,
      "util-DSP": 0.27446393762183235,
      "util-LUT": 1.0,
      "util-FF": 0.38346077502593945,
      "total-URAM": 0,
      "total-BRAM": 822,
      "total-DSP": 1408,
      "total-LUT": 2027456,
      "total-FF": 680014
    },
    "valid": false
  },
  "__PARA__L1-5.__PARA__L2-205.__PARA__L3-128.__PIPE__L1-NA": {
    "perf": 178183.0,
    "point": {
      "__PIPE__L1": "",
      "__PARA__L1": 5,
      "__PARA__L2": 205,
      "__PARA__L3": 128
    },
    "res_util": {
      "util-URAM": 0.0,
      "util-BRAM": 0.2537037037037037,
      "util-DSP": 0.4996101364522417,
      "util-LUT": 1.0,
      "util-FF": 0.5299431587494925,
      "total-URAM": 0,
      "total-BRAM": 822,
      "total-DSP": 2563,
      "total-LUT": 2582465,
      "total-FF": 939780
    },
    "valid": false
  },
  "__PARA__L1-6.__PARA__L2-205.__PARA__L3-128.__PIPE__L1-NA": {
    "perf": 180081.0,
    "point": {
      "__PIPE__L1": "",
      "__PARA__L1": 6,
      "__PARA__L2": 205,
      "__PARA__L3": 128
    },
    "res_util": {
      "util-URAM": 0.0,
      "util-BRAM": 0.2537037037037037,
      "util-DSP": 0.4996101364522417,
      "util-LUT": 1.0,
      "util-FF": 0.6006310055487888,
      "total-URAM": 0,
      "total-BRAM": 822,
      "total-DSP": 2563,
      "total-LUT": 3057712,
      "total-FF": 1065135
    },
    "valid": false
  },
  "__PARA__L1-8.__PARA__L2-205.__PARA__L3-128.__PIPE__L1-NA": {
    "perf": 0.0,
    "point": {
      "__PIPE__L1": "",
      "__PARA__L1": 8,
      "__PARA__L2": 205,
      "__PARA__L3": 128
    },
    "res_util": {
      "util-URAM": 0,
      "util-BRAM": 0,
      "util-DSP": 0,
      "util-LUT": 0,
      "util-FF": 0,
      "total-URAM": 0,
      "total-BRAM": 0,
      "total-DSP": 0,
      "total-LUT": 0,
      "total-FF": 0
    },
    "valid": false
  },
  "__PARA__L1-10.__PARA__L2-205.__PARA__L3-128.__PIPE__L1-NA": {
    "perf": 0.0,
    "point": {
      "__PIPE__L1": "",
      "__PARA__L1": 10,
      "__PARA__L2": 205,
      "__PARA__L3": 128
    },
    "res_util": {
      "util-URAM": 0,
      "util-BRAM": 0,
      "util-DSP": 0,
      "util-LUT": 0,
      "util-FF": 0,
      "total-URAM": 0,
      "total-BRAM": 0,
      "total-DSP": 0,
      "total-LUT": 0,
      "total-FF": 0
    },
    "valid": false
  },
  "__PARA__L1-13.__PARA__L2-205.__PARA__L3-128.__PIPE__L1-NA": {
    "perf": 0.0,
    "point": {
      "__PIPE__L1": "",
      "__PARA__L1": 13,
      "__PARA__L2": 205,
      "__PARA__L3": 128
    },
    "res_util": {
      "util-URAM": 0,
      "util-BRAM": 0,
      "util-DSP": 0,
      "util-LUT": 0,
      "util-FF": 0,
      "total-URAM": 0,
      "total-BRAM": 0,
      "total-DSP": 0,
      "total-LUT": 0,
      "total-FF": 0
    },
    "valid": false
  },
  "__PARA__L1-15.__PARA__L2-205.__PARA__L3-128.__PIPE__L1-NA": {
    "perf": 0.0,
    "point": {
      "__PIPE__L1": "",
      "__PARA__L1": 15,
      "__PARA__L2": 205,
      "__PARA__L3": 128
    },
    "res_util": {
      "util-URAM": 0,
      "util-BRAM": 0,
      "util-DSP": 0,
      "util-LUT": 0,
      "util-FF": 0,
      "total-URAM": 0,
      "total-BRAM": 0,
      "total-DSP": 0,
      "total-LUT": 0,
      "total-FF": 0
    },
    "valid": false
  },
  "__PARA__L1-16.__PARA__L2-205.__PARA__L3-128.__PIPE__L1-NA": {
    "perf": 0.0,
    "point": {
      "__PIPE__L1": "",
      "__PARA__L1": 16,
      "__PARA__L2": 205,
      "__PARA__L3": 128
    },
    "res_util": {
      "util-URAM": 0,
      "util-BRAM": 0,
      "util-DSP": 0,
      "util-LUT": 0,
      "util-FF": 0,
      "total-URAM": 0,
      "total-BRAM": 0,
      "total-DSP": 0,
      "total-LUT": 0,
      "total-FF": 0
    },
    "valid": false
  },
  "__PARA__L1-26.__PARA__L2-205.__PARA__L3-128.__PIPE__L1-NA": {
    "perf": 0.0,
    "point": {
      "__PIPE__L1": "",
      "__PARA__L1": 26,
      "__PARA__L2": 205,
      "__PARA__L3": 128
    },
    "res_util": {
      "util-URAM": 0,
      "util-BRAM": 0,
      "util-DSP": 0,
      "util-LUT": 0,
      "util-FF": 0,
      "total-URAM": 0,
      "total-BRAM": 0,
      "total-DSP": 0,
      "total-LUT": 0,
      "total-FF": 0
    },
    "valid": false
  },
  "__PARA__L1-30.__PARA__L2-205.__PARA__L3-128.__PIPE__L1-NA": {
    "perf": 0.0,
    "point": {
      "__PIPE__L1": "",
      "__PARA__L1": 30,
      "__PARA__L2": 205,
      "__PARA__L3": 128
    },
    "res_util": {
      "util-URAM": 0,
      "util-BRAM": 0,
      "util-DSP": 0,
      "util-LUT": 0,
      "util-FF": 0,
      "total-URAM": 0,
      "total-BRAM": 0,
      "total-DSP": 0,
      "total-LUT": 0,
      "total-FF": 0
    },
    "valid": false
  },
  "__PARA__L1-32.__PARA__L2-205.__PARA__L3-128.__PIPE__L1-NA": {
    "perf": 0.0,
    "point": {
      "__PIPE__L1": "",
      "__PARA__L1": 32,
      "__PARA__L2": 205,
      "__PARA__L3": 128
    },
    "res_util": {
      "util-URAM": 0,
      "util-BRAM": 0,
      "util-DSP": 0,
      "util-LUT": 0,
      "util-FF": 0,
      "total-URAM": 0,
      "total-BRAM": 0,
      "total-DSP": 0,
      "total-LUT": 0,
      "total-FF": 0
    },
    "valid": false
  },
  "__PARA__L1-39.__PARA__L2-205.__PARA__L3-128.__PIPE__L1-NA": {
    "perf": 0.0,
    "point": {
      "__PIPE__L1": "",
      "__PARA__L1": 39,
      "__PARA__L2": 205,
      "__PARA__L3": 128
    },
    "res_util": {
      "util-URAM": 0,
      "util-BRAM": 0,
      "util-DSP": 0,
      "util-LUT": 0,
      "util-FF": 0,
      "total-URAM": 0,
      "total-BRAM": 0,
      "total-DSP": 0,
      "total-LUT": 0,
      "total-FF": 0
    },
    "valid": false
  },
  "__PARA__L1-64.__PARA__L2-205.__PARA__L3-128.__PIPE__L1-NA": {
    "perf": 0.0,
    "point": {
      "__PIPE__L1": "",
      "__PARA__L1": 64,
      "__PARA__L2": 205,
      "__PARA__L3": 128
    },
    "res_util": {
      "util-URAM": 0,
      "util-BRAM": 0,
      "util-DSP": 0,
      "util-LUT": 0,
      "util-FF": 0,
      "total-URAM": 0,
      "total-BRAM": 0,
      "total-DSP": 0,
      "total-LUT": 0,
      "total-FF": 0
    },
    "valid": false
  },
  "__PARA__L1-65.__PARA__L2-205.__PARA__L3-128.__PIPE__L1-NA": {
    "perf": 0.0,
    "point": {
      "__PIPE__L1": "",
      "__PARA__L1": 65,
      "__PARA__L2": 205,
      "__PARA__L3": 128
    },
    "res_util": {
      "util-URAM": 0,
      "util-BRAM": 0,
      "util-DSP": 0,
      "util-LUT": 0,
      "util-FF": 0,
      "total-URAM": 0,
      "total-BRAM": 0,
      "total-DSP": 0,
      "total-LUT": 0,
      "total-FF": 0
    },
    "valid": false
  },
  "__PARA__L1-78.__PARA__L2-205.__PARA__L3-128.__PIPE__L1-NA": {
    "perf": 0.0,
    "point": {
      "__PIPE__L1": "",
      "__PARA__L1": 78,
      "__PARA__L2": 205,
      "__PARA__L3": 128
    },
    "res_util": {
      "util-URAM": 0,
      "util-BRAM": 0,
      "util-DSP": 0,
      "util-LUT": 0,
      "util-FF": 0,
      "total-URAM": 0,
      "total-BRAM": 0,
      "total-DSP": 0,
      "total-LUT": 0,
      "total-FF": 0
    },
    "valid": false
  },
  "__PARA__L1-128.__PARA__L2-205.__PARA__L3-128.__PIPE__L1-NA": {
    "perf": 0.0,
    "point": {
      "__PIPE__L1": "",
      "__PARA__L1": 128,
      "__PARA__L2": 205,
      "__PARA__L3": 128
    },
    "res_util": {
      "util-URAM": 0,
      "util-BRAM": 0,
      "util-DSP": 0,
      "util-LUT": 0,
      "util-FF": 0,
      "total-URAM": 0,
      "total-BRAM": 0,
      "total-DSP": 0,
      "total-LUT": 0,
      "total-FF": 0
    },
    "valid": false
  },
  "__PARA__L1-130.__PARA__L2-205.__PARA__L3-128.__PIPE__L1-NA": {
    "perf": 0.0,
    "point": {
      "__PIPE__L1": "",
      "__PARA__L1": 130,
      "__PARA__L2": 205,
      "__PARA__L3": 128
    },
    "res_util": {
      "util-URAM": 0,
      "util-BRAM": 0,
      "util-DSP": 0,
      "util-LUT": 0,
      "util-FF": 0,
      "total-URAM": 0,
      "total-BRAM": 0,
      "total-DSP": 0,
      "total-LUT": 0,
      "total-FF": 0
    },
    "valid": false
  },
  "__PARA__L1-195.__PARA__L2-205.__PARA__L3-128.__PIPE__L1-NA": {
    "perf": 0.0,
    "point": {
      "__PIPE__L1": "",
      "__PARA__L1": 195,
      "__PARA__L2": 205,
      "__PARA__L3": 128
    },
    "res_util": {
      "util-URAM": 0,
      "util-BRAM": 0,
      "util-DSP": 0,
      "util-LUT": 0,
      "util-FF": 0,
      "total-URAM": 0,
      "total-BRAM": 0,
      "total-DSP": 0,
      "total-LUT": 0,
      "total-FF": 0
    },
    "valid": false
  },
  "__PARA__L1-256.__PARA__L2-205.__PARA__L3-128.__PIPE__L1-NA": {
    "perf": 0.0,
    "point": {
      "__PIPE__L1": "",
      "__PARA__L1": 256,
      "__PARA__L2": 205,
      "__PARA__L3": 128
    },
    "res_util": {
      "util-URAM": 0,
      "util-BRAM": 0,
      "util-DSP": 0,
      "util-LUT": 0,
      "util-FF": 0,
      "total-URAM": 0,
      "total-BRAM": 0,
      "total-DSP": 0,
      "total-LUT": 0,
      "total-FF": 0
    },
    "valid": false
  },
  "__PARA__L1-390.__PARA__L2-205.__PARA__L3-128.__PIPE__L1-NA": {
    "perf": 0.0,
    "point": {
      "__PIPE__L1": "",
      "__PARA__L1": 390,
      "__PARA__L2": 205,
      "__PARA__L3": 128
    },
    "res_util": {
      "util-URAM": 0,
      "util-BRAM": 0,
      "util-DSP": 0,
      "util-LUT": 0,
      "util-FF": 0,
      "total-URAM": 0,
      "total-BRAM": 0,
      "total-DSP": 0,
      "total-LUT": 0,
      "total-FF": 0
    },
    "valid": false
  },
  "__PARA__L1-1.__PARA__L2-205.__PARA__L3-128.__PIPE__L1-off": {
    "perf": 197371.0,
    "point": {
      "__PIPE__L1": "off",
      "__PARA__L1": 1,
      "__PARA__L2": 205,
      "__PARA__L3": 128
    },
    "res_util": {
      "util-URAM": 0.0,
      "util-BRAM": 0.2537037037037037,
      "util-DSP": 0.27446393762183235,
      "util-LUT": 0.6773931970947805,
      "util-FF": 0.15646400054134524,
      "total-URAM": 0,
      "total-BRAM": 822,
      "total-DSP": 1408,
      "total-LUT": 600631,
      "total-FF": 277467
    },
    "valid": true
  },
  "__PARA__L1-1.__PARA__L2-205.__PARA__L3-128.__PIPE__L1-   ": {
    "perf": 163142.0,
    "point": {
      "__PIPE__L1": "   ",
      "__PARA__L1": 1,
      "__PARA__L2": 205,
      "__PARA__L3": 128
    },
    "res_util": {
      "util-URAM": 0.0,
      "util-BRAM": 0.25555555555555554,
      "util-DSP": 0.29376218323586745,
      "util-LUT": 0.1967440339243019,
      "util-FF": 0.18706466820047818,
      "total-URAM": 0,
      "total-BRAM": 828,
      "total-DSP": 1507,
      "total-LUT": 174449,
      "total-FF": 331733
    },
    "valid": true
  },
  "__PARA__L1-2.__PARA__L2-205.__PARA__L3-82.__PIPE__L1-NA": {
    "perf": 183135.0,
    "point": {
      "__PIPE__L1": "",
      "__PARA__L1": 2,
      "__PARA__L2": 205,
      "__PARA__L3": 82
    },
    "res_util": {
      "util-URAM": 0.0,
      "util-BRAM": 0.2537037037037037,
      "util-DSP": 0.17582846003898636,
      "util-LUT": 1.0,
      "util-FF": 0.20207120945549692,
      "total-URAM": 0,
      "total-BRAM": 822,
      "total-DSP": 902,
      "total-LUT": 1164669,
      "total-FF": 358345
    },
    "valid": false
  },
  "__PARA__L1-3.__PARA__L2-205.__PARA__L3-82.__PIPE__L1-NA": {
    "perf": 185280.0,
    "point": {
      "__PIPE__L1": "",
      "__PARA__L1": 3,
      "__PARA__L2": 205,
      "__PARA__L3": 82
    },
    "res_util": {
      "util-URAM": 0.0,
      "util-BRAM": 0.2537037037037037,
      "util-DSP": 0.25087719298245614,
      "util-LUT": 1.0,
      "util-FF": 0.286791739973835,
      "total-URAM": 0,
      "total-BRAM": 822,
      "total-DSP": 1287,
      "total-LUT": 1732007,
      "total-FF": 508585
    },
    "valid": false
  },
  "__PARA__L1-4.__PARA__L2-205.__PARA__L3-82.__PIPE__L1-NA": {
    "perf": 183162.0,
    "point": {
      "__PIPE__L1": "",
      "__PARA__L1": 4,
      "__PARA__L2": 205,
      "__PARA__L3": 82
    },
    "res_util": {
      "util-URAM": 0.0,
      "util-BRAM": 0.2537037037037037,
      "util-DSP": 0.17582846003898636,
      "util-LUT": 1.0,
      "util-FF": 0.3268958361528398,
      "total-URAM": 0,
      "total-BRAM": 822,
      "total-DSP": 902,
      "total-LUT": 2243254,
      "total-FF": 579704
    },
    "valid": false
  },
  "__PARA__L1-5.__PARA__L2-205.__PARA__L3-82.__PIPE__L1-NA": {
    "perf": 0.0,
    "point": {
      "__PIPE__L1": "",
      "__PARA__L1": 5,
      "__PARA__L2": 205,
      "__PARA__L3": 82
    },
    "res_util": {
      "util-URAM": 0,
      "util-BRAM": 0,
      "util-DSP": 0,
      "util-LUT": 0,
      "util-FF": 0,
      "total-URAM": 0,
      "total-BRAM": 0,
      "total-DSP": 0,
      "total-LUT": 0,
      "total-FF": 0
    },
    "valid": false
  },
  "__PARA__L1-6.__PARA__L2-205.__PARA__L3-82.__PIPE__L1-NA": {
    "perf": 0.0,
    "point": {
      "__PIPE__L1": "",
      "__PARA__L1": 6,
      "__PARA__L2": 205,
      "__PARA__L3": 82
    },
    "res_util": {
      "util-URAM": 0,
      "util-BRAM": 0,
      "util-DSP": 0,
      "util-LUT": 0,
      "util-FF": 0,
      "total-URAM": 0,
      "total-BRAM": 0,
      "total-DSP": 0,
      "total-LUT": 0,
      "total-FF": 0
    },
    "valid": false
  },
  "__PARA__L1-8.__PARA__L2-205.__PARA__L3-82.__PIPE__L1-NA": {
    "perf": 0.0,
    "point": {
      "__PIPE__L1": "",
      "__PARA__L1": 8,
      "__PARA__L2": 205,
      "__PARA__L3": 82
    },
    "res_util": {
      "util-URAM": 0,
      "util-BRAM": 0,
      "util-DSP": 0,
      "util-LUT": 0,
      "util-FF": 0,
      "total-URAM": 0,
      "total-BRAM": 0,
      "total-DSP": 0,
      "total-LUT": 0,
      "total-FF": 0
    },
    "valid": false
  },
  "__PARA__L1-10.__PARA__L2-205.__PARA__L3-82.__PIPE__L1-NA": {
    "perf": 0.0,
    "point": {
      "__PIPE__L1": "",
      "__PARA__L1": 10,
      "__PARA__L2": 205,
      "__PARA__L3": 82
    },
    "res_util": {
      "util-URAM": 0,
      "util-BRAM": 0,
      "util-DSP": 0,
      "util-LUT": 0,
      "util-FF": 0,
      "total-URAM": 0,
      "total-BRAM": 0,
      "total-DSP": 0,
      "total-LUT": 0,
      "total-FF": 0
    },
    "valid": false
  },
  "__PARA__L1-13.__PARA__L2-205.__PARA__L3-82.__PIPE__L1-NA": {
    "perf": 0.0,
    "point": {
      "__PIPE__L1": "",
      "__PARA__L1": 13,
      "__PARA__L2": 205,
      "__PARA__L3": 82
    },
    "res_util": {
      "util-URAM": 0,
      "util-BRAM": 0,
      "util-DSP": 0,
      "util-LUT": 0,
      "util-FF": 0,
      "total-URAM": 0,
      "total-BRAM": 0,
      "total-DSP": 0,
      "total-LUT": 0,
      "total-FF": 0
    },
    "valid": false
  },
  "__PARA__L1-15.__PARA__L2-205.__PARA__L3-82.__PIPE__L1-NA": {
    "perf": 0.0,
    "point": {
      "__PIPE__L1": "",
      "__PARA__L1": 15,
      "__PARA__L2": 205,
      "__PARA__L3": 82
    },
    "res_util": {
      "util-URAM": 0,
      "util-BRAM": 0,
      "util-DSP": 0,
      "util-LUT": 0,
      "util-FF": 0,
      "total-URAM": 0,
      "total-BRAM": 0,
      "total-DSP": 0,
      "total-LUT": 0,
      "total-FF": 0
    },
    "valid": false
  },
  "__PARA__L1-16.__PARA__L2-205.__PARA__L3-82.__PIPE__L1-NA": {
    "perf": 0.0,
    "point": {
      "__PIPE__L1": "",
      "__PARA__L1": 16,
      "__PARA__L2": 205,
      "__PARA__L3": 82
    },
    "res_util": {
      "util-URAM": 0,
      "util-BRAM": 0,
      "util-DSP": 0,
      "util-LUT": 0,
      "util-FF": 0,
      "total-URAM": 0,
      "total-BRAM": 0,
      "total-DSP": 0,
      "total-LUT": 0,
      "total-FF": 0
    },
    "valid": false
  },
  "__PARA__L1-26.__PARA__L2-205.__PARA__L3-82.__PIPE__L1-NA": {
    "perf": 0.0,
    "point": {
      "__PIPE__L1": "",
      "__PARA__L1": 26,
      "__PARA__L2": 205,
      "__PARA__L3": 82
    },
    "res_util": {
      "util-URAM": 0,
      "util-BRAM": 0,
      "util-DSP": 0,
      "util-LUT": 0,
      "util-FF": 0,
      "total-URAM": 0,
      "total-BRAM": 0,
      "total-DSP": 0,
      "total-LUT": 0,
      "total-FF": 0
    },
    "valid": false
  },
  "__PARA__L1-30.__PARA__L2-205.__PARA__L3-82.__PIPE__L1-NA": {
    "perf": 0.0,
    "point": {
      "__PIPE__L1": "",
      "__PARA__L1": 30,
      "__PARA__L2": 205,
      "__PARA__L3": 82
    },
    "res_util": {
      "util-URAM": 0,
      "util-BRAM": 0,
      "util-DSP": 0,
      "util-LUT": 0,
      "util-FF": 0,
      "total-URAM": 0,
      "total-BRAM": 0,
      "total-DSP": 0,
      "total-LUT": 0,
      "total-FF": 0
    },
    "valid": false
  },
  "__PARA__L1-32.__PARA__L2-205.__PARA__L3-82.__PIPE__L1-NA": {
    "perf": 0.0,
    "point": {
      "__PIPE__L1": "",
      "__PARA__L1": 32,
      "__PARA__L2": 205,
      "__PARA__L3": 82
    },
    "res_util": {
      "util-URAM": 0,
      "util-BRAM": 0,
      "util-DSP": 0,
      "util-LUT": 0,
      "util-FF": 0,
      "total-URAM": 0,
      "total-BRAM": 0,
      "total-DSP": 0,
      "total-LUT": 0,
      "total-FF": 0
    },
    "valid": false
  },
  "__PARA__L1-39.__PARA__L2-205.__PARA__L3-82.__PIPE__L1-NA": {
    "perf": 0.0,
    "point": {
      "__PIPE__L1": "",
      "__PARA__L1": 39,
      "__PARA__L2": 205,
      "__PARA__L3": 82
    },
    "res_util": {
      "util-URAM": 0,
      "util-BRAM": 0,
      "util-DSP": 0,
      "util-LUT": 0,
      "util-FF": 0,
      "total-URAM": 0,
      "total-BRAM": 0,
      "total-DSP": 0,
      "total-LUT": 0,
      "total-FF": 0
    },
    "valid": false
  },
  "__PARA__L1-64.__PARA__L2-205.__PARA__L3-82.__PIPE__L1-NA": {
    "perf": 0.0,
    "point": {
      "__PIPE__L1": "",
      "__PARA__L1": 64,
      "__PARA__L2": 205,
      "__PARA__L3": 82
    },
    "res_util": {
      "util-URAM": 0,
      "util-BRAM": 0,
      "util-DSP": 0,
      "util-LUT": 0,
      "util-FF": 0,
      "total-URAM": 0,
      "total-BRAM": 0,
      "total-DSP": 0,
      "total-LUT": 0,
      "total-FF": 0
    },
    "valid": false
  },
  "__PARA__L1-65.__PARA__L2-205.__PARA__L3-82.__PIPE__L1-NA": {
    "perf": 0.0,
    "point": {
      "__PIPE__L1": "",
      "__PARA__L1": 65,
      "__PARA__L2": 205,
      "__PARA__L3": 82
    },
    "res_util": {
      "util-URAM": 0,
      "util-BRAM": 0,
      "util-DSP": 0,
      "util-LUT": 0,
      "util-FF": 0,
      "total-URAM": 0,
      "total-BRAM": 0,
      "total-DSP": 0,
      "total-LUT": 0,
      "total-FF": 0
    },
    "valid": false
  },
  "__PARA__L1-78.__PARA__L2-205.__PARA__L3-82.__PIPE__L1-NA": {
    "perf": 0.0,
    "point": {
      "__PIPE__L1": "",
      "__PARA__L1": 78,
      "__PARA__L2": 205,
      "__PARA__L3": 82
    },
    "res_util": {
      "util-URAM": 0,
      "util-BRAM": 0,
      "util-DSP": 0,
      "util-LUT": 0,
      "util-FF": 0,
      "total-URAM": 0,
      "total-BRAM": 0,
      "total-DSP": 0,
      "total-LUT": 0,
      "total-FF": 0
    },
    "valid": false
  },
  "__PARA__L1-128.__PARA__L2-205.__PARA__L3-82.__PIPE__L1-NA": {
    "perf": 0.0,
    "point": {
      "__PIPE__L1": "",
      "__PARA__L1": 128,
      "__PARA__L2": 205,
      "__PARA__L3": 82
    },
    "res_util": {
      "util-URAM": 0,
      "util-BRAM": 0,
      "util-DSP": 0,
      "util-LUT": 0,
      "util-FF": 0,
      "total-URAM": 0,
      "total-BRAM": 0,
      "total-DSP": 0,
      "total-LUT": 0,
      "total-FF": 0
    },
    "valid": false
  },
  "__PARA__L1-130.__PARA__L2-205.__PARA__L3-82.__PIPE__L1-NA": {
    "perf": 0.0,
    "point": {
      "__PIPE__L1": "",
      "__PARA__L1": 130,
      "__PARA__L2": 205,
      "__PARA__L3": 82
    },
    "res_util": {
      "util-URAM": 0,
      "util-BRAM": 0,
      "util-DSP": 0,
      "util-LUT": 0,
      "util-FF": 0,
      "total-URAM": 0,
      "total-BRAM": 0,
      "total-DSP": 0,
      "total-LUT": 0,
      "total-FF": 0
    },
    "valid": false
  },
  "__PARA__L1-195.__PARA__L2-205.__PARA__L3-82.__PIPE__L1-NA": {
    "perf": 0.0,
    "point": {
      "__PIPE__L1": "",
      "__PARA__L1": 195,
      "__PARA__L2": 205,
      "__PARA__L3": 82
    },
    "res_util": {
      "util-URAM": 0,
      "util-BRAM": 0,
      "util-DSP": 0,
      "util-LUT": 0,
      "util-FF": 0,
      "total-URAM": 0,
      "total-BRAM": 0,
      "total-DSP": 0,
      "total-LUT": 0,
      "total-FF": 0
    },
    "valid": false
  },
  "__PARA__L1-256.__PARA__L2-205.__PARA__L3-82.__PIPE__L1-NA": {
    "perf": 0.0,
    "point": {
      "__PIPE__L1": "",
      "__PARA__L1": 256,
      "__PARA__L2": 205,
      "__PARA__L3": 82
    },
    "res_util": {
      "util-URAM": 0,
      "util-BRAM": 0,
      "util-DSP": 0,
      "util-LUT": 0,
      "util-FF": 0,
      "total-URAM": 0,
      "total-BRAM": 0,
      "total-DSP": 0,
      "total-LUT": 0,
      "total-FF": 0
    },
    "valid": false
  },
  "__PARA__L1-390.__PARA__L2-205.__PARA__L3-82.__PIPE__L1-NA": {
    "perf": 0.0,
    "point": {
      "__PIPE__L1": "",
      "__PARA__L1": 390,
      "__PARA__L2": 205,
      "__PARA__L3": 82
    },
    "res_util": {
      "util-URAM": 0,
      "util-BRAM": 0,
      "util-DSP": 0,
      "util-LUT": 0,
      "util-FF": 0,
      "total-URAM": 0,
      "total-BRAM": 0,
      "total-DSP": 0,
      "total-LUT": 0,
      "total-FF": 0
    },
    "valid": false
  },
  "__PARA__L1-1.__PARA__L2-205.__PARA__L3-82.__PIPE__L1-off": {
    "perf": 197760.0,
    "point": {
      "__PIPE__L1": "off",
      "__PARA__L1": 1,
      "__PARA__L2": 205,
      "__PARA__L3": 82
    },
    "res_util": {
      "util-URAM": 0.0,
      "util-BRAM": 0.2537037037037037,
      "util-DSP": 0.17582846003898636,
      "util-LUT": 0.7043003112735147,
      "util-FF": 0.12492274552262372,
      "total-URAM": 0,
      "total-BRAM": 822,
      "total-DSP": 902,
      "total-LUT": 624489,
      "total-FF": 221533
    },
    "valid": true
  },
  "__PARA__L1-1.__PARA__L2-205.__PARA__L3-82.__PIPE__L1-   ": {
    "perf": 163142.0,
    "point": {
      "__PIPE__L1": "   ",
      "__PARA__L1": 1,
      "__PARA__L2": 205,
      "__PARA__L3": 82
    },
    "res_util": {
      "util-URAM": 0.0,
      "util-BRAM": 0.25555555555555554,
      "util-DSP": 0.29376218323586745,
      "util-LUT": 0.1967440339243019,
      "util-FF": 0.18706466820047818,
      "total-URAM": 0,
      "total-BRAM": 828,
      "total-DSP": 1507,
      "total-LUT": 174449,
      "total-FF": 331733
    },
    "valid": true
  },
  "__PARA__L1-2.__PARA__L2-205.__PARA__L3-64.__PIPE__L1-NA": {
    "perf": 183915.0,
    "point": {
      "__PIPE__L1": "",
      "__PARA__L1": 2,
      "__PARA__L2": 205,
      "__PARA__L3": 64
    },
    "res_util": {
      "util-URAM": 0.0,
      "util-BRAM": 0.2537037037037037,
      "util-DSP": 0.15009746588693956,
      "util-LUT": 1.0,
      "util-FF": 0.18928700320295935,
      "total-URAM": 0,
      "total-BRAM": 822,
      "total-DSP": 770,
      "total-LUT": 1009649,
      "total-FF": 335674
    },
    "valid": false
  },
  "__PARA__L1-3.__PARA__L2-205.__PARA__L3-64.__PIPE__L1-NA": {
    "perf": 185800.0,
    "point": {
      "__PIPE__L1": "",
      "__PARA__L1": 3,
      "__PARA__L2": 205,
      "__PARA__L3": 64
    },
    "res_util": {
      "util-URAM": 0.0,
      "util-BRAM": 0.2537037037037037,
      "util-DSP": 0.21228070175438596,
      "util-LUT": 1.0,
      "util-FF": 0.2679563089276853,
      "total-URAM": 0,
      "total-BRAM": 822,
      "total-DSP": 1089,
      "total-LUT": 1501399,
      "total-FF": 475183
    },
    "valid": false
  },
  "__PARA__L1-4.__PARA__L2-205.__PARA__L3-64.__PIPE__L1-NA": {
    "perf": 183946.0,
    "point": {
      "__PIPE__L1": "",
      "__PARA__L1": 4,
      "__PARA__L2": 205,
      "__PARA__L3": 64
    },
    "res_util": {
      "util-URAM": 0.0,
      "util-BRAM": 0.2537037037037037,
      "util-DSP": 0.15009746588693956,
      "util-LUT": 1.0,
      "util-FF": 0.30762563720846303,
      "total-URAM": 0,
      "total-BRAM": 822,
      "total-DSP": 770,
      "total-LUT": 1946178,
      "total-FF": 545531
    },
    "valid": false
  },
  "__PARA__L1-5.__PARA__L2-205.__PARA__L3-64.__PIPE__L1-NA": {
    "perf": 179118.0,
    "point": {
      "__PIPE__L1": "",
      "__PARA__L1": 5,
      "__PARA__L2": 205,
      "__PARA__L3": 64
    },
    "res_util": {
      "util-URAM": 0.0,
      "util-BRAM": 0.2537037037037037,
      "util-DSP": 0.3623781676413255,
      "util-LUT": 1.0,
      "util-FF": 0.43971556818694457,
      "total-URAM": 0,
      "total-BRAM": 822,
      "total-DSP": 1859,
      "total-LUT": 2490513,
      "total-FF": 779774
    },
    "valid": false
  },
  "__PARA__L1-6.__PARA__L2-205.__PARA__L3-64.__PIPE__L1-NA": {
    "perf": 180860.0,
    "point": {
      "__PIPE__L1": "",
      "__PARA__L1": 6,
      "__PARA__L2": 205,
      "__PARA__L3": 64
    },
    "res_util": {
      "util-URAM": 0.0,
      "util-BRAM": 0.2537037037037037,
      "util-DSP": 0.3623781676413255,
      "util-LUT": 1.0,
      "util-FF": 0.4988191906888618,
      "total-URAM": 0,
      "total-BRAM": 822,
      "total-DSP": 1859,
      "total-LUT": 2959008,
      "total-FF": 884586
    },
    "valid": false
  },
  "__PARA__L1-8.__PARA__L2-205.__PARA__L3-64.__PIPE__L1-NA": {
    "perf": 181701.0,
    "point": {
      "__PIPE__L1": "",
      "__PARA__L1": 8,
      "__PARA__L2": 205,
      "__PARA__L3": 64
    },
    "res_util": {
      "util-URAM": 0.0,
      "util-BRAM": 0.2537037037037037,
      "util-DSP": 0.3623781676413255,
      "util-LUT": 1.0,
      "util-FF": 0.6172796273740244,
      "total-URAM": 0,
      "total-BRAM": 822,
      "total-DSP": 1859,
      "total-LUT": 3892480,
      "total-FF": 1094659
    },
    "valid": false
  },
  "__PARA__L1-10.__PARA__L2-205.__PARA__L3-64.__PIPE__L1-NA": {
    "perf": 178182.0,
    "point": {
      "__PIPE__L1": "",
      "__PARA__L1": 10,
      "__PARA__L2": 205,
      "__PARA__L3": 64
    },
    "res_util": {
      "util-URAM": 0.0,
      "util-BRAM": 0.2537037037037037,
      "util-DSP": 0.3623781676413255,
      "util-LUT": 1.0,
      "util-FF": 0.7532091622682365,
      "total-URAM": 0,
      "total-BRAM": 822,
      "total-DSP": 1859,
      "total-LUT": 4833106,
      "total-FF": 1335711
    },
    "valid": false
  },
  "__PARA__L1-13.__PARA__L2-205.__PARA__L3-64.__PIPE__L1-NA": {
    "perf": 0.0,
    "point": {
      "__PIPE__L1": "",
      "__PARA__L1": 13,
      "__PARA__L2": 205,
      "__PARA__L3": 64
    },
    "res_util": {
      "util-URAM": 0,
      "util-BRAM": 0,
      "util-DSP": 0,
      "util-LUT": 0,
      "util-FF": 0,
      "total-URAM": 0,
      "total-BRAM": 0,
      "total-DSP": 0,
      "total-LUT": 0,
      "total-FF": 0
    },
    "valid": false
  },
  "__PARA__L1-15.__PARA__L2-205.__PARA__L3-64.__PIPE__L1-NA": {
    "perf": 0.0,
    "point": {
      "__PIPE__L1": "",
      "__PARA__L1": 15,
      "__PARA__L2": 205,
      "__PARA__L3": 64
    },
    "res_util": {
      "util-URAM": 0,
      "util-BRAM": 0,
      "util-DSP": 0,
      "util-LUT": 0,
      "util-FF": 0,
      "total-URAM": 0,
      "total-BRAM": 0,
      "total-DSP": 0,
      "total-LUT": 0,
      "total-FF": 0
    },
    "valid": false
  },
  "__PARA__L1-16.__PARA__L2-205.__PARA__L3-64.__PIPE__L1-NA": {
    "perf": 0.0,
    "point": {
      "__PIPE__L1": "",
      "__PARA__L1": 16,
      "__PARA__L2": 205,
      "__PARA__L3": 64
    },
    "res_util": {
      "util-URAM": 0,
      "util-BRAM": 0,
      "util-DSP": 0,
      "util-LUT": 0,
      "util-FF": 0,
      "total-URAM": 0,
      "total-BRAM": 0,
      "total-DSP": 0,
      "total-LUT": 0,
      "total-FF": 0
    },
    "valid": false
  },
  "__PARA__L1-26.__PARA__L2-205.__PARA__L3-64.__PIPE__L1-NA": {
    "perf": 0.0,
    "point": {
      "__PIPE__L1": "",
      "__PARA__L1": 26,
      "__PARA__L2": 205,
      "__PARA__L3": 64
    },
    "res_util": {
      "util-URAM": 0,
      "util-BRAM": 0,
      "util-DSP": 0,
      "util-LUT": 0,
      "util-FF": 0,
      "total-URAM": 0,
      "total-BRAM": 0,
      "total-DSP": 0,
      "total-LUT": 0,
      "total-FF": 0
    },
    "valid": false
  },
  "__PARA__L1-30.__PARA__L2-205.__PARA__L3-64.__PIPE__L1-NA": {
    "perf": 0.0,
    "point": {
      "__PIPE__L1": "",
      "__PARA__L1": 30,
      "__PARA__L2": 205,
      "__PARA__L3": 64
    },
    "res_util": {
      "util-URAM": 0,
      "util-BRAM": 0,
      "util-DSP": 0,
      "util-LUT": 0,
      "util-FF": 0,
      "total-URAM": 0,
      "total-BRAM": 0,
      "total-DSP": 0,
      "total-LUT": 0,
      "total-FF": 0
    },
    "valid": false
  },
  "__PARA__L1-32.__PARA__L2-205.__PARA__L3-64.__PIPE__L1-NA": {
    "perf": 0.0,
    "point": {
      "__PIPE__L1": "",
      "__PARA__L1": 32,
      "__PARA__L2": 205,
      "__PARA__L3": 64
    },
    "res_util": {
      "util-URAM": 0,
      "util-BRAM": 0,
      "util-DSP": 0,
      "util-LUT": 0,
      "util-FF": 0,
      "total-URAM": 0,
      "total-BRAM": 0,
      "total-DSP": 0,
      "total-LUT": 0,
      "total-FF": 0
    },
    "valid": false
  },
  "__PARA__L1-39.__PARA__L2-205.__PARA__L3-64.__PIPE__L1-NA": {
    "perf": 0.0,
    "point": {
      "__PIPE__L1": "",
      "__PARA__L1": 39,
      "__PARA__L2": 205,
      "__PARA__L3": 64
    },
    "res_util": {
      "util-URAM": 0,
      "util-BRAM": 0,
      "util-DSP": 0,
      "util-LUT": 0,
      "util-FF": 0,
      "total-URAM": 0,
      "total-BRAM": 0,
      "total-DSP": 0,
      "total-LUT": 0,
      "total-FF": 0
    },
    "valid": false
  },
  "__PARA__L1-64.__PARA__L2-205.__PARA__L3-64.__PIPE__L1-NA": {
    "perf": 0.0,
    "point": {
      "__PIPE__L1": "",
      "__PARA__L1": 64,
      "__PARA__L2": 205,
      "__PARA__L3": 64
    },
    "res_util": {
      "util-URAM": 0,
      "util-BRAM": 0,
      "util-DSP": 0,
      "util-LUT": 0,
      "util-FF": 0,
      "total-URAM": 0,
      "total-BRAM": 0,
      "total-DSP": 0,
      "total-LUT": 0,
      "total-FF": 0
    },
    "valid": false
  },
  "__PARA__L1-65.__PARA__L2-205.__PARA__L3-64.__PIPE__L1-NA": {
    "perf": 0.0,
    "point": {
      "__PIPE__L1": "",
      "__PARA__L1": 65,
      "__PARA__L2": 205,
      "__PARA__L3": 64
    },
    "res_util": {
      "util-URAM": 0,
      "util-BRAM": 0,
      "util-DSP": 0,
      "util-LUT": 0,
      "util-FF": 0,
      "total-URAM": 0,
      "total-BRAM": 0,
      "total-DSP": 0,
      "total-LUT": 0,
      "total-FF": 0
    },
    "valid": false
  },
  "__PARA__L1-78.__PARA__L2-205.__PARA__L3-64.__PIPE__L1-NA": {
    "perf": 0.0,
    "point": {
      "__PIPE__L1": "",
      "__PARA__L1": 78,
      "__PARA__L2": 205,
      "__PARA__L3": 64
    },
    "res_util": {
      "util-URAM": 0,
      "util-BRAM": 0,
      "util-DSP": 0,
      "util-LUT": 0,
      "util-FF": 0,
      "total-URAM": 0,
      "total-BRAM": 0,
      "total-DSP": 0,
      "total-LUT": 0,
      "total-FF": 0
    },
    "valid": false
  },
  "__PARA__L1-128.__PARA__L2-205.__PARA__L3-64.__PIPE__L1-NA": {
    "perf": 0.0,
    "point": {
      "__PIPE__L1": "",
      "__PARA__L1": 128,
      "__PARA__L2": 205,
      "__PARA__L3": 64
    },
    "res_util": {
      "util-URAM": 0,
      "util-BRAM": 0,
      "util-DSP": 0,
      "util-LUT": 0,
      "util-FF": 0,
      "total-URAM": 0,
      "total-BRAM": 0,
      "total-DSP": 0,
      "total-LUT": 0,
      "total-FF": 0
    },
    "valid": false
  },
  "__PARA__L1-130.__PARA__L2-205.__PARA__L3-64.__PIPE__L1-NA": {
    "perf": 0.0,
    "point": {
      "__PIPE__L1": "",
      "__PARA__L1": 130,
      "__PARA__L2": 205,
      "__PARA__L3": 64
    },
    "res_util": {
      "util-URAM": 0,
      "util-BRAM": 0,
      "util-DSP": 0,
      "util-LUT": 0,
      "util-FF": 0,
      "total-URAM": 0,
      "total-BRAM": 0,
      "total-DSP": 0,
      "total-LUT": 0,
      "total-FF": 0
    },
    "valid": false
  },
  "__PARA__L1-195.__PARA__L2-205.__PARA__L3-64.__PIPE__L1-NA": {
    "perf": 0.0,
    "point": {
      "__PIPE__L1": "",
      "__PARA__L1": 195,
      "__PARA__L2": 205,
      "__PARA__L3": 64
    },
    "res_util": {
      "util-URAM": 0,
      "util-BRAM": 0,
      "util-DSP": 0,
      "util-LUT": 0,
      "util-FF": 0,
      "total-URAM": 0,
      "total-BRAM": 0,
      "total-DSP": 0,
      "total-LUT": 0,
      "total-FF": 0
    },
    "valid": false
  },
  "__PARA__L1-256.__PARA__L2-205.__PARA__L3-64.__PIPE__L1-NA": {
    "perf": 0.0,
    "point": {
      "__PIPE__L1": "",
      "__PARA__L1": 256,
      "__PARA__L2": 205,
      "__PARA__L3": 64
    },
    "res_util": {
      "util-URAM": 0,
      "util-BRAM": 0,
      "util-DSP": 0,
      "util-LUT": 0,
      "util-FF": 0,
      "total-URAM": 0,
      "total-BRAM": 0,
      "total-DSP": 0,
      "total-LUT": 0,
      "total-FF": 0
    },
    "valid": false
  },
  "__PARA__L1-390.__PARA__L2-205.__PARA__L3-64.__PIPE__L1-NA": {
    "perf": 0.0,
    "point": {
      "__PIPE__L1": "",
      "__PARA__L1": 390,
      "__PARA__L2": 205,
      "__PARA__L3": 64
    },
    "res_util": {
      "util-URAM": 0,
      "util-BRAM": 0,
      "util-DSP": 0,
      "util-LUT": 0,
      "util-FF": 0,
      "total-URAM": 0,
      "total-BRAM": 0,
      "total-DSP": 0,
      "total-LUT": 0,
      "total-FF": 0
    },
    "valid": false
  },
  "__PARA__L1-1.__PARA__L2-205.__PARA__L3-64.__PIPE__L1-off": {
    "perf": 198540.0,
    "point": {
      "__PIPE__L1": "off",
      "__PARA__L1": 1,
      "__PARA__L2": 205,
      "__PARA__L3": 64
    },
    "res_util": {
      "util-URAM": 0.0,
      "util-BRAM": 0.2537037037037037,
      "util-DSP": 0.13723196881091618,
      "util-LUT": 0.6056288627238688,
      "util-FF": 0.11257330716831326,
      "total-URAM": 0,
      "total-BRAM": 822,
      "total-DSP": 704,
      "total-LUT": 536999,
      "total-FF": 199633
    },
    "valid": true
  },
  "__PARA__L1-1.__PARA__L2-205.__PARA__L3-64.__PIPE__L1-   ": {
    "perf": 163142.0,
    "point": {
      "__PIPE__L1": "   ",
      "__PARA__L1": 1,
      "__PARA__L2": 205,
      "__PARA__L3": 64
    },
    "res_util": {
      "util-URAM": 0.0,
      "util-BRAM": 0.25555555555555554,
      "util-DSP": 0.29376218323586745,
      "util-LUT": 0.1967440339243019,
      "util-FF": 0.18706466820047818,
      "total-URAM": 0,
      "total-BRAM": 828,
      "total-DSP": 1507,
      "total-LUT": 174449,
      "total-FF": 331733
    },
    "valid": true
  },
  "__PARA__L1-2.__PARA__L2-205.__PARA__L3-41.__PIPE__L1-NA": {
    "perf": 185085.0,
    "point": {
      "__PIPE__L1": "",
      "__PARA__L1": 2,
      "__PARA__L2": 205,
      "__PARA__L3": 41
    },
    "res_util": {
      "util-URAM": 0.0,
      "util-BRAM": 0.2537037037037037,
      "util-DSP": 0.15009746588693956,
      "util-LUT": 1.0,
      "util-FF": 0.18008808138223487,
      "total-URAM": 0,
      "total-BRAM": 822,
      "total-DSP": 770,
      "total-LUT": 1157187,
      "total-FF": 319361
    },
    "valid": false
  },
  "__PARA__L1-3.__PARA__L2-205.__PARA__L3-41.__PIPE__L1-NA": {
    "perf": 186580.0,
    "point": {
      "__PIPE__L1": "",
      "__PARA__L1": 3,
      "__PARA__L2": 205,
      "__PARA__L3": 41
    },
    "res_util": {
      "util-URAM": 0.0,
      "util-BRAM": 0.2537037037037037,
      "util-DSP": 0.16296296296296298,
      "util-LUT": 1.0,
      "util-FF": 0.24379201064645645,
      "total-URAM": 0,
      "total-BRAM": 822,
      "total-DSP": 836,
      "total-LUT": 1707700,
      "total-FF": 432331
    },
    "valid": false
  },
  "__PARA__L1-4.__PARA__L2-205.__PARA__L3-41.__PIPE__L1-NA": {
    "perf": 185122.0,
    "point": {
      "__PIPE__L1": "",
      "__PARA__L1": 4,
      "__PARA__L2": 205,
      "__PARA__L3": 41
    },
    "res_util": {
      "util-URAM": 0.0,
      "util-BRAM": 0.2537037037037037,
      "util-DSP": 0.15009746588693956,
      "util-LUT": 1.0,
      "util-FF": 0.29002571389903914,
      "total-URAM": 0,
      "total-BRAM": 822,
      "total-DSP": 770,
      "total-LUT": 2246202,
      "total-FF": 514320
    },
    "valid": false
  },
  "__PARA__L1-5.__PARA__L2-205.__PARA__L3-41.__PIPE__L1-NA": {
    "perf": 180054.0,
    "point": {
      "__PIPE__L1": "",
      "__PARA__L1": 5,
      "__PARA__L2": 205,
      "__PARA__L3": 41
    },
    "res_util": {
      "util-URAM": 0.0,
      "util-BRAM": 0.2537037037037037,
      "util-DSP": 0.31306042884990254,
      "util-LUT": 1.0,
      "util-FF": 0.4071502684170163,
      "total-URAM": 0,
      "total-BRAM": 822,
      "total-DSP": 1606,
      "total-LUT": 2848196,
      "total-FF": 722024
    },
    "valid": false
  },
  "__PARA__L1-6.__PARA__L2-205.__PARA__L3-41.__PIPE__L1-NA": {
    "perf": 181640.0,
    "point": {
      "__PIPE__L1": "",
      "__PARA__L1": 6,
      "__PARA__L2": 205,
      "__PARA__L3": 41
    },
    "res_util": {
      "util-URAM": 0.0,
      "util-BRAM": 0.2537037037037037,
      "util-DSP": 0.31306042884990254,
      "util-LUT": 1.0,
      "util-FF": 0.46205339017458386,
      "total-URAM": 0,
      "total-BRAM": 822,
      "total-DSP": 1606,
      "total-LUT": 3391163,
      "total-FF": 819387
    },
    "valid": false
  },
  "__PARA__L1-8.__PARA__L2-205.__PARA__L3-41.__PIPE__L1-NA": {
    "perf": 182583.0,
    "point": {
      "__PIPE__L1": "",
      "__PARA__L1": 8,
      "__PARA__L2": 205,
      "__PARA__L3": 41
    },
    "res_util": {
      "util-URAM": 0.0,
      "util-BRAM": 0.2537037037037037,
      "util-DSP": 0.31306042884990254,
      "util-LUT": 1.0,
      "util-FF": 0.572112825371047,
      "total-URAM": 0,
      "total-BRAM": 822,
      "total-DSP": 1606,
      "total-LUT": 4476214,
      "total-FF": 1014562
    },
    "valid": false
  },
  "__PARA__L1-10.__PARA__L2-205.__PARA__L3-41.__PIPE__L1-NA": {
    "perf": 0.0,
    "point": {
      "__PIPE__L1": "",
      "__PARA__L1": 10,
      "__PARA__L2": 205,
      "__PARA__L3": 41
    },
    "res_util": {
      "util-URAM": 0,
      "util-BRAM": 0,
      "util-DSP": 0,
      "util-LUT": 0,
      "util-FF": 0,
      "total-URAM": 0,
      "total-BRAM": 0,
      "total-DSP": 0,
      "total-LUT": 0,
      "total-FF": 0
    },
    "valid": false
  },
  "__PARA__L1-13.__PARA__L2-205.__PARA__L3-41.__PIPE__L1-NA": {
    "perf": 0.0,
    "point": {
      "__PIPE__L1": "",
      "__PARA__L1": 13,
      "__PARA__L2": 205,
      "__PARA__L3": 41
    },
    "res_util": {
      "util-URAM": 0,
      "util-BRAM": 0,
      "util-DSP": 0,
      "util-LUT": 0,
      "util-FF": 0,
      "total-URAM": 0,
      "total-BRAM": 0,
      "total-DSP": 0,
      "total-LUT": 0,
      "total-FF": 0
    },
    "valid": false
  },
  "__PARA__L1-15.__PARA__L2-205.__PARA__L3-41.__PIPE__L1-NA": {
    "perf": 0.0,
    "point": {
      "__PIPE__L1": "",
      "__PARA__L1": 15,
      "__PARA__L2": 205,
      "__PARA__L3": 41
    },
    "res_util": {
      "util-URAM": 0,
      "util-BRAM": 0,
      "util-DSP": 0,
      "util-LUT": 0,
      "util-FF": 0,
      "total-URAM": 0,
      "total-BRAM": 0,
      "total-DSP": 0,
      "total-LUT": 0,
      "total-FF": 0
    },
    "valid": false
  },
  "__PARA__L1-16.__PARA__L2-205.__PARA__L3-41.__PIPE__L1-NA": {
    "perf": 0.0,
    "point": {
      "__PIPE__L1": "",
      "__PARA__L1": 16,
      "__PARA__L2": 205,
      "__PARA__L3": 41
    },
    "res_util": {
      "util-URAM": 0,
      "util-BRAM": 0,
      "util-DSP": 0,
      "util-LUT": 0,
      "util-FF": 0,
      "total-URAM": 0,
      "total-BRAM": 0,
      "total-DSP": 0,
      "total-LUT": 0,
      "total-FF": 0
    },
    "valid": false
  },
  "__PARA__L1-26.__PARA__L2-205.__PARA__L3-41.__PIPE__L1-NA": {
    "perf": 0.0,
    "point": {
      "__PIPE__L1": "",
      "__PARA__L1": 26,
      "__PARA__L2": 205,
      "__PARA__L3": 41
    },
    "res_util": {
      "util-URAM": 0,
      "util-BRAM": 0,
      "util-DSP": 0,
      "util-LUT": 0,
      "util-FF": 0,
      "total-URAM": 0,
      "total-BRAM": 0,
      "total-DSP": 0,
      "total-LUT": 0,
      "total-FF": 0
    },
    "valid": false
  },
  "__PARA__L1-30.__PARA__L2-205.__PARA__L3-41.__PIPE__L1-NA": {
    "perf": 0.0,
    "point": {
      "__PIPE__L1": "",
      "__PARA__L1": 30,
      "__PARA__L2": 205,
      "__PARA__L3": 41
    },
    "res_util": {
      "util-URAM": 0,
      "util-BRAM": 0,
      "util-DSP": 0,
      "util-LUT": 0,
      "util-FF": 0,
      "total-URAM": 0,
      "total-BRAM": 0,
      "total-DSP": 0,
      "total-LUT": 0,
      "total-FF": 0
    },
    "valid": false
  },
  "__PARA__L1-32.__PARA__L2-205.__PARA__L3-41.__PIPE__L1-NA": {
    "perf": 0.0,
    "point": {
      "__PIPE__L1": "",
      "__PARA__L1": 32,
      "__PARA__L2": 205,
      "__PARA__L3": 41
    },
    "res_util": {
      "util-URAM": 0,
      "util-BRAM": 0,
      "util-DSP": 0,
      "util-LUT": 0,
      "util-FF": 0,
      "total-URAM": 0,
      "total-BRAM": 0,
      "total-DSP": 0,
      "total-LUT": 0,
      "total-FF": 0
    },
    "valid": false
  },
  "__PARA__L1-39.__PARA__L2-205.__PARA__L3-41.__PIPE__L1-NA": {
    "perf": 0.0,
    "point": {
      "__PIPE__L1": "",
      "__PARA__L1": 39,
      "__PARA__L2": 205,
      "__PARA__L3": 41
    },
    "res_util": {
      "util-URAM": 0,
      "util-BRAM": 0,
      "util-DSP": 0,
      "util-LUT": 0,
      "util-FF": 0,
      "total-URAM": 0,
      "total-BRAM": 0,
      "total-DSP": 0,
      "total-LUT": 0,
      "total-FF": 0
    },
    "valid": false
  },
  "__PARA__L1-64.__PARA__L2-205.__PARA__L3-41.__PIPE__L1-NA": {
    "perf": 0.0,
    "point": {
      "__PIPE__L1": "",
      "__PARA__L1": 64,
      "__PARA__L2": 205,
      "__PARA__L3": 41
    },
    "res_util": {
      "util-URAM": 0,
      "util-BRAM": 0,
      "util-DSP": 0,
      "util-LUT": 0,
      "util-FF": 0,
      "total-URAM": 0,
      "total-BRAM": 0,
      "total-DSP": 0,
      "total-LUT": 0,
      "total-FF": 0
    },
    "valid": false
  },
  "__PARA__L1-65.__PARA__L2-205.__PARA__L3-41.__PIPE__L1-NA": {
    "perf": 0.0,
    "point": {
      "__PIPE__L1": "",
      "__PARA__L1": 65,
      "__PARA__L2": 205,
      "__PARA__L3": 41
    },
    "res_util": {
      "util-URAM": 0,
      "util-BRAM": 0,
      "util-DSP": 0,
      "util-LUT": 0,
      "util-FF": 0,
      "total-URAM": 0,
      "total-BRAM": 0,
      "total-DSP": 0,
      "total-LUT": 0,
      "total-FF": 0
    },
    "valid": false
  },
  "__PARA__L1-78.__PARA__L2-205.__PARA__L3-41.__PIPE__L1-NA": {
    "perf": 0.0,
    "point": {
      "__PIPE__L1": "",
      "__PARA__L1": 78,
      "__PARA__L2": 205,
      "__PARA__L3": 41
    },
    "res_util": {
      "util-URAM": 0,
      "util-BRAM": 0,
      "util-DSP": 0,
      "util-LUT": 0,
      "util-FF": 0,
      "total-URAM": 0,
      "total-BRAM": 0,
      "total-DSP": 0,
      "total-LUT": 0,
      "total-FF": 0
    },
    "valid": false
  },
  "__PARA__L1-128.__PARA__L2-205.__PARA__L3-41.__PIPE__L1-NA": {
    "perf": 0.0,
    "point": {
      "__PIPE__L1": "",
      "__PARA__L1": 128,
      "__PARA__L2": 205,
      "__PARA__L3": 41
    },
    "res_util": {
      "util-URAM": 0,
      "util-BRAM": 0,
      "util-DSP": 0,
      "util-LUT": 0,
      "util-FF": 0,
      "total-URAM": 0,
      "total-BRAM": 0,
      "total-DSP": 0,
      "total-LUT": 0,
      "total-FF": 0
    },
    "valid": false
  },
  "__PARA__L1-130.__PARA__L2-205.__PARA__L3-41.__PIPE__L1-NA": {
    "perf": 0.0,
    "point": {
      "__PIPE__L1": "",
      "__PARA__L1": 130,
      "__PARA__L2": 205,
      "__PARA__L3": 41
    },
    "res_util": {
      "util-URAM": 0,
      "util-BRAM": 0,
      "util-DSP": 0,
      "util-LUT": 0,
      "util-FF": 0,
      "total-URAM": 0,
      "total-BRAM": 0,
      "total-DSP": 0,
      "total-LUT": 0,
      "total-FF": 0
    },
    "valid": false
  },
  "__PARA__L1-195.__PARA__L2-205.__PARA__L3-41.__PIPE__L1-NA": {
    "perf": 0.0,
    "point": {
      "__PIPE__L1": "",
      "__PARA__L1": 195,
      "__PARA__L2": 205,
      "__PARA__L3": 41
    },
    "res_util": {
      "util-URAM": 0,
      "util-BRAM": 0,
      "util-DSP": 0,
      "util-LUT": 0,
      "util-FF": 0,
      "total-URAM": 0,
      "total-BRAM": 0,
      "total-DSP": 0,
      "total-LUT": 0,
      "total-FF": 0
    },
    "valid": false
  },
  "__PARA__L1-256.__PARA__L2-205.__PARA__L3-41.__PIPE__L1-NA": {
    "perf": 0.0,
    "point": {
      "__PIPE__L1": "",
      "__PARA__L1": 256,
      "__PARA__L2": 205,
      "__PARA__L3": 41
    },
    "res_util": {
      "util-URAM": 0,
      "util-BRAM": 0,
      "util-DSP": 0,
      "util-LUT": 0,
      "util-FF": 0,
      "total-URAM": 0,
      "total-BRAM": 0,
      "total-DSP": 0,
      "total-LUT": 0,
      "total-FF": 0
    },
    "valid": false
  },
  "__PARA__L1-390.__PARA__L2-205.__PARA__L3-41.__PIPE__L1-NA": {
    "perf": 0.0,
    "point": {
      "__PIPE__L1": "",
      "__PARA__L1": 390,
      "__PARA__L2": 205,
      "__PARA__L3": 41
    },
    "res_util": {
      "util-URAM": 0,
      "util-BRAM": 0,
      "util-DSP": 0,
      "util-LUT": 0,
      "util-FF": 0,
      "total-URAM": 0,
      "total-BRAM": 0,
      "total-DSP": 0,
      "total-LUT": 0,
      "total-FF": 0
    },
    "valid": false
  },
  "__PARA__L1-1.__PARA__L2-205.__PARA__L3-41.__PIPE__L1-off": {
    "perf": 199710.0,
    "point": {
      "__PIPE__L1": "off",
      "__PARA__L1": 1,
      "__PARA__L2": 205,
      "__PARA__L3": 41
    },
    "res_util": {
      "util-URAM": 0.0,
      "util-BRAM": 0.2537037037037037,
      "util-DSP": 0.08791423001949318,
      "util-LUT": 0.6679557450263905,
      "util-FF": 0.09681001037578382,
      "total-URAM": 0,
      "total-BRAM": 822,
      "total-DSP": 451,
      "total-LUT": 592263,
      "total-FF": 171679
    },
    "valid": true
  },
  "__PARA__L1-1.__PARA__L2-205.__PARA__L3-41.__PIPE__L1-   ": {
    "perf": 163142.0,
    "point": {
      "__PIPE__L1": "   ",
      "__PARA__L1": 1,
      "__PARA__L2": 205,
      "__PARA__L3": 41
    },
    "res_util": {
      "util-URAM": 0.0,
      "util-BRAM": 0.25555555555555554,
      "util-DSP": 0.29376218323586745,
      "util-LUT": 0.1967440339243019,
      "util-FF": 0.18706466820047818,
      "total-URAM": 0,
      "total-BRAM": 828,
      "total-DSP": 1507,
      "total-LUT": 174449,
      "total-FF": 331733
    },
    "valid": true
  },
  "__PARA__L1-2.__PARA__L2-205.__PARA__L3-32.__PIPE__L1-NA": {
    "perf": 186255.0,
    "point": {
      "__PIPE__L1": "",
      "__PARA__L1": 2,
      "__PARA__L2": 205,
      "__PARA__L3": 32
    },
    "res_util": {
      "util-URAM": 0.0,
      "util-BRAM": 0.2537037037037037,
      "util-DSP": 0.15009746588693956,
      "util-LUT": 1.0,
      "util-FF": 0.176512383272432,
      "total-URAM": 0,
      "total-BRAM": 822,
      "total-DSP": 770,
      "total-LUT": 997596,
      "total-FF": 313020
    },
    "valid": false
  },
  "__PARA__L1-3.__PARA__L2-205.__PARA__L3-32.__PIPE__L1-NA": {
    "perf": 187360.0,
    "point": {
      "__PIPE__L1": "",
      "__PARA__L1": 3,
      "__PARA__L2": 205,
      "__PARA__L3": 32
    },
    "res_util": {
      "util-URAM": 0.0,
      "util-BRAM": 0.2537037037037037,
      "util-DSP": 0.15009746588693956,
      "util-LUT": 1.0,
      "util-FF": 0.23579870979383769,
      "total-URAM": 0,
      "total-BRAM": 822,
      "total-DSP": 770,
      "total-LUT": 1464765,
      "total-FF": 418156
    },
    "valid": false
  },
  "__PARA__L1-4.__PARA__L2-205.__PARA__L3-32.__PIPE__L1-NA": {
    "perf": 186298.0,
    "point": {
      "__PIPE__L1": "",
      "__PARA__L1": 4,
      "__PARA__L2": 205,
      "__PARA__L3": 32
    },
    "res_util": {
      "util-URAM": 0.0,
      "util-BRAM": 0.2537037037037037,
      "util-DSP": 0.15009746588693956,
      "util-LUT": 1.0,
      "util-FF": 0.2832312671989895,
      "total-URAM": 0,
      "total-BRAM": 822,
      "total-DSP": 770,
      "total-LUT": 1929205,
      "total-FF": 502271
    },
    "valid": false
  },
  "__PARA__L1-5.__PARA__L2-205.__PARA__L3-32.__PIPE__L1-NA": {
    "perf": 180990.0,
    "point": {
      "__PIPE__L1": "",
      "__PARA__L1": 5,
      "__PARA__L2": 205,
      "__PARA__L3": 32
    },
    "res_util": {
      "util-URAM": 0.0,
      "util-BRAM": 0.2537037037037037,
      "util-DSP": 0.29376218323586745,
      "util-LUT": 1.0,
      "util-FF": 0.3945341047503045,
      "total-URAM": 0,
      "total-BRAM": 822,
      "total-DSP": 1507,
      "total-LUT": 2445224,
      "total-FF": 699651
    },
    "valid": false
  },
  "__PARA__L1-6.__PARA__L2-205.__PARA__L3-32.__PIPE__L1-NA": {
    "perf": 182420.0,
    "point": {
      "__PIPE__L1": "",
      "__PARA__L1": 6,
      "__PARA__L2": 205,
      "__PARA__L3": 32
    },
    "res_util": {
      "util-URAM": 0.0,
      "util-BRAM": 0.2537037037037037,
      "util-DSP": 0.29376218323586745,
      "util-LUT": 1.0,
      "util-FF": 0.4478278522127487,
      "total-URAM": 0,
      "total-BRAM": 822,
      "total-DSP": 1507,
      "total-LUT": 2908939,
      "total-FF": 794160
    },
    "valid": false
  },
  "__PARA__L1-8.__PARA__L2-205.__PARA__L3-32.__PIPE__L1-NA": {
    "perf": 183465.0,
    "point": {
      "__PIPE__L1": "",
      "__PARA__L1": 8,
      "__PARA__L2": 205,
      "__PARA__L3": 32
    },
    "res_util": {
      "util-URAM": 0.0,
      "util-BRAM": 0.2537037037037037,
      "util-DSP": 0.29376218323586745,
      "util-LUT": 1.0,
      "util-FF": 0.5546685388189652,
      "total-URAM": 0,
      "total-BRAM": 822,
      "total-DSP": 1507,
      "total-LUT": 3836224,
      "total-FF": 983627
    },
    "valid": false
  },
  "__PARA__L1-10.__PARA__L2-205.__PARA__L3-32.__PIPE__L1-NA": {
    "perf": 0.0,
    "point": {
      "__PIPE__L1": "",
      "__PARA__L1": 10,
      "__PARA__L2": 205,
      "__PARA__L3": 32
    },
    "res_util": {
      "util-URAM": 0,
      "util-BRAM": 0,
      "util-DSP": 0,
      "util-LUT": 0,
      "util-FF": 0,
      "total-URAM": 0,
      "total-BRAM": 0,
      "total-DSP": 0,
      "total-LUT": 0,
      "total-FF": 0
    },
    "valid": false
  },
  "__PARA__L1-13.__PARA__L2-205.__PARA__L3-32.__PIPE__L1-NA": {
    "perf": 0.0,
    "point": {
      "__PIPE__L1": "",
      "__PARA__L1": 13,
      "__PARA__L2": 205,
      "__PARA__L3": 32
    },
    "res_util": {
      "util-URAM": 0,
      "util-BRAM": 0,
      "util-DSP": 0,
      "util-LUT": 0,
      "util-FF": 0,
      "total-URAM": 0,
      "total-BRAM": 0,
      "total-DSP": 0,
      "total-LUT": 0,
      "total-FF": 0
    },
    "valid": false
  },
  "__PARA__L1-15.__PARA__L2-205.__PARA__L3-32.__PIPE__L1-NA": {
    "perf": 0.0,
    "point": {
      "__PIPE__L1": "",
      "__PARA__L1": 15,
      "__PARA__L2": 205,
      "__PARA__L3": 32
    },
    "res_util": {
      "util-URAM": 0,
      "util-BRAM": 0,
      "util-DSP": 0,
      "util-LUT": 0,
      "util-FF": 0,
      "total-URAM": 0,
      "total-BRAM": 0,
      "total-DSP": 0,
      "total-LUT": 0,
      "total-FF": 0
    },
    "valid": false
  },
  "__PARA__L1-16.__PARA__L2-205.__PARA__L3-32.__PIPE__L1-NA": {
    "perf": 0.0,
    "point": {
      "__PIPE__L1": "",
      "__PARA__L1": 16,
      "__PARA__L2": 205,
      "__PARA__L3": 32
    },
    "res_util": {
      "util-URAM": 0,
      "util-BRAM": 0,
      "util-DSP": 0,
      "util-LUT": 0,
      "util-FF": 0,
      "total-URAM": 0,
      "total-BRAM": 0,
      "total-DSP": 0,
      "total-LUT": 0,
      "total-FF": 0
    },
    "valid": false
  },
  "__PARA__L1-26.__PARA__L2-205.__PARA__L3-32.__PIPE__L1-NA": {
    "perf": 0.0,
    "point": {
      "__PIPE__L1": "",
      "__PARA__L1": 26,
      "__PARA__L2": 205,
      "__PARA__L3": 32
    },
    "res_util": {
      "util-URAM": 0,
      "util-BRAM": 0,
      "util-DSP": 0,
      "util-LUT": 0,
      "util-FF": 0,
      "total-URAM": 0,
      "total-BRAM": 0,
      "total-DSP": 0,
      "total-LUT": 0,
      "total-FF": 0
    },
    "valid": false
  },
  "__PARA__L1-30.__PARA__L2-205.__PARA__L3-32.__PIPE__L1-NA": {
    "perf": 0.0,
    "point": {
      "__PIPE__L1": "",
      "__PARA__L1": 30,
      "__PARA__L2": 205,
      "__PARA__L3": 32
    },
    "res_util": {
      "util-URAM": 0,
      "util-BRAM": 0,
      "util-DSP": 0,
      "util-LUT": 0,
      "util-FF": 0,
      "total-URAM": 0,
      "total-BRAM": 0,
      "total-DSP": 0,
      "total-LUT": 0,
      "total-FF": 0
    },
    "valid": false
  },
  "__PARA__L1-32.__PARA__L2-205.__PARA__L3-32.__PIPE__L1-NA": {
    "perf": 0.0,
    "point": {
      "__PIPE__L1": "",
      "__PARA__L1": 32,
      "__PARA__L2": 205,
      "__PARA__L3": 32
    },
    "res_util": {
      "util-URAM": 0,
      "util-BRAM": 0,
      "util-DSP": 0,
      "util-LUT": 0,
      "util-FF": 0,
      "total-URAM": 0,
      "total-BRAM": 0,
      "total-DSP": 0,
      "total-LUT": 0,
      "total-FF": 0
    },
    "valid": false
  },
  "__PARA__L1-39.__PARA__L2-205.__PARA__L3-32.__PIPE__L1-NA": {
    "perf": 0.0,
    "point": {
      "__PIPE__L1": "",
      "__PARA__L1": 39,
      "__PARA__L2": 205,
      "__PARA__L3": 32
    },
    "res_util": {
      "util-URAM": 0,
      "util-BRAM": 0,
      "util-DSP": 0,
      "util-LUT": 0,
      "util-FF": 0,
      "total-URAM": 0,
      "total-BRAM": 0,
      "total-DSP": 0,
      "total-LUT": 0,
      "total-FF": 0
    },
    "valid": false
  },
  "__PARA__L1-64.__PARA__L2-205.__PARA__L3-32.__PIPE__L1-NA": {
    "perf": 0.0,
    "point": {
      "__PIPE__L1": "",
      "__PARA__L1": 64,
      "__PARA__L2": 205,
      "__PARA__L3": 32
    },
    "res_util": {
      "util-URAM": 0,
      "util-BRAM": 0,
      "util-DSP": 0,
      "util-LUT": 0,
      "util-FF": 0,
      "total-URAM": 0,
      "total-BRAM": 0,
      "total-DSP": 0,
      "total-LUT": 0,
      "total-FF": 0
    },
    "valid": false
  },
  "__PARA__L1-65.__PARA__L2-205.__PARA__L3-32.__PIPE__L1-NA": {
    "perf": 0.0,
    "point": {
      "__PIPE__L1": "",
      "__PARA__L1": 65,
      "__PARA__L2": 205,
      "__PARA__L3": 32
    },
    "res_util": {
      "util-URAM": 0,
      "util-BRAM": 0,
      "util-DSP": 0,
      "util-LUT": 0,
      "util-FF": 0,
      "total-URAM": 0,
      "total-BRAM": 0,
      "total-DSP": 0,
      "total-LUT": 0,
      "total-FF": 0
    },
    "valid": false
  },
  "__PARA__L1-78.__PARA__L2-205.__PARA__L3-32.__PIPE__L1-NA": {
    "perf": 0.0,
    "point": {
      "__PIPE__L1": "",
      "__PARA__L1": 78,
      "__PARA__L2": 205,
      "__PARA__L3": 32
    },
    "res_util": {
      "util-URAM": 0,
      "util-BRAM": 0,
      "util-DSP": 0,
      "util-LUT": 0,
      "util-FF": 0,
      "total-URAM": 0,
      "total-BRAM": 0,
      "total-DSP": 0,
      "total-LUT": 0,
      "total-FF": 0
    },
    "valid": false
  },
  "__PARA__L1-128.__PARA__L2-205.__PARA__L3-32.__PIPE__L1-NA": {
    "perf": 0.0,
    "point": {
      "__PIPE__L1": "",
      "__PARA__L1": 128,
      "__PARA__L2": 205,
      "__PARA__L3": 32
    },
    "res_util": {
      "util-URAM": 0,
      "util-BRAM": 0,
      "util-DSP": 0,
      "util-LUT": 0,
      "util-FF": 0,
      "total-URAM": 0,
      "total-BRAM": 0,
      "total-DSP": 0,
      "total-LUT": 0,
      "total-FF": 0
    },
    "valid": false
  },
  "__PARA__L1-130.__PARA__L2-205.__PARA__L3-32.__PIPE__L1-NA": {
    "perf": 0.0,
    "point": {
      "__PIPE__L1": "",
      "__PARA__L1": 130,
      "__PARA__L2": 205,
      "__PARA__L3": 32
    },
    "res_util": {
      "util-URAM": 0,
      "util-BRAM": 0,
      "util-DSP": 0,
      "util-LUT": 0,
      "util-FF": 0,
      "total-URAM": 0,
      "total-BRAM": 0,
      "total-DSP": 0,
      "total-LUT": 0,
      "total-FF": 0
    },
    "valid": false
  },
  "__PARA__L1-195.__PARA__L2-205.__PARA__L3-32.__PIPE__L1-NA": {
    "perf": 0.0,
    "point": {
      "__PIPE__L1": "",
      "__PARA__L1": 195,
      "__PARA__L2": 205,
      "__PARA__L3": 32
    },
    "res_util": {
      "util-URAM": 0,
      "util-BRAM": 0,
      "util-DSP": 0,
      "util-LUT": 0,
      "util-FF": 0,
      "total-URAM": 0,
      "total-BRAM": 0,
      "total-DSP": 0,
      "total-LUT": 0,
      "total-FF": 0
    },
    "valid": false
  },
  "__PARA__L1-256.__PARA__L2-205.__PARA__L3-32.__PIPE__L1-NA": {
    "perf": 0.0,
    "point": {
      "__PIPE__L1": "",
      "__PARA__L1": 256,
      "__PARA__L2": 205,
      "__PARA__L3": 32
    },
    "res_util": {
      "util-URAM": 0,
      "util-BRAM": 0,
      "util-DSP": 0,
      "util-LUT": 0,
      "util-FF": 0,
      "total-URAM": 0,
      "total-BRAM": 0,
      "total-DSP": 0,
      "total-LUT": 0,
      "total-FF": 0
    },
    "valid": false
  },
  "__PARA__L1-390.__PARA__L2-205.__PARA__L3-32.__PIPE__L1-NA": {
    "perf": 0.0,
    "point": {
      "__PIPE__L1": "",
      "__PARA__L1": 390,
      "__PARA__L2": 205,
      "__PARA__L3": 32
    },
    "res_util": {
      "util-URAM": 0,
      "util-BRAM": 0,
      "util-DSP": 0,
      "util-LUT": 0,
      "util-FF": 0,
      "total-URAM": 0,
      "total-BRAM": 0,
      "total-DSP": 0,
      "total-LUT": 0,
      "total-FF": 0
    },
    "valid": false
  },
  "__PARA__L1-1.__PARA__L2-205.__PARA__L3-32.__PIPE__L1-off": {
    "perf": 200880.0,
    "point": {
      "__PIPE__L1": "off",
      "__PARA__L1": 1,
      "__PARA__L2": 205,
      "__PARA__L3": 32
    },
    "res_util": {
      "util-URAM": 0.0,
      "util-BRAM": 0.2537037037037037,
      "util-DSP": 0.07504873294346978,
      "util-LUT": 0.5721353814228357,
      "util-FF": 0.09203545811341182,
      "total-URAM": 0,
      "total-BRAM": 822,
      "total-DSP": 385,
      "total-LUT": 507301,
      "total-FF": 163212
    },
    "valid": true
  },
  "__PARA__L1-1.__PARA__L2-205.__PARA__L3-32.__PIPE__L1-   ": {
    "perf": 163142.0,
    "point": {
      "__PIPE__L1": "   ",
      "__PARA__L1": 1,
      "__PARA__L2": 205,
      "__PARA__L3": 32
    },
    "res_util": {
      "util-URAM": 0.0,
      "util-BRAM": 0.25555555555555554,
      "util-DSP": 0.29376218323586745,
      "util-LUT": 0.1967440339243019,
      "util-FF": 0.18706466820047818,
      "total-URAM": 0,
      "total-BRAM": 828,
      "total-DSP": 1507,
      "total-LUT": 174449,
      "total-FF": 331733
    },
    "valid": true
  },
  "__PARA__L1-2.__PARA__L2-205.__PARA__L3-16.__PIPE__L1-NA": {
    "perf": 191325.0,
    "point": {
      "__PIPE__L1": "",
      "__PARA__L1": 2,
      "__PARA__L2": 205,
      "__PARA__L3": 16
    },
    "res_util": {
      "util-URAM": 0.0,
      "util-BRAM": 0.2537037037037037,
      "util-DSP": 0.15009746588693956,
      "util-LUT": 1.0,
      "util-FF": 0.17010759236703207,
      "total-URAM": 0,
      "total-BRAM": 822,
      "total-DSP": 770,
      "total-LUT": 991505,
      "total-FF": 301662
    },
    "valid": false
  },
  "__PARA__L1-3.__PARA__L2-205.__PARA__L3-16.__PIPE__L1-NA": {
    "perf": 190740.0,
    "point": {
      "__PIPE__L1": "",
      "__PARA__L1": 3,
      "__PARA__L2": 205,
      "__PARA__L3": 16
    },
    "res_util": {
      "util-URAM": 0.0,
      "util-BRAM": 0.2537037037037037,
      "util-DSP": 0.15009746588693956,
      "util-LUT": 1.0,
      "util-FF": 0.2264802408986331,
      "total-URAM": 0,
      "total-BRAM": 822,
      "total-DSP": 770,
      "total-LUT": 1456990,
      "total-FF": 401631
    },
    "valid": false
  },
  "__PARA__L1-4.__PARA__L2-205.__PARA__L3-16.__PIPE__L1-NA": {
    "perf": 191394.0,
    "point": {
      "__PIPE__L1": "",
      "__PARA__L1": 4,
      "__PARA__L2": 205,
      "__PARA__L3": 16
    },
    "res_util": {
      "util-URAM": 0.0,
      "util-BRAM": 0.2537037037037037,
      "util-DSP": 0.15009746588693956,
      "util-LUT": 1.0,
      "util-FF": 0.27099912031398027,
      "total-URAM": 0,
      "total-BRAM": 822,
      "total-DSP": 770,
      "total-LUT": 1920610,
      "total-FF": 480579
    },
    "valid": false
  },
  "__PARA__L1-5.__PARA__L2-205.__PARA__L3-16.__PIPE__L1-NA": {
    "perf": 185046.0,
    "point": {
      "__PIPE__L1": "",
      "__PARA__L1": 5,
      "__PARA__L2": 205,
      "__PARA__L3": 16
    },
    "res_util": {
      "util-URAM": 0.0,
      "util-BRAM": 0.2537037037037037,
      "util-DSP": 0.2594541910331384,
      "util-LUT": 1.0,
      "util-FF": 0.37189967068164387,
      "total-URAM": 0,
      "total-BRAM": 822,
      "total-DSP": 1331,
      "total-LUT": 2422449,
      "total-FF": 659512
    },
    "valid": false
  },
  "__PARA__L1-6.__PARA__L2-205.__PARA__L3-16.__PIPE__L1-NA": {
    "perf": 185800.0,
    "point": {
      "__PIPE__L1": "",
      "__PARA__L1": 6,
      "__PARA__L2": 205,
      "__PARA__L3": 16
    },
    "res_util": {
      "util-URAM": 0.0,
      "util-BRAM": 0.2537037037037037,
      "util-DSP": 0.2594541910331384,
      "util-LUT": 1.0,
      "util-FF": 0.4222797401542834,
      "total-URAM": 0,
      "total-BRAM": 822,
      "total-DSP": 1331,
      "total-LUT": 2884448,
      "total-FF": 748854
    },
    "valid": false
  },
  "__PARA__L1-8.__PARA__L2-205.__PARA__L3-16.__PIPE__L1-NA": {
    "perf": 0.0,
    "point": {
      "__PIPE__L1": "",
      "__PARA__L1": 8,
      "__PARA__L2": 205,
      "__PARA__L3": 16
    },
    "res_util": {
      "util-URAM": 0,
      "util-BRAM": 0,
      "util-DSP": 0,
      "util-LUT": 0,
      "util-FF": 0,
      "total-URAM": 0,
      "total-BRAM": 0,
      "total-DSP": 0,
      "total-LUT": 0,
      "total-FF": 0
    },
    "valid": false
  },
  "__PARA__L1-10.__PARA__L2-205.__PARA__L3-16.__PIPE__L1-NA": {
    "perf": 0.0,
    "point": {
      "__PIPE__L1": "",
      "__PARA__L1": 10,
      "__PARA__L2": 205,
      "__PARA__L3": 16
    },
    "res_util": {
      "util-URAM": 0,
      "util-BRAM": 0,
      "util-DSP": 0,
      "util-LUT": 0,
      "util-FF": 0,
      "total-URAM": 0,
      "total-BRAM": 0,
      "total-DSP": 0,
      "total-LUT": 0,
      "total-FF": 0
    },
    "valid": false
  },
  "__PARA__L1-13.__PARA__L2-205.__PARA__L3-16.__PIPE__L1-NA": {
    "perf": 0.0,
    "point": {
      "__PIPE__L1": "",
      "__PARA__L1": 13,
      "__PARA__L2": 205,
      "__PARA__L3": 16
    },
    "res_util": {
      "util-URAM": 0,
      "util-BRAM": 0,
      "util-DSP": 0,
      "util-LUT": 0,
      "util-FF": 0,
      "total-URAM": 0,
      "total-BRAM": 0,
      "total-DSP": 0,
      "total-LUT": 0,
      "total-FF": 0
    },
    "valid": false
  },
  "__PARA__L1-15.__PARA__L2-205.__PARA__L3-16.__PIPE__L1-NA": {
    "perf": 0.0,
    "point": {
      "__PIPE__L1": "",
      "__PARA__L1": 15,
      "__PARA__L2": 205,
      "__PARA__L3": 16
    },
    "res_util": {
      "util-URAM": 0,
      "util-BRAM": 0,
      "util-DSP": 0,
      "util-LUT": 0,
      "util-FF": 0,
      "total-URAM": 0,
      "total-BRAM": 0,
      "total-DSP": 0,
      "total-LUT": 0,
      "total-FF": 0
    },
    "valid": false
  }
}