{
  "__PARA__L1-1.__PIPE__L1-NA": {
    "perf": 1119735.0,
    "point": {
      "__PIPE__L1": "",
      "__PARA__L1": 1
    },
    "res_util": {
      "util-URAM": 0.0,
      "util-BRAM": 0.012345679012345678,
      "util-DSP": 0.0023391812865497076,
      "util-LUT": 0.0022556051788694908,
      "util-FF": 0.0010883294988045292,
      "total-URAM": 0,
      "total-BRAM": 40,
      "total-DSP": 12,
      "total-LUT": 2000,
      "total-FF": 1930
    },
    "valid": true
  },
  "__PARA__L1-2.__PIPE__L1-NA": {
    "perf": 1125664.0,
    "point": {
      "__PIPE__L1": "",
      "__PARA__L1": 2
    },
    "res_util": {
      "util-URAM": 0.0,
      "util-BRAM": 0.012345679012345678,
      "util-DSP": 0.0021442495126705653,
      "util-LUT": 0.0026762755447286507,
      "util-FF": 0.0013099427076284566,
      "total-URAM": 0,
      "total-BRAM": 40,
      "total-DSP": 11,
      "total-LUT": 2373,
      "total-FF": 2323
    },
    "valid": true
  },
  "__PARA__L1-4.__PIPE__L1-NA": {
    "perf": 1130277.0,
    "point": {
      "__PIPE__L1": "",
      "__PARA__L1": 4
    },
    "res_util": {
      "util-URAM": 0.0,
      "util-BRAM": 0.012345679012345678,
      "util-DSP": 0.0021442495126705653,
      "util-LUT": 0.00367663644155727,
      "util-FF": 0.0019584291965534352,
      "total-URAM": 0,
      "total-BRAM": 40,
      "total-DSP": 11,
      "total-LUT": 3260,
      "total-FF": 3473
    },
    "valid": true
  },
  "__PARA__L1-5.__PIPE__L1-NA": {
    "perf": 1125295.0,
    "point": {
      "__PIPE__L1": "",
      "__PARA__L1": 5
    },
    "res_util": {
      "util-URAM": 0.0,
      "util-BRAM": 0.012345679012345678,
      "util-DSP": 0.0021442495126705653,
      "util-LUT": 0.0042224928948436866,
      "util-FF": 0.002291130960436685,
      "total-URAM": 0,
      "total-BRAM": 40,
      "total-DSP": 11,
      "total-LUT": 3744,
      "total-FF": 4063
    },
    "valid": true
  },
  "__PARA__L1-8.__PIPE__L1-NA": {
    "perf": 1139434.0,
    "point": {
      "__PIPE__L1": "",
      "__PARA__L1": 8
    },
    "res_util": {
      "util-URAM": 0.0,
      "util-BRAM": 0.012345679012345678,
      "util-DSP": 0.0021442495126705653,
      "util-LUT": 0.005661568998962422,
      "util-FF": 0.0032627328912347184,
      "total-URAM": 0,
      "total-BRAM": 40,
      "total-DSP": 11,
      "total-LUT": 5020,
      "total-FF": 5786
    },
    "valid": true
  },
  "__PARA__L1-10.__PIPE__L1-NA": {
    "perf": 1125172.0,
    "point": {
      "__PIPE__L1": "",
      "__PARA__L1": 10
    },
    "res_util": {
      "util-URAM": 0.0,
      "util-BRAM": 0.012345679012345678,
      "util-DSP": 0.0021442495126705653,
      "util-LUT": 0.006749898497766951,
      "util-FF": 0.003930955925474805,
      "total-URAM": 0,
      "total-BRAM": 40,
      "total-DSP": 11,
      "total-LUT": 5985,
      "total-FF": 6971
    },
    "valid": true
  },
  "__PARA__L1-16.__PIPE__L1-NA": {
    "perf": 1139320.0,
    "point": {
      "__PIPE__L1": "",
      "__PARA__L1": 16
    },
    "res_util": {
      "util-URAM": 0.0,
      "util-BRAM": 0.012345679012345678,
      "util-DSP": 0.0021442495126705653,
      "util-LUT": 0.009333694230161952,
      "util-FF": 0.005862881761176524,
      "total-URAM": 0,
      "total-BRAM": 40,
      "total-DSP": 11,
      "total-LUT": 8276,
      "total-FF": 10397
    },
    "valid": true
  },
  "__PARA__L1-32.__PIPE__L1-NA": {
    "perf": 1139287.0,
    "point": {
      "__PIPE__L1": "",
      "__PARA__L1": 32
    },
    "res_util": {
      "util-URAM": 0.0,
      "util-BRAM": 0.012345679012345678,
      "util-DSP": 0.0021442495126705653,
      "util-LUT": 0.016838092660260748,
      "util-FF": 0.0110490819686922,
      "total-URAM": 0,
      "total-BRAM": 40,
      "total-DSP": 11,
      "total-LUT": 14930,
      "total-FF": 19594
    },
    "valid": true
  },
  "__PARA__L1-41.__PIPE__L1-NA": {
    "perf": 1125079.0,
    "point": {
      "__PIPE__L1": "",
      "__PARA__L1": 41
    },
    "res_util": {
      "util-URAM": 0.0,
      "util-BRAM": 0.012345679012345678,
      "util-DSP": 0.0021442495126705653,
      "util-LUT": 0.021680876979293544,
      "util-FF": 0.014105990887355077,
      "total-URAM": 0,
      "total-BRAM": 40,
      "total-DSP": 11,
      "total-LUT": 19224,
      "total-FF": 25015
    },
    "valid": true
  },
  "__PARA__L1-64.__PIPE__L1-NA": {
    "perf": 1214553.0,
    "point": {
      "__PIPE__L1": "",
      "__PARA__L1": 64
    },
    "res_util": {
      "util-URAM": 0.0,
      "util-BRAM": 0.012345679012345678,
      "util-DSP": 0.0021442495126705653,
      "util-LUT": 0.03173298145892543,
      "util-FF": 0.021400054134524293,
      "total-URAM": 0,
      "total-BRAM": 40,
      "total-DSP": 11,
      "total-LUT": 28137,
      "total-FF": 37950
    },
    "valid": true
  },
  "__PARA__L1-82.__PIPE__L1-NA": {
    "perf": 1125064.0,
    "point": {
      "__PIPE__L1": "",
      "__PARA__L1": 82
    },
    "res_util": {
      "util-URAM": 0.0,
      "util-BRAM": 0.012345679012345678,
      "util-DSP": 0.0021442495126705653,
      "util-LUT": 0.04235237064104299,
      "util-FF": 0.02755616456895385,
      "total-URAM": 0,
      "total-BRAM": 40,
      "total-DSP": 11,
      "total-LUT": 37553,
      "total-FF": 48867
    },
    "valid": true
  },
  "__PARA__L1-128.__PIPE__L1-NA": {
    "perf": 1365130.0,
    "point": {
      "__PIPE__L1": "",
      "__PARA__L1": 128
    },
    "res_util": {
      "util-URAM": 0.0,
      "util-BRAM": 0.012345679012345678,
      "util-DSP": 0.0021442495126705653,
      "util-LUT": 0.06410429918347092,
      "util-FF": 0.04205519465872694,
      "total-URAM": 0,
      "total-BRAM": 40,
      "total-DSP": 11,
      "total-LUT": 56840,
      "total-FF": 74579
    },
    "valid": true
  },
  "__PARA__L1-205.__PIPE__L1-NA": {
    "perf": 1125055.0,
    "point": {
      "__PIPE__L1": "",
      "__PARA__L1": 205
    },
    "res_util": {
      "util-URAM": 0.0,
      "util-BRAM": 0.012345679012345678,
      "util-DSP": 0.0021442495126705653,
      "util-LUT": 0.10524202643569269,
      "util-FF": 0.06780292777552217,
      "total-URAM": 0,
      "total-BRAM": 40,
      "total-DSP": 11,
      "total-LUT": 93316,
      "total-FF": 120239
    },
    "valid": true
  },
  "__PARA__L1-256.__PIPE__L1-NA": {
    "perf": 1365373.0,
    "point": {
      "__PIPE__L1": "",
      "__PARA__L1": 256
    },
    "res_util": {
      "util-URAM": 0.0,
      "util-BRAM": 0.012345679012345678,
      "util-DSP": 0.0021442495126705653,
      "util-LUT": 0.12665448639870078,
      "util-FF": 0.08328089051292462,
      "total-URAM": 0,
      "total-BRAM": 40,
      "total-DSP": 11,
      "total-LUT": 112302,
      "total-FF": 147687
    },
    "valid": true
  },
  "__PARA__L1-410.__PIPE__L1-NA": {
    "perf": 1125051.0,
    "point": {
      "__PIPE__L1": "",
      "__PARA__L1": 410
    },
    "res_util": {
      "util-URAM": 0.0,
      "util-BRAM": 0.012345679012345678,
      "util-DSP": 0.0021442495126705653,
      "util-LUT": 0.16984143095592547,
      "util-FF": 0.12688004691658772,
      "total-URAM": 0,
      "total-BRAM": 40,
      "total-DSP": 11,
      "total-LUT": 150595,
      "total-FF": 225004
    },
    "valid": true
  },
  "__PARA__L1-1.__PIPE__L1-off": {
    "perf": 1119735.0,
    "point": {
      "__PIPE__L1": "off",
      "__PARA__L1": 1
    },
    "res_util": {
      "util-URAM": 0.0,
      "util-BRAM": 0.012345679012345678,
      "util-DSP": 0.0023391812865497076,
      "util-LUT": 0.0022556051788694908,
      "util-FF": 0.0010883294988045292,
      "total-URAM": 0,
      "total-BRAM": 40,
      "total-DSP": 12,
      "total-LUT": 2000,
      "total-FF": 1930
    },
    "valid": true
  },
  "__PARA__L1-1.__PIPE__L1-   ": {
    "perf": 163224.0,
    "point": {
      "__PIPE__L1": "   ",
      "__PARA__L1": 1
    },
    "res_util": {
      "util-URAM": 0.0,
      "util-BRAM": 0.24382716049382716,
      "util-DSP": 0.2787524366471735,
      "util-LUT": 0.17292484323544008,
      "util-FF": 0.16428643930166464,
      "total-URAM": 0,
      "total-BRAM": 790,
      "total-DSP": 1430,
      "total-LUT": 153329,
      "total-FF": 291339
    },
    "valid": true
  },
  "__PARA__L1-410.__PIPE__L1-off": {
    "perf": 1125051.0,
    "point": {
      "__PIPE__L1": "off",
      "__PARA__L1": 410
    },
    "res_util": {
      "util-URAM": 0.0,
      "util-BRAM": 0.012345679012345678,
      "util-DSP": 0.0021442495126705653,
      "util-LUT": 0.16984143095592547,
      "util-FF": 0.12688004691658772,
      "total-URAM": 0,
      "total-BRAM": 40,
      "total-DSP": 11,
      "total-LUT": 150595,
      "total-FF": 225004
    },
    "valid": true
  },
  "__PARA__L1-410.__PIPE__L1-   ": {
    "perf": 0.0,
    "point": {
      "__PIPE__L1": "   ",
      "__PARA__L1": 410
    },
    "res_util": {
      "util-URAM": 0,
      "util-BRAM": 0,
      "util-DSP": 0,
      "util-LUT": 0,
      "util-FF": 0,
      "total-URAM": 0,
      "total-BRAM": 0,
      "total-DSP": 0,
      "total-LUT": 0,
      "total-FF": 0
    },
    "valid": false
  },
  "__PARA__L1-205.__PIPE__L1-off": {
    "perf": 1125055.0,
    "point": {
      "__PIPE__L1": "off",
      "__PARA__L1": 205
    },
    "res_util": {
      "util-URAM": 0.0,
      "util-BRAM": 0.012345679012345678,
      "util-DSP": 0.0021442495126705653,
      "util-LUT": 0.10524202643569269,
      "util-FF": 0.06780292777552217,
      "total-URAM": 0,
      "total-BRAM": 40,
      "total-DSP": 11,
      "total-LUT": 93316,
      "total-FF": 120239
    },
    "valid": true
  },
  "__PARA__L1-205.__PIPE__L1-   ": {
    "perf": 0.0,
    "point": {
      "__PIPE__L1": "   ",
      "__PARA__L1": 205
    },
    "res_util": {
      "util-URAM": 0,
      "util-BRAM": 0,
      "util-DSP": 0,
      "util-LUT": 0,
      "util-FF": 0,
      "total-URAM": 0,
      "total-BRAM": 0,
      "total-DSP": 0,
      "total-LUT": 0,
      "total-FF": 0
    },
    "valid": false
  },
  "__PARA__L1-82.__PIPE__L1-off": {
    "perf": 1125064.0,
    "point": {
      "__PIPE__L1": "off",
      "__PARA__L1": 82
    },
    "res_util": {
      "util-URAM": 0.0,
      "util-BRAM": 0.012345679012345678,
      "util-DSP": 0.0021442495126705653,
      "util-LUT": 0.04235237064104299,
      "util-FF": 0.02755616456895385,
      "total-URAM": 0,
      "total-BRAM": 40,
      "total-DSP": 11,
      "total-LUT": 37553,
      "total-FF": 48867
    },
    "valid": true
  },
  "__PARA__L1-82.__PIPE__L1-   ": {
    "perf": 0.0,
    "point": {
      "__PIPE__L1": "   ",
      "__PARA__L1": 82
    },
    "res_util": {
      "util-URAM": 0,
      "util-BRAM": 0,
      "util-DSP": 0,
      "util-LUT": 0,
      "util-FF": 0,
      "total-URAM": 0,
      "total-BRAM": 0,
      "total-DSP": 0,
      "total-LUT": 0,
      "total-FF": 0
    },
    "valid": false
  },
  "__PARA__L1-41.__PIPE__L1-off": {
    "perf": 1125079.0,
    "point": {
      "__PIPE__L1": "off",
      "__PARA__L1": 41
    },
    "res_util": {
      "util-URAM": 0.0,
      "util-BRAM": 0.012345679012345678,
      "util-DSP": 0.0021442495126705653,
      "util-LUT": 0.021680876979293544,
      "util-FF": 0.014105990887355077,
      "total-URAM": 0,
      "total-BRAM": 40,
      "total-DSP": 11,
      "total-LUT": 19224,
      "total-FF": 25015
    },
    "valid": true
  },
  "__PARA__L1-41.__PIPE__L1-   ": {
    "perf": 0.0,
    "point": {
      "__PIPE__L1": "   ",
      "__PARA__L1": 41
    },
    "res_util": {
      "util-URAM": 0,
      "util-BRAM": 0,
      "util-DSP": 0,
      "util-LUT": 0,
      "util-FF": 0,
      "total-URAM": 0,
      "total-BRAM": 0,
      "total-DSP": 0,
      "total-LUT": 0,
      "total-FF": 0
    },
    "valid": false
  },
  "__PARA__L1-10.__PIPE__L1-off": {
    "perf": 1125172.0,
    "point": {
      "__PIPE__L1": "off",
      "__PARA__L1": 10
    },
    "res_util": {
      "util-URAM": 0.0,
      "util-BRAM": 0.012345679012345678,
      "util-DSP": 0.0021442495126705653,
      "util-LUT": 0.006749898497766951,
      "util-FF": 0.003930955925474805,
      "total-URAM": 0,
      "total-BRAM": 40,
      "total-DSP": 11,
      "total-LUT": 5985,
      "total-FF": 6971
    },
    "valid": true
  },
  "__PARA__L1-10.__PIPE__L1-   ": {
    "perf": 0.0,
    "point": {
      "__PIPE__L1": "   ",
      "__PARA__L1": 10
    },
    "res_util": {
      "util-URAM": 0,
      "util-BRAM": 0,
      "util-DSP": 0,
      "util-LUT": 0,
      "util-FF": 0,
      "total-URAM": 0,
      "total-BRAM": 0,
      "total-DSP": 0,
      "total-LUT": 0,
      "total-FF": 0
    },
    "valid": false
  },
  "__PARA__L1-5.__PIPE__L1-off": {
    "perf": 1125295.0,
    "point": {
      "__PIPE__L1": "off",
      "__PARA__L1": 5
    },
    "res_util": {
      "util-URAM": 0.0,
      "util-BRAM": 0.012345679012345678,
      "util-DSP": 0.0021442495126705653,
      "util-LUT": 0.0042224928948436866,
      "util-FF": 0.002291130960436685,
      "total-URAM": 0,
      "total-BRAM": 40,
      "total-DSP": 11,
      "total-LUT": 3744,
      "total-FF": 4063
    },
    "valid": true
  },
  "__PARA__L1-5.__PIPE__L1-   ": {
    "perf": 0.0,
    "point": {
      "__PIPE__L1": "   ",
      "__PARA__L1": 5
    },
    "res_util": {
      "util-URAM": 0,
      "util-BRAM": 0,
      "util-DSP": 0,
      "util-LUT": 0,
      "util-FF": 0,
      "total-URAM": 0,
      "total-BRAM": 0,
      "total-DSP": 0,
      "total-LUT": 0,
      "total-FF": 0
    },
    "valid": false
  },
  "__PARA__L1-2.__PIPE__L1-off": {
    "perf": 1125664.0,
    "point": {
      "__PIPE__L1": "off",
      "__PARA__L1": 2
    },
    "res_util": {
      "util-URAM": 0.0,
      "util-BRAM": 0.012345679012345678,
      "util-DSP": 0.0021442495126705653,
      "util-LUT": 0.0026762755447286507,
      "util-FF": 0.0013099427076284566,
      "total-URAM": 0,
      "total-BRAM": 40,
      "total-DSP": 11,
      "total-LUT": 2373,
      "total-FF": 2323
    },
    "valid": true
  },
  "__PARA__L1-2.__PIPE__L1-   ": {
    "perf": 161995.0,
    "point": {
      "__PIPE__L1": "   ",
      "__PARA__L1": 2
    },
    "res_util": {
      "util-URAM": 0.0,
      "util-BRAM": 0.24382716049382716,
      "util-DSP": 0.557504873294347,
      "util-LUT": 0.31827265755402173,
      "util-FF": 0.2954746921098931,
      "total-URAM": 0,
      "total-BRAM": 790,
      "total-DSP": 2860,
      "total-LUT": 282206,
      "total-FF": 523983
    },
    "valid": true
  },
  "__PARA__L1-4.__PIPE__L1-off": {
    "perf": 1130277.0,
    "point": {
      "__PIPE__L1": "off",
      "__PARA__L1": 4
    },
    "res_util": {
      "util-URAM": 0.0,
      "util-BRAM": 0.012345679012345678,
      "util-DSP": 0.0021442495126705653,
      "util-LUT": 0.00367663644155727,
      "util-FF": 0.0019584291965534352,
      "total-URAM": 0,
      "total-BRAM": 40,
      "total-DSP": 11,
      "total-LUT": 3260,
      "total-FF": 3473
    },
    "valid": true
  },
  "__PARA__L1-4.__PIPE__L1-   ": {
    "perf": 0.0,
    "point": {
      "__PIPE__L1": "   ",
      "__PARA__L1": 4
    },
    "res_util": {
      "util-URAM": 0,
      "util-BRAM": 0,
      "util-DSP": 0,
      "util-LUT": 0,
      "util-FF": 0,
      "total-URAM": 0,
      "total-BRAM": 0,
      "total-DSP": 0,
      "total-LUT": 0,
      "total-FF": 0
    },
    "valid": false
  },
  "__PARA__L1-32.__PIPE__L1-off": {
    "perf": 1139287.0,
    "point": {
      "__PIPE__L1": "off",
      "__PARA__L1": 32
    },
    "res_util": {
      "util-URAM": 0.0,
      "util-BRAM": 0.012345679012345678,
      "util-DSP": 0.0021442495126705653,
      "util-LUT": 0.016838092660260748,
      "util-FF": 0.0110490819686922,
      "total-URAM": 0,
      "total-BRAM": 40,
      "total-DSP": 11,
      "total-LUT": 14930,
      "total-FF": 19594
    },
    "valid": true
  },
  "__PARA__L1-32.__PIPE__L1-   ": {
    "perf": 0.0,
    "point": {
      "__PIPE__L1": "   ",
      "__PARA__L1": 32
    },
    "res_util": {
      "util-URAM": 0,
      "util-BRAM": 0,
      "util-DSP": 0,
      "util-LUT": 0,
      "util-FF": 0,
      "total-URAM": 0,
      "total-BRAM": 0,
      "total-DSP": 0,
      "total-LUT": 0,
      "total-FF": 0
    },
    "valid": false
  },
  "__PARA__L1-16.__PIPE__L1-off": {
    "perf": 1139320.0,
    "point": {
      "__PIPE__L1": "off",
      "__PARA__L1": 16
    },
    "res_util": {
      "util-URAM": 0.0,
      "util-BRAM": 0.012345679012345678,
      "util-DSP": 0.0021442495126705653,
      "util-LUT": 0.009333694230161952,
      "util-FF": 0.005862881761176524,
      "total-URAM": 0,
      "total-BRAM": 40,
      "total-DSP": 11,
      "total-LUT": 8276,
      "total-FF": 10397
    },
    "valid": true
  },
  "__PARA__L1-16.__PIPE__L1-   ": {
    "perf": 0.0,
    "point": {
      "__PIPE__L1": "   ",
      "__PARA__L1": 16
    },
    "res_util": {
      "util-URAM": 0,
      "util-BRAM": 0,
      "util-DSP": 0,
      "util-LUT": 0,
      "util-FF": 0,
      "total-URAM": 0,
      "total-BRAM": 0,
      "total-DSP": 0,
      "total-LUT": 0,
      "total-FF": 0
    },
    "valid": false
  },
  "__PARA__L1-8.__PIPE__L1-off": {
    "perf": 1139434.0,
    "point": {
      "__PIPE__L1": "off",
      "__PARA__L1": 8
    },
    "res_util": {
      "util-URAM": 0.0,
      "util-BRAM": 0.012345679012345678,
      "util-DSP": 0.0021442495126705653,
      "util-LUT": 0.005661568998962422,
      "util-FF": 0.0032627328912347184,
      "total-URAM": 0,
      "total-BRAM": 40,
      "total-DSP": 11,
      "total-LUT": 5020,
      "total-FF": 5786
    },
    "valid": true
  },
  "__PARA__L1-8.__PIPE__L1-   ": {
    "perf": 0.0,
    "point": {
      "__PIPE__L1": "   ",
      "__PARA__L1": 8
    },
    "res_util": {
      "util-URAM": 0,
      "util-BRAM": 0,
      "util-DSP": 0,
      "util-LUT": 0,
      "util-FF": 0,
      "total-URAM": 0,
      "total-BRAM": 0,
      "total-DSP": 0,
      "total-LUT": 0,
      "total-FF": 0
    },
    "valid": false
  },
  "__PARA__L1-64.__PIPE__L1-off": {
    "perf": 1214553.0,
    "point": {
      "__PIPE__L1": "off",
      "__PARA__L1": 64
    },
    "res_util": {
      "util-URAM": 0.0,
      "util-BRAM": 0.012345679012345678,
      "util-DSP": 0.0021442495126705653,
      "util-LUT": 0.03173298145892543,
      "util-FF": 0.021400054134524293,
      "total-URAM": 0,
      "total-BRAM": 40,
      "total-DSP": 11,
      "total-LUT": 28137,
      "total-FF": 37950
    },
    "valid": true
  },
  "__PARA__L1-64.__PIPE__L1-   ": {
    "perf": 0.0,
    "point": {
      "__PIPE__L1": "   ",
      "__PARA__L1": 64
    },
    "res_util": {
      "util-URAM": 0,
      "util-BRAM": 0,
      "util-DSP": 0,
      "util-LUT": 0,
      "util-FF": 0,
      "total-URAM": 0,
      "total-BRAM": 0,
      "total-DSP": 0,
      "total-LUT": 0,
      "total-FF": 0
    },
    "valid": false
  },
  "__PARA__L1-128.__PIPE__L1-off": {
    "perf": 1365130.0,
    "point": {
      "__PIPE__L1": "off",
      "__PARA__L1": 128
    },
    "res_util": {
      "util-URAM": 0.0,
      "util-BRAM": 0.012345679012345678,
      "util-DSP": 0.0021442495126705653,
      "util-LUT": 0.06410429918347092,
      "util-FF": 0.04205519465872694,
      "total-URAM": 0,
      "total-BRAM": 40,
      "total-DSP": 11,
      "total-LUT": 56840,
      "total-FF": 74579
    },
    "valid": true
  },
  "__PARA__L1-128.__PIPE__L1-   ": {
    "perf": 0.0,
    "point": {
      "__PIPE__L1": "   ",
      "__PARA__L1": 128
    },
    "res_util": {
      "util-URAM": 0,
      "util-BRAM": 0,
      "util-DSP": 0,
      "util-LUT": 0,
      "util-FF": 0,
      "total-URAM": 0,
      "total-BRAM": 0,
      "total-DSP": 0,
      "total-LUT": 0,
      "total-FF": 0
    },
    "valid": false
  },
  "__PARA__L1-256.__PIPE__L1-off": {
    "perf": 1365373.0,
    "point": {
      "__PIPE__L1": "off",
      "__PARA__L1": 256
    },
    "res_util": {
      "util-URAM": 0.0,
      "util-BRAM": 0.012345679012345678,
      "util-DSP": 0.0021442495126705653,
      "util-LUT": 0.12665448639870078,
      "util-FF": 0.08328089051292462,
      "total-URAM": 0,
      "total-BRAM": 40,
      "total-DSP": 11,
      "total-LUT": 112302,
      "total-FF": 147687
    },
    "valid": true
  },
  "__PARA__L1-256.__PIPE__L1-   ": {
    "perf": 0.0,
    "point": {
      "__PIPE__L1": "   ",
      "__PARA__L1": 256
    },
    "res_util": {
      "util-URAM": 0,
      "util-BRAM": 0,
      "util-DSP": 0,
      "util-LUT": 0,
      "util-FF": 0,
      "total-URAM": 0,
      "total-BRAM": 0,
      "total-DSP": 0,
      "total-LUT": 0,
      "total-FF": 0
    },
    "valid": false
  }
}