{
  "__PARA__L0-1.__PARA__L1-1.__PARA__L2-1.__PIPE__L0-NA.__PIPE__L1-NA": {
    "perf": 1581077.0,
    "point": {
      "__PIPE__L0": "",
      "__PARA__L0": 1,
      "__PIPE__L1": "",
      "__PARA__L1": 1,
      "__PARA__L2": 1
    },
    "res_util": {
      "util-URAM": 0.004166666666666667,
      "util-BRAM": 0.0,
      "util-DSP": 0.0021442495126705653,
      "util-LUT": 0.0019375648486488926,
      "util-FF": 0.0009811882528082284,
      "total-URAM": 3,
      "total-BRAM": 0,
      "total-DSP": 11,
      "total-LUT": 1718,
      "total-FF": 1740
    },
    "valid": true
  },
  "__PARA__L0-1.__PARA__L1-1.__PARA__L2-2.__PIPE__L0-NA.__PIPE__L1-NA": {
    "perf": 794651.0,
    "point": {
      "__PIPE__L0": "",
      "__PARA__L0": 1,
      "__PIPE__L1": "",
      "__PARA__L1": 1,
      "__PARA__L2": 2
    },
    "res_util": {
      "util-URAM": 0.004166666666666667,
      "util-BRAM": 0.0,
      "util-DSP": 0.0021442495126705653,
      "util-LUT": 0.0022127486804709704,
      "util-FF": 0.0012253575134208508,
      "total-URAM": 3,
      "total-BRAM": 0,
      "total-DSP": 11,
      "total-LUT": 1962,
      "total-FF": 2173
    },
    "valid": true
  },
  "__PARA__L0-1.__PARA__L1-1.__PARA__L2-4.__PIPE__L0-NA.__PIPE__L1-NA": {
    "perf": 401456.0,
    "point": {
      "__PIPE__L0": "",
      "__PARA__L0": 1,
      "__PIPE__L1": "",
      "__PARA__L1": 1,
      "__PARA__L2": 4
    },
    "res_util": {
      "util-URAM": 0.004166666666666667,
      "util-BRAM": 0.006172839506172839,
      "util-DSP": 0.0031189083820662767,
      "util-LUT": 0.0030890512924617677,
      "util-FF": 0.0024213921595163984,
      "total-URAM": 3,
      "total-BRAM": 20,
      "total-DSP": 16,
      "total-LUT": 2739,
      "total-FF": 4294
    },
    "valid": true
  },
  "__PARA__L0-1.__PARA__L1-1.__PARA__L2-8.__PIPE__L0-NA.__PIPE__L1-NA": {
    "perf": 204850.0,
    "point": {
      "__PIPE__L0": "",
      "__PARA__L0": 1,
      "__PIPE__L1": "",
      "__PARA__L1": 1,
      "__PARA__L2": 8
    },
    "res_util": {
      "util-URAM": 0.001388888888888889,
      "util-BRAM": 0.010493827160493827,
      "util-DSP": 0.0060428849902534115,
      "util-LUT": 0.005131501781928091,
      "util-FF": 0.0036461857716425317,
      "total-URAM": 1,
      "total-BRAM": 34,
      "total-DSP": 31,
      "total-LUT": 4550,
      "total-FF": 6466
    },
    "valid": true
  },
  "__PARA__L0-1.__PARA__L1-1.__PARA__L2-16.__PIPE__L0-NA.__PIPE__L1-NA": {
    "perf": 106560.0,
    "point": {
      "__PIPE__L0": "",
      "__PARA__L0": 1,
      "__PIPE__L1": "",
      "__PARA__L1": 1,
      "__PARA__L2": 16
    },
    "res_util": {
      "util-URAM": 0.001388888888888889,
      "util-BRAM": 0.015432098765432098,
      "util-DSP": 0.0101364522417154,
      "util-LUT": 0.009225425181576217,
      "util-FF": 0.00469616998240628,
      "total-URAM": 1,
      "total-BRAM": 50,
      "total-DSP": 52,
      "total-LUT": 8180,
      "total-FF": 8328
    },
    "valid": true
  },
  "__PARA__L0-1.__PARA__L1-1.__PARA__L2-32.__PIPE__L0-NA.__PIPE__L1-NA": {
    "perf": 57412.0,
    "point": {
      "__PIPE__L0": "",
      "__PARA__L0": 1,
      "__PIPE__L1": "",
      "__PARA__L1": 1,
      "__PARA__L2": 32
    },
    "res_util": {
      "util-URAM": 0.001388888888888889,
      "util-BRAM": 0.030246913580246913,
      "util-DSP": 0.01929824561403509,
      "util-LUT": 0.02355302927775522,
      "util-FF": 0.010244958722425227,
      "total-URAM": 1,
      "total-BRAM": 98,
      "total-DSP": 99,
      "total-LUT": 20884,
      "total-FF": 18168
    },
    "valid": true
  },
  "__PARA__L0-1.__PARA__L1-1.__PARA__L2-64.__PIPE__L0-NA.__PIPE__L1-NA": {
    "perf": 12340.0,
    "point": {
      "__PIPE__L0": "",
      "__PARA__L0": 1,
      "__PIPE__L1": "",
      "__PARA__L1": 1,
      "__PARA__L2": 64
    },
    "res_util": {
      "util-URAM": 0.001388888888888889,
      "util-BRAM": 0.019753086419753086,
      "util-DSP": 0.14853801169590644,
      "util-LUT": 0.11052578156719448,
      "util-FF": 0.04622919204222493,
      "total-URAM": 1,
      "total-BRAM": 64,
      "total-DSP": 762,
      "total-LUT": 98001,
      "total-FF": 81981
    },
    "valid": true
  },
  "__PARA__L0-1.__PARA__L1-2.__PARA__L2-64.__PIPE__L0-NA.__PIPE__L1-NA": {
    "perf": 10292.0,
    "point": {
      "__PIPE__L0": "",
      "__PARA__L0": 1,
      "__PIPE__L1": "",
      "__PARA__L1": 2,
      "__PARA__L2": 64
    },
    "res_util": {
      "util-URAM": 0.001388888888888889,
      "util-BRAM": 0.019753086419753086,
      "util-DSP": 0.29668615984405455,
      "util-LUT": 0.17356656290882844,
      "util-FF": 0.08519759101366897,
      "total-URAM": 1,
      "total-BRAM": 64,
      "total-DSP": 1522,
      "total-LUT": 153898,
      "total-FF": 151086
    },
    "valid": true
  },
  "__PARA__L0-1.__PARA__L1-4.__PARA__L2-64.__PIPE__L0-NA.__PIPE__L1-NA": {
    "perf": 9283.0,
    "point": {
      "__PIPE__L0": "",
      "__PARA__L0": 1,
      "__PIPE__L1": "",
      "__PARA__L1": 4,
      "__PARA__L2": 64
    },
    "res_util": {
      "util-URAM": 0.002777777777777778,
      "util-BRAM": 0.019753086419753086,
      "util-DSP": 0.569785575048733,
      "util-LUT": 0.29322416204267604,
      "util-FF": 0.23472447782740108,
      "total-URAM": 2,
      "total-BRAM": 64,
      "total-DSP": 2923,
      "total-LUT": 259996,
      "total-FF": 416251
    },
    "valid": true
  },
  "__PARA__L0-1.__PARA__L1-8.__PARA__L2-64.__PIPE__L0-NA.__PIPE__L1-NA": {
    "perf": 8763.0,
    "point": {
      "__PIPE__L0": "",
      "__PARA__L0": 1,
      "__PIPE__L1": "",
      "__PARA__L1": 8,
      "__PARA__L2": 64
    },
    "res_util": {
      "util-URAM": 0.0,
      "util-BRAM": 0.024691358024691357,
      "util-DSP": 1.0,
      "util-LUT": 0.5502503721748545,
      "util-FF": 0.4229457075833446,
      "total-URAM": 0,
      "total-BRAM": 80,
      "total-DSP": 5717,
      "total-LUT": 487896,
      "total-FF": 750035
    },
    "valid": false
  },
  "__PARA__L0-1.__PARA__L1-16.__PARA__L2-64.__PIPE__L0-NA.__PIPE__L1-NA": {
    "perf": 23937.0,
    "point": {
      "__PIPE__L0": "",
      "__PARA__L0": 1,
      "__PIPE__L1": "",
      "__PARA__L1": 16,
      "__PARA__L2": 64
    },
    "res_util": {
      "util-URAM": 0.022222222222222223,
      "util-BRAM": 0.024691358024691357,
      "util-DSP": 0.03645224171539961,
      "util-LUT": 0.04152230793521902,
      "util-FF": 0.039400347363197544,
      "total-URAM": 16,
      "total-BRAM": 80,
      "total-DSP": 187,
      "total-LUT": 36817,
      "total-FF": 69871
    },
    "valid": true
  },
  "__PARA__L0-1.__PARA__L1-32.__PARA__L2-64.__PIPE__L0-NA.__PIPE__L1-NA": {
    "perf": 23898.0,
    "point": {
      "__PIPE__L0": "",
      "__PARA__L0": 1,
      "__PIPE__L1": "",
      "__PARA__L1": 32,
      "__PARA__L2": 64
    },
    "res_util": {
      "util-URAM": 0.025,
      "util-BRAM": 0.0,
      "util-DSP": 0.03645224171539961,
      "util-LUT": 0.07227635674651509,
      "util-FF": 0.09007138990391123,
      "total-URAM": 18,
      "total-BRAM": 0,
      "total-DSP": 187,
      "total-LUT": 64086,
      "total-FF": 159729
    },
    "valid": true
  },
  "__PARA__L0-1.__PARA__L1-64.__PARA__L2-64.__PIPE__L0-NA.__PIPE__L1-NA": {
    "perf": 10354.0,
    "point": {
      "__PIPE__L0": "",
      "__PARA__L0": 1,
      "__PIPE__L1": "",
      "__PARA__L1": 64,
      "__PARA__L2": 64
    },
    "res_util": {
      "util-URAM": 0.001388888888888889,
      "util-BRAM": 0.03950617283950617,
      "util-DSP": 1.0,
      "util-LUT": 1.0,
      "util-FF": 1.0,
      "total-URAM": 1,
      "total-BRAM": 128,
      "total-DSP": 44864,
      "total-LUT": 3313616,
      "total-FF": 4159391
    },
    "valid": false
  },
  "__PARA__L0-1.__PARA__L1-4.__PARA__L2-64.__PIPE__L0-NA.__PIPE__L1-off": {
    "perf": 9283.0,
    "point": {
      "__PIPE__L0": "",
      "__PARA__L0": 1,
      "__PIPE__L1": "off",
      "__PARA__L1": 4,
      "__PARA__L2": 64
    },
    "res_util": {
      "util-URAM": 0.002777777777777778,
      "util-BRAM": 0.019753086419753086,
      "util-DSP": 0.569785575048733,
      "util-LUT": 0.29322416204267604,
      "util-FF": 0.23472447782740108,
      "total-URAM": 2,
      "total-BRAM": 64,
      "total-DSP": 2923,
      "total-LUT": 259996,
      "total-FF": 416251
    },
    "valid": true
  },
  "__PARA__L0-1.__PARA__L1-4.__PARA__L2-64.__PIPE__L0-NA.__PIPE__L1-   ": {
    "perf": 9283.0,
    "point": {
      "__PIPE__L0": "",
      "__PARA__L0": 1,
      "__PIPE__L1": "   ",
      "__PARA__L1": 4,
      "__PARA__L2": 64
    },
    "res_util": {
      "util-URAM": 0.002777777777777778,
      "util-BRAM": 0.019753086419753086,
      "util-DSP": 0.569785575048733,
      "util-LUT": 0.29322416204267604,
      "util-FF": 0.23472447782740108,
      "total-URAM": 2,
      "total-BRAM": 64,
      "total-DSP": 2923,
      "total-LUT": 259996,
      "total-FF": 416251
    },
    "valid": true
  },
  "__PARA__L0-2.__PARA__L1-4.__PARA__L2-64.__PIPE__L0-NA.__PIPE__L1-off": {
    "perf": 13914.0,
    "point": {
      "__PIPE__L0": "",
      "__PARA__L0": 2,
      "__PIPE__L1": "off",
      "__PARA__L1": 4,
      "__PARA__L2": 64
    },
    "res_util": {
      "util-URAM": 0.004166666666666667,
      "util-BRAM": 0.0,
      "util-DSP": 0.5927875243664718,
      "util-LUT": 0.3486669373392881,
      "util-FF": 0.2601598096269229,
      "total-URAM": 3,
      "total-BRAM": 0,
      "total-DSP": 3041,
      "total-LUT": 309156,
      "total-FF": 461357
    },
    "valid": true
  },
  "__PARA__L0-4.__PARA__L1-4.__PARA__L2-64.__PIPE__L0-NA.__PIPE__L1-off": {
    "perf": 0.0,
    "point": {
      "__PIPE__L0": "",
      "__PARA__L0": 4,
      "__PIPE__L1": "off",
      "__PARA__L1": 4,
      "__PARA__L2": 64
    },
    "res_util": {
      "util-URAM": 0,
      "util-BRAM": 0,
      "util-DSP": 0,
      "util-LUT": 0,
      "util-FF": 0,
      "total-URAM": 0,
      "total-BRAM": 0,
      "total-DSP": 0,
      "total-LUT": 0,
      "total-FF": 0
    },
    "valid": false
  },
  "__PARA__L0-8.__PARA__L1-4.__PARA__L2-64.__PIPE__L0-NA.__PIPE__L1-off": {
    "perf": 0.0,
    "point": {
      "__PIPE__L0": "",
      "__PARA__L0": 8,
      "__PIPE__L1": "off",
      "__PARA__L1": 4,
      "__PARA__L2": 64
    },
    "res_util": {
      "util-URAM": 0,
      "util-BRAM": 0,
      "util-DSP": 0,
      "util-LUT": 0,
      "util-FF": 0,
      "total-URAM": 0,
      "total-BRAM": 0,
      "total-DSP": 0,
      "total-LUT": 0,
      "total-FF": 0
    },
    "valid": false
  },
  "__PARA__L0-16.__PARA__L1-4.__PARA__L2-64.__PIPE__L0-NA.__PIPE__L1-off": {
    "perf": 0.0,
    "point": {
      "__PIPE__L0": "",
      "__PARA__L0": 16,
      "__PIPE__L1": "off",
      "__PARA__L1": 4,
      "__PARA__L2": 64
    },
    "res_util": {
      "util-URAM": 0,
      "util-BRAM": 0,
      "util-DSP": 0,
      "util-LUT": 0,
      "util-FF": 0,
      "total-URAM": 0,
      "total-BRAM": 0,
      "total-DSP": 0,
      "total-LUT": 0,
      "total-FF": 0
    },
    "valid": false
  },
  "__PARA__L0-32.__PARA__L1-4.__PARA__L2-64.__PIPE__L0-NA.__PIPE__L1-off": {
    "perf": 0.0,
    "point": {
      "__PIPE__L0": "",
      "__PARA__L0": 32,
      "__PIPE__L1": "off",
      "__PARA__L1": 4,
      "__PARA__L2": 64
    },
    "res_util": {
      "util-URAM": 0,
      "util-BRAM": 0,
      "util-DSP": 0,
      "util-LUT": 0,
      "util-FF": 0,
      "total-URAM": 0,
      "total-BRAM": 0,
      "total-DSP": 0,
      "total-LUT": 0,
      "total-FF": 0
    },
    "valid": false
  },
  "__PARA__L0-64.__PARA__L1-4.__PARA__L2-64.__PIPE__L0-NA.__PIPE__L1-off": {
    "perf": 0.0,
    "point": {
      "__PIPE__L0": "",
      "__PARA__L0": 64,
      "__PIPE__L1": "off",
      "__PARA__L1": 4,
      "__PARA__L2": 64
    },
    "res_util": {
      "util-URAM": 0,
      "util-BRAM": 0,
      "util-DSP": 0,
      "util-LUT": 0,
      "util-FF": 0,
      "total-URAM": 0,
      "total-BRAM": 0,
      "total-DSP": 0,
      "total-LUT": 0,
      "total-FF": 0
    },
    "valid": false
  },
  "__PARA__L0-1.__PARA__L1-4.__PARA__L2-64.__PIPE__L0-off.__PIPE__L1-off": {
    "perf": 9283.0,
    "point": {
      "__PIPE__L0": "off",
      "__PARA__L0": 1,
      "__PIPE__L1": "off",
      "__PARA__L1": 4,
      "__PARA__L2": 64
    },
    "res_util": {
      "util-URAM": 0.002777777777777778,
      "util-BRAM": 0.019753086419753086,
      "util-DSP": 0.569785575048733,
      "util-LUT": 0.29322416204267604,
      "util-FF": 0.23472447782740108,
      "total-URAM": 2,
      "total-BRAM": 64,
      "total-DSP": 2923,
      "total-LUT": 259996,
      "total-FF": 416251
    },
    "valid": true
  },
  "__PARA__L0-1.__PARA__L1-4.__PARA__L2-64.__PIPE__L0-   .__PIPE__L1-off": {
    "perf": 10354.0,
    "point": {
      "__PIPE__L0": "   ",
      "__PARA__L0": 1,
      "__PIPE__L1": "off",
      "__PARA__L1": 4,
      "__PARA__L2": 64
    },
    "res_util": {
      "util-URAM": 0.001388888888888889,
      "util-BRAM": 0.03950617283950617,
      "util-DSP": 1.0,
      "util-LUT": 1.0,
      "util-FF": 1.0,
      "total-URAM": 1,
      "total-BRAM": 128,
      "total-DSP": 44864,
      "total-LUT": 3313616,
      "total-FF": 4159391
    },
    "valid": false
  },
  "__PARA__L0-2.__PARA__L1-4.__PARA__L2-64.__PIPE__L0-off.__PIPE__L1-off": {
    "perf": 13914.0,
    "point": {
      "__PIPE__L0": "off",
      "__PARA__L0": 2,
      "__PIPE__L1": "off",
      "__PARA__L1": 4,
      "__PARA__L2": 64
    },
    "res_util": {
      "util-URAM": 0.004166666666666667,
      "util-BRAM": 0.0,
      "util-DSP": 0.5927875243664718,
      "util-LUT": 0.3486669373392881,
      "util-FF": 0.2601598096269229,
      "total-URAM": 3,
      "total-BRAM": 0,
      "total-DSP": 3041,
      "total-LUT": 309156,
      "total-FF": 461357
    },
    "valid": true
  },
  "__PARA__L0-2.__PARA__L1-4.__PARA__L2-64.__PIPE__L0-   .__PIPE__L1-off": {
    "perf": 0.0,
    "point": {
      "__PIPE__L0": "   ",
      "__PARA__L0": 2,
      "__PIPE__L1": "off",
      "__PARA__L1": 4,
      "__PARA__L2": 64
    },
    "res_util": {
      "util-URAM": 0,
      "util-BRAM": 0,
      "util-DSP": 0,
      "util-LUT": 0,
      "util-FF": 0,
      "total-URAM": 0,
      "total-BRAM": 0,
      "total-DSP": 0,
      "total-LUT": 0,
      "total-FF": 0
    },
    "valid": false
  },
  "__PARA__L0-2.__PARA__L1-4.__PARA__L2-64.__PIPE__L0-NA.__PIPE__L1-   ": {
    "perf": 13914.0,
    "point": {
      "__PIPE__L0": "",
      "__PARA__L0": 2,
      "__PIPE__L1": "   ",
      "__PARA__L1": 4,
      "__PARA__L2": 64
    },
    "res_util": {
      "util-URAM": 0.004166666666666667,
      "util-BRAM": 0.0,
      "util-DSP": 0.5927875243664718,
      "util-LUT": 0.3486669373392881,
      "util-FF": 0.2601598096269229,
      "total-URAM": 3,
      "total-BRAM": 0,
      "total-DSP": 3041,
      "total-LUT": 309156,
      "total-FF": 461357
    },
    "valid": true
  },
  "__PARA__L0-4.__PARA__L1-4.__PARA__L2-64.__PIPE__L0-NA.__PIPE__L1-   ": {
    "perf": 0.0,
    "point": {
      "__PIPE__L0": "",
      "__PARA__L0": 4,
      "__PIPE__L1": "   ",
      "__PARA__L1": 4,
      "__PARA__L2": 64
    },
    "res_util": {
      "util-URAM": 0,
      "util-BRAM": 0,
      "util-DSP": 0,
      "util-LUT": 0,
      "util-FF": 0,
      "total-URAM": 0,
      "total-BRAM": 0,
      "total-DSP": 0,
      "total-LUT": 0,
      "total-FF": 0
    },
    "valid": false
  },
  "__PARA__L0-8.__PARA__L1-4.__PARA__L2-64.__PIPE__L0-NA.__PIPE__L1-   ": {
    "perf": 0.0,
    "point": {
      "__PIPE__L0": "",
      "__PARA__L0": 8,
      "__PIPE__L1": "   ",
      "__PARA__L1": 4,
      "__PARA__L2": 64
    },
    "res_util": {
      "util-URAM": 0,
      "util-BRAM": 0,
      "util-DSP": 0,
      "util-LUT": 0,
      "util-FF": 0,
      "total-URAM": 0,
      "total-BRAM": 0,
      "total-DSP": 0,
      "total-LUT": 0,
      "total-FF": 0
    },
    "valid": false
  },
  "__PARA__L0-16.__PARA__L1-4.__PARA__L2-64.__PIPE__L0-NA.__PIPE__L1-   ": {
    "perf": 0.0,
    "point": {
      "__PIPE__L0": "",
      "__PARA__L0": 16,
      "__PIPE__L1": "   ",
      "__PARA__L1": 4,
      "__PARA__L2": 64
    },
    "res_util": {
      "util-URAM": 0,
      "util-BRAM": 0,
      "util-DSP": 0,
      "util-LUT": 0,
      "util-FF": 0,
      "total-URAM": 0,
      "total-BRAM": 0,
      "total-DSP": 0,
      "total-LUT": 0,
      "total-FF": 0
    },
    "valid": false
  },
  "__PARA__L0-32.__PARA__L1-4.__PARA__L2-64.__PIPE__L0-NA.__PIPE__L1-   ": {
    "perf": 0.0,
    "point": {
      "__PIPE__L0": "",
      "__PARA__L0": 32,
      "__PIPE__L1": "   ",
      "__PARA__L1": 4,
      "__PARA__L2": 64
    },
    "res_util": {
      "util-URAM": 0,
      "util-BRAM": 0,
      "util-DSP": 0,
      "util-LUT": 0,
      "util-FF": 0,
      "total-URAM": 0,
      "total-BRAM": 0,
      "total-DSP": 0,
      "total-LUT": 0,
      "total-FF": 0
    },
    "valid": false
  },
  "__PARA__L0-64.__PARA__L1-4.__PARA__L2-64.__PIPE__L0-NA.__PIPE__L1-   ": {
    "perf": 0.0,
    "point": {
      "__PIPE__L0": "",
      "__PARA__L0": 64,
      "__PIPE__L1": "   ",
      "__PARA__L1": 4,
      "__PARA__L2": 64
    },
    "res_util": {
      "util-URAM": 0,
      "util-BRAM": 0,
      "util-DSP": 0,
      "util-LUT": 0,
      "util-FF": 0,
      "total-URAM": 0,
      "total-BRAM": 0,
      "total-DSP": 0,
      "total-LUT": 0,
      "total-FF": 0
    },
    "valid": false
  },
  "__PARA__L0-1.__PARA__L1-4.__PARA__L2-64.__PIPE__L0-off.__PIPE__L1-   ": {
    "perf": 9283.0,
    "point": {
      "__PIPE__L0": "off",
      "__PARA__L0": 1,
      "__PIPE__L1": "   ",
      "__PARA__L1": 4,
      "__PARA__L2": 64
    },
    "res_util": {
      "util-URAM": 0.002777777777777778,
      "util-BRAM": 0.019753086419753086,
      "util-DSP": 0.569785575048733,
      "util-LUT": 0.29322416204267604,
      "util-FF": 0.23472447782740108,
      "total-URAM": 2,
      "total-BRAM": 64,
      "total-DSP": 2923,
      "total-LUT": 259996,
      "total-FF": 416251
    },
    "valid": true
  },
  "__PARA__L0-1.__PARA__L1-4.__PARA__L2-64.__PIPE__L0-   .__PIPE__L1-   ": {
    "perf": 10354.0,
    "point": {
      "__PIPE__L0": "   ",
      "__PARA__L0": 1,
      "__PIPE__L1": "   ",
      "__PARA__L1": 4,
      "__PARA__L2": 64
    },
    "res_util": {
      "util-URAM": 0.001388888888888889,
      "util-BRAM": 0.03950617283950617,
      "util-DSP": 1.0,
      "util-LUT": 1.0,
      "util-FF": 1.0,
      "total-URAM": 1,
      "total-BRAM": 128,
      "total-DSP": 44864,
      "total-LUT": 3313616,
      "total-FF": 4159391
    },
    "valid": false
  },
  "__PARA__L0-2.__PARA__L1-4.__PARA__L2-64.__PIPE__L0-off.__PIPE__L1-   ": {
    "perf": 13914.0,
    "point": {
      "__PIPE__L0": "off",
      "__PARA__L0": 2,
      "__PIPE__L1": "   ",
      "__PARA__L1": 4,
      "__PARA__L2": 64
    },
    "res_util": {
      "util-URAM": 0.004166666666666667,
      "util-BRAM": 0.0,
      "util-DSP": 0.5927875243664718,
      "util-LUT": 0.3486669373392881,
      "util-FF": 0.2601598096269229,
      "total-URAM": 3,
      "total-BRAM": 0,
      "total-DSP": 3041,
      "total-LUT": 309156,
      "total-FF": 461357
    },
    "valid": true
  },
  "__PARA__L0-2.__PARA__L1-4.__PARA__L2-64.__PIPE__L0-   .__PIPE__L1-   ": {
    "perf": 10322.0,
    "point": {
      "__PIPE__L0": "   ",
      "__PARA__L0": 2,
      "__PIPE__L1": "   ",
      "__PARA__L1": 4,
      "__PARA__L2": 64
    },
    "res_util": {
      "util-URAM": 0.001388888888888889,
      "util-BRAM": 0.0,
      "util-DSP": 1.0,
      "util-LUT": 1.0,
      "util-FF": 1.0,
      "total-URAM": 1,
      "total-BRAM": 0,
      "total-DSP": 89728,
      "total-LUT": 6627038,
      "total-FF": 8062302
    },
    "valid": false
  },
  "__PARA__L0-1.__PARA__L1-2.__PARA__L2-64.__PIPE__L0-NA.__PIPE__L1-off": {
    "perf": 10292.0,
    "point": {
      "__PIPE__L0": "",
      "__PARA__L0": 1,
      "__PIPE__L1": "off",
      "__PARA__L1": 2,
      "__PARA__L2": 64
    },
    "res_util": {
      "util-URAM": 0.001388888888888889,
      "util-BRAM": 0.019753086419753086,
      "util-DSP": 0.29668615984405455,
      "util-LUT": 0.17356656290882844,
      "util-FF": 0.08519759101366897,
      "total-URAM": 1,
      "total-BRAM": 64,
      "total-DSP": 1522,
      "total-LUT": 153898,
      "total-FF": 151086
    },
    "valid": true
  },
  "__PARA__L0-1.__PARA__L1-2.__PARA__L2-64.__PIPE__L0-NA.__PIPE__L1-   ": {
    "perf": 10292.0,
    "point": {
      "__PIPE__L0": "",
      "__PARA__L0": 1,
      "__PIPE__L1": "   ",
      "__PARA__L1": 2,
      "__PARA__L2": 64
    },
    "res_util": {
      "util-URAM": 0.001388888888888889,
      "util-BRAM": 0.019753086419753086,
      "util-DSP": 0.29668615984405455,
      "util-LUT": 0.17356656290882844,
      "util-FF": 0.08519759101366897,
      "total-URAM": 1,
      "total-BRAM": 64,
      "total-DSP": 1522,
      "total-LUT": 153898,
      "total-FF": 151086
    },
    "valid": true
  },
  "__PARA__L0-2.__PARA__L1-2.__PARA__L2-64.__PIPE__L0-NA.__PIPE__L1-off": {
    "perf": 0.0,
    "point": {
      "__PIPE__L0": "",
      "__PARA__L0": 2,
      "__PIPE__L1": "off",
      "__PARA__L1": 2,
      "__PARA__L2": 64
    },
    "res_util": {
      "util-URAM": 0,
      "util-BRAM": 0,
      "util-DSP": 0,
      "util-LUT": 0,
      "util-FF": 0,
      "total-URAM": 0,
      "total-BRAM": 0,
      "total-DSP": 0,
      "total-LUT": 0,
      "total-FF": 0
    },
    "valid": false
  },
  "__PARA__L0-4.__PARA__L1-2.__PARA__L2-64.__PIPE__L0-NA.__PIPE__L1-off": {
    "perf": 0.0,
    "point": {
      "__PIPE__L0": "",
      "__PARA__L0": 4,
      "__PIPE__L1": "off",
      "__PARA__L1": 2,
      "__PARA__L2": 64
    },
    "res_util": {
      "util-URAM": 0,
      "util-BRAM": 0,
      "util-DSP": 0,
      "util-LUT": 0,
      "util-FF": 0,
      "total-URAM": 0,
      "total-BRAM": 0,
      "total-DSP": 0,
      "total-LUT": 0,
      "total-FF": 0
    },
    "valid": false
  },
  "__PARA__L0-8.__PARA__L1-2.__PARA__L2-64.__PIPE__L0-NA.__PIPE__L1-off": {
    "perf": 0.0,
    "point": {
      "__PIPE__L0": "",
      "__PARA__L0": 8,
      "__PIPE__L1": "off",
      "__PARA__L1": 2,
      "__PARA__L2": 64
    },
    "res_util": {
      "util-URAM": 0,
      "util-BRAM": 0,
      "util-DSP": 0,
      "util-LUT": 0,
      "util-FF": 0,
      "total-URAM": 0,
      "total-BRAM": 0,
      "total-DSP": 0,
      "total-LUT": 0,
      "total-FF": 0
    },
    "valid": false
  },
  "__PARA__L0-16.__PARA__L1-2.__PARA__L2-64.__PIPE__L0-NA.__PIPE__L1-off": {
    "perf": 0.0,
    "point": {
      "__PIPE__L0": "",
      "__PARA__L0": 16,
      "__PIPE__L1": "off",
      "__PARA__L1": 2,
      "__PARA__L2": 64
    },
    "res_util": {
      "util-URAM": 0,
      "util-BRAM": 0,
      "util-DSP": 0,
      "util-LUT": 0,
      "util-FF": 0,
      "total-URAM": 0,
      "total-BRAM": 0,
      "total-DSP": 0,
      "total-LUT": 0,
      "total-FF": 0
    },
    "valid": false
  },
  "__PARA__L0-32.__PARA__L1-2.__PARA__L2-64.__PIPE__L0-NA.__PIPE__L1-off": {
    "perf": 0.0,
    "point": {
      "__PIPE__L0": "",
      "__PARA__L0": 32,
      "__PIPE__L1": "off",
      "__PARA__L1": 2,
      "__PARA__L2": 64
    },
    "res_util": {
      "util-URAM": 0,
      "util-BRAM": 0,
      "util-DSP": 0,
      "util-LUT": 0,
      "util-FF": 0,
      "total-URAM": 0,
      "total-BRAM": 0,
      "total-DSP": 0,
      "total-LUT": 0,
      "total-FF": 0
    },
    "valid": false
  },
  "__PARA__L0-64.__PARA__L1-2.__PARA__L2-64.__PIPE__L0-NA.__PIPE__L1-off": {
    "perf": 0.0,
    "point": {
      "__PIPE__L0": "",
      "__PARA__L0": 64,
      "__PIPE__L1": "off",
      "__PARA__L1": 2,
      "__PARA__L2": 64
    },
    "res_util": {
      "util-URAM": 0,
      "util-BRAM": 0,
      "util-DSP": 0,
      "util-LUT": 0,
      "util-FF": 0,
      "total-URAM": 0,
      "total-BRAM": 0,
      "total-DSP": 0,
      "total-LUT": 0,
      "total-FF": 0
    },
    "valid": false
  },
  "__PARA__L0-1.__PARA__L1-2.__PARA__L2-64.__PIPE__L0-off.__PIPE__L1-off": {
    "perf": 10292.0,
    "point": {
      "__PIPE__L0": "off",
      "__PARA__L0": 1,
      "__PIPE__L1": "off",
      "__PARA__L1": 2,
      "__PARA__L2": 64
    },
    "res_util": {
      "util-URAM": 0.001388888888888889,
      "util-BRAM": 0.019753086419753086,
      "util-DSP": 0.29668615984405455,
      "util-LUT": 0.17356656290882844,
      "util-FF": 0.08519759101366897,
      "total-URAM": 1,
      "total-BRAM": 64,
      "total-DSP": 1522,
      "total-LUT": 153898,
      "total-FF": 151086
    },
    "valid": true
  },
  "__PARA__L0-1.__PARA__L1-2.__PARA__L2-64.__PIPE__L0-   .__PIPE__L1-off": {
    "perf": 10354.0,
    "point": {
      "__PIPE__L0": "   ",
      "__PARA__L0": 1,
      "__PIPE__L1": "off",
      "__PARA__L1": 2,
      "__PARA__L2": 64
    },
    "res_util": {
      "util-URAM": 0.001388888888888889,
      "util-BRAM": 0.03950617283950617,
      "util-DSP": 1.0,
      "util-LUT": 1.0,
      "util-FF": 1.0,
      "total-URAM": 1,
      "total-BRAM": 128,
      "total-DSP": 44864,
      "total-LUT": 3313616,
      "total-FF": 4159391
    },
    "valid": false
  },
  "__PARA__L0-2.__PARA__L1-2.__PARA__L2-64.__PIPE__L0-NA.__PIPE__L1-   ": {
    "perf": 0.0,
    "point": {
      "__PIPE__L0": "",
      "__PARA__L0": 2,
      "__PIPE__L1": "   ",
      "__PARA__L1": 2,
      "__PARA__L2": 64
    },
    "res_util": {
      "util-URAM": 0,
      "util-BRAM": 0,
      "util-DSP": 0,
      "util-LUT": 0,
      "util-FF": 0,
      "total-URAM": 0,
      "total-BRAM": 0,
      "total-DSP": 0,
      "total-LUT": 0,
      "total-FF": 0
    },
    "valid": false
  },
  "__PARA__L0-4.__PARA__L1-2.__PARA__L2-64.__PIPE__L0-NA.__PIPE__L1-   ": {
    "perf": 0.0,
    "point": {
      "__PIPE__L0": "",
      "__PARA__L0": 4,
      "__PIPE__L1": "   ",
      "__PARA__L1": 2,
      "__PARA__L2": 64
    },
    "res_util": {
      "util-URAM": 0,
      "util-BRAM": 0,
      "util-DSP": 0,
      "util-LUT": 0,
      "util-FF": 0,
      "total-URAM": 0,
      "total-BRAM": 0,
      "total-DSP": 0,
      "total-LUT": 0,
      "total-FF": 0
    },
    "valid": false
  },
  "__PARA__L0-8.__PARA__L1-2.__PARA__L2-64.__PIPE__L0-NA.__PIPE__L1-   ": {
    "perf": 0.0,
    "point": {
      "__PIPE__L0": "",
      "__PARA__L0": 8,
      "__PIPE__L1": "   ",
      "__PARA__L1": 2,
      "__PARA__L2": 64
    },
    "res_util": {
      "util-URAM": 0,
      "util-BRAM": 0,
      "util-DSP": 0,
      "util-LUT": 0,
      "util-FF": 0,
      "total-URAM": 0,
      "total-BRAM": 0,
      "total-DSP": 0,
      "total-LUT": 0,
      "total-FF": 0
    },
    "valid": false
  },
  "__PARA__L0-16.__PARA__L1-2.__PARA__L2-64.__PIPE__L0-NA.__PIPE__L1-   ": {
    "perf": 0.0,
    "point": {
      "__PIPE__L0": "",
      "__PARA__L0": 16,
      "__PIPE__L1": "   ",
      "__PARA__L1": 2,
      "__PARA__L2": 64
    },
    "res_util": {
      "util-URAM": 0,
      "util-BRAM": 0,
      "util-DSP": 0,
      "util-LUT": 0,
      "util-FF": 0,
      "total-URAM": 0,
      "total-BRAM": 0,
      "total-DSP": 0,
      "total-LUT": 0,
      "total-FF": 0
    },
    "valid": false
  },
  "__PARA__L0-32.__PARA__L1-2.__PARA__L2-64.__PIPE__L0-NA.__PIPE__L1-   ": {
    "perf": 0.0,
    "point": {
      "__PIPE__L0": "",
      "__PARA__L0": 32,
      "__PIPE__L1": "   ",
      "__PARA__L1": 2,
      "__PARA__L2": 64
    },
    "res_util": {
      "util-URAM": 0,
      "util-BRAM": 0,
      "util-DSP": 0,
      "util-LUT": 0,
      "util-FF": 0,
      "total-URAM": 0,
      "total-BRAM": 0,
      "total-DSP": 0,
      "total-LUT": 0,
      "total-FF": 0
    },
    "valid": false
  },
  "__PARA__L0-64.__PARA__L1-2.__PARA__L2-64.__PIPE__L0-NA.__PIPE__L1-   ": {
    "perf": 0.0,
    "point": {
      "__PIPE__L0": "",
      "__PARA__L0": 64,
      "__PIPE__L1": "   ",
      "__PARA__L1": 2,
      "__PARA__L2": 64
    },
    "res_util": {
      "util-URAM": 0,
      "util-BRAM": 0,
      "util-DSP": 0,
      "util-LUT": 0,
      "util-FF": 0,
      "total-URAM": 0,
      "total-BRAM": 0,
      "total-DSP": 0,
      "total-LUT": 0,
      "total-FF": 0
    },
    "valid": false
  },
  "__PARA__L0-1.__PARA__L1-2.__PARA__L2-64.__PIPE__L0-off.__PIPE__L1-   ": {
    "perf": 0.0,
    "point": {
      "__PIPE__L0": "off",
      "__PARA__L0": 1,
      "__PIPE__L1": "   ",
      "__PARA__L1": 2,
      "__PARA__L2": 64
    },
    "res_util": {
      "util-URAM": 0,
      "util-BRAM": 0,
      "util-DSP": 0,
      "util-LUT": 0,
      "util-FF": 0,
      "total-URAM": 0,
      "total-BRAM": 0,
      "total-DSP": 0,
      "total-LUT": 0,
      "total-FF": 0
    },
    "valid": false
  },
  "__PARA__L0-1.__PARA__L1-2.__PARA__L2-64.__PIPE__L0-   .__PIPE__L1-   ": {
    "perf": 10354.0,
    "point": {
      "__PIPE__L0": "   ",
      "__PARA__L0": 1,
      "__PIPE__L1": "   ",
      "__PARA__L1": 2,
      "__PARA__L2": 64
    },
    "res_util": {
      "util-URAM": 0.001388888888888889,
      "util-BRAM": 0.03950617283950617,
      "util-DSP": 1.0,
      "util-LUT": 1.0,
      "util-FF": 1.0,
      "total-URAM": 1,
      "total-BRAM": 128,
      "total-DSP": 44864,
      "total-LUT": 3313616,
      "total-FF": 4159391
    },
    "valid": false
  },
  "__PARA__L0-1.__PARA__L1-1.__PARA__L2-64.__PIPE__L0-NA.__PIPE__L1-off": {
    "perf": 0.0,
    "point": {
      "__PIPE__L0": "",
      "__PARA__L0": 1,
      "__PIPE__L1": "off",
      "__PARA__L1": 1,
      "__PARA__L2": 64
    },
    "res_util": {
      "util-URAM": 0,
      "util-BRAM": 0,
      "util-DSP": 0,
      "util-LUT": 0,
      "util-FF": 0,
      "total-URAM": 0,
      "total-BRAM": 0,
      "total-DSP": 0,
      "total-LUT": 0,
      "total-FF": 0
    },
    "valid": false
  },
  "__PARA__L0-1.__PARA__L1-1.__PARA__L2-64.__PIPE__L0-NA.__PIPE__L1-   ": {
    "perf": 12340.0,
    "point": {
      "__PIPE__L0": "",
      "__PARA__L0": 1,
      "__PIPE__L1": "   ",
      "__PARA__L1": 1,
      "__PARA__L2": 64
    },
    "res_util": {
      "util-URAM": 0.001388888888888889,
      "util-BRAM": 0.019753086419753086,
      "util-DSP": 0.14853801169590644,
      "util-LUT": 0.11052578156719448,
      "util-FF": 0.04622919204222493,
      "total-URAM": 1,
      "total-BRAM": 64,
      "total-DSP": 762,
      "total-LUT": 98001,
      "total-FF": 81981
    },
    "valid": true
  },
  "__PARA__L0-2.__PARA__L1-1.__PARA__L2-64.__PIPE__L0-NA.__PIPE__L1-   ": {
    "perf": 0.0,
    "point": {
      "__PIPE__L0": "",
      "__PARA__L0": 2,
      "__PIPE__L1": "   ",
      "__PARA__L1": 1,
      "__PARA__L2": 64
    },
    "res_util": {
      "util-URAM": 0,
      "util-BRAM": 0,
      "util-DSP": 0,
      "util-LUT": 0,
      "util-FF": 0,
      "total-URAM": 0,
      "total-BRAM": 0,
      "total-DSP": 0,
      "total-LUT": 0,
      "total-FF": 0
    },
    "valid": false
  },
  "__PARA__L0-4.__PARA__L1-1.__PARA__L2-64.__PIPE__L0-NA.__PIPE__L1-   ": {
    "perf": 0.0,
    "point": {
      "__PIPE__L0": "",
      "__PARA__L0": 4,
      "__PIPE__L1": "   ",
      "__PARA__L1": 1,
      "__PARA__L2": 64
    },
    "res_util": {
      "util-URAM": 0,
      "util-BRAM": 0,
      "util-DSP": 0,
      "util-LUT": 0,
      "util-FF": 0,
      "total-URAM": 0,
      "total-BRAM": 0,
      "total-DSP": 0,
      "total-LUT": 0,
      "total-FF": 0
    },
    "valid": false
  },
  "__PARA__L0-8.__PARA__L1-1.__PARA__L2-64.__PIPE__L0-NA.__PIPE__L1-   ": {
    "perf": 0.0,
    "point": {
      "__PIPE__L0": "",
      "__PARA__L0": 8,
      "__PIPE__L1": "   ",
      "__PARA__L1": 1,
      "__PARA__L2": 64
    },
    "res_util": {
      "util-URAM": 0,
      "util-BRAM": 0,
      "util-DSP": 0,
      "util-LUT": 0,
      "util-FF": 0,
      "total-URAM": 0,
      "total-BRAM": 0,
      "total-DSP": 0,
      "total-LUT": 0,
      "total-FF": 0
    },
    "valid": false
  },
  "__PARA__L0-16.__PARA__L1-1.__PARA__L2-64.__PIPE__L0-NA.__PIPE__L1-   ": {
    "perf": 0.0,
    "point": {
      "__PIPE__L0": "",
      "__PARA__L0": 16,
      "__PIPE__L1": "   ",
      "__PARA__L1": 1,
      "__PARA__L2": 64
    },
    "res_util": {
      "util-URAM": 0,
      "util-BRAM": 0,
      "util-DSP": 0,
      "util-LUT": 0,
      "util-FF": 0,
      "total-URAM": 0,
      "total-BRAM": 0,
      "total-DSP": 0,
      "total-LUT": 0,
      "total-FF": 0
    },
    "valid": false
  },
  "__PARA__L0-32.__PARA__L1-1.__PARA__L2-64.__PIPE__L0-NA.__PIPE__L1-   ": {
    "perf": 0.0,
    "point": {
      "__PIPE__L0": "",
      "__PARA__L0": 32,
      "__PIPE__L1": "   ",
      "__PARA__L1": 1,
      "__PARA__L2": 64
    },
    "res_util": {
      "util-URAM": 0,
      "util-BRAM": 0,
      "util-DSP": 0,
      "util-LUT": 0,
      "util-FF": 0,
      "total-URAM": 0,
      "total-BRAM": 0,
      "total-DSP": 0,
      "total-LUT": 0,
      "total-FF": 0
    },
    "valid": false
  },
  "__PARA__L0-64.__PARA__L1-1.__PARA__L2-64.__PIPE__L0-NA.__PIPE__L1-   ": {
    "perf": 0.0,
    "point": {
      "__PIPE__L0": "",
      "__PARA__L0": 64,
      "__PIPE__L1": "   ",
      "__PARA__L1": 1,
      "__PARA__L2": 64
    },
    "res_util": {
      "util-URAM": 0,
      "util-BRAM": 0,
      "util-DSP": 0,
      "util-LUT": 0,
      "util-FF": 0,
      "total-URAM": 0,
      "total-BRAM": 0,
      "total-DSP": 0,
      "total-LUT": 0,
      "total-FF": 0
    },
    "valid": false
  },
  "__PARA__L0-1.__PARA__L1-1.__PARA__L2-64.__PIPE__L0-off.__PIPE__L1-   ": {
    "perf": 0.0,
    "point": {
      "__PIPE__L0": "off",
      "__PARA__L0": 1,
      "__PIPE__L1": "   ",
      "__PARA__L1": 1,
      "__PARA__L2": 64
    },
    "res_util": {
      "util-URAM": 0,
      "util-BRAM": 0,
      "util-DSP": 0,
      "util-LUT": 0,
      "util-FF": 0,
      "total-URAM": 0,
      "total-BRAM": 0,
      "total-DSP": 0,
      "total-LUT": 0,
      "total-FF": 0
    },
    "valid": false
  },
  "__PARA__L0-1.__PARA__L1-1.__PARA__L2-64.__PIPE__L0-   .__PIPE__L1-   ": {
    "perf": 10354.0,
    "point": {
      "__PIPE__L0": "   ",
      "__PARA__L0": 1,
      "__PIPE__L1": "   ",
      "__PARA__L1": 1,
      "__PARA__L2": 64
    },
    "res_util": {
      "util-URAM": 0.001388888888888889,
      "util-BRAM": 0.03950617283950617,
      "util-DSP": 1.0,
      "util-LUT": 1.0,
      "util-FF": 1.0,
      "total-URAM": 1,
      "total-BRAM": 128,
      "total-DSP": 44864,
      "total-LUT": 3313616,
      "total-FF": 4159391
    },
    "valid": false
  },
  "__PARA__L0-1.__PARA__L1-32.__PARA__L2-64.__PIPE__L0-NA.__PIPE__L1-off": {
    "perf": 0.0,
    "point": {
      "__PIPE__L0": "",
      "__PARA__L0": 1,
      "__PIPE__L1": "off",
      "__PARA__L1": 32,
      "__PARA__L2": 64
    },
    "res_util": {
      "util-URAM": 0,
      "util-BRAM": 0,
      "util-DSP": 0,
      "util-LUT": 0,
      "util-FF": 0,
      "total-URAM": 0,
      "total-BRAM": 0,
      "total-DSP": 0,
      "total-LUT": 0,
      "total-FF": 0
    },
    "valid": false
  },
  "__PARA__L0-1.__PARA__L1-32.__PARA__L2-64.__PIPE__L0-NA.__PIPE__L1-   ": {
    "perf": 0.0,
    "point": {
      "__PIPE__L0": "",
      "__PARA__L0": 1,
      "__PIPE__L1": "   ",
      "__PARA__L1": 32,
      "__PARA__L2": 64
    },
    "res_util": {
      "util-URAM": 0,
      "util-BRAM": 0,
      "util-DSP": 0,
      "util-LUT": 0,
      "util-FF": 0,
      "total-URAM": 0,
      "total-BRAM": 0,
      "total-DSP": 0,
      "total-LUT": 0,
      "total-FF": 0
    },
    "valid": false
  },
  "__PARA__L0-1.__PARA__L1-16.__PARA__L2-64.__PIPE__L0-NA.__PIPE__L1-off": {
    "perf": 23937.0,
    "point": {
      "__PIPE__L0": "",
      "__PARA__L0": 1,
      "__PIPE__L1": "off",
      "__PARA__L1": 16,
      "__PARA__L2": 64
    },
    "res_util": {
      "util-URAM": 0.022222222222222223,
      "util-BRAM": 0.024691358024691357,
      "util-DSP": 0.03645224171539961,
      "util-LUT": 0.04152230793521902,
      "util-FF": 0.039400347363197544,
      "total-URAM": 16,
      "total-BRAM": 80,
      "total-DSP": 187,
      "total-LUT": 36817,
      "total-FF": 69871
    },
    "valid": true
  },
  "__PARA__L0-1.__PARA__L1-16.__PARA__L2-64.__PIPE__L0-NA.__PIPE__L1-   ": {
    "perf": 23937.0,
    "point": {
      "__PIPE__L0": "",
      "__PARA__L0": 1,
      "__PIPE__L1": "   ",
      "__PARA__L1": 16,
      "__PARA__L2": 64
    },
    "res_util": {
      "util-URAM": 0.022222222222222223,
      "util-BRAM": 0.024691358024691357,
      "util-DSP": 0.03645224171539961,
      "util-LUT": 0.04152230793521902,
      "util-FF": 0.039400347363197544,
      "total-URAM": 16,
      "total-BRAM": 80,
      "total-DSP": 187,
      "total-LUT": 36817,
      "total-FF": 69871
    },
    "valid": true
  },
  "__PARA__L0-2.__PARA__L1-16.__PARA__L2-64.__PIPE__L0-NA.__PIPE__L1-off": {
    "perf": 28425.0,
    "point": {
      "__PIPE__L0": "",
      "__PARA__L0": 2,
      "__PIPE__L1": "off",
      "__PARA__L1": 16,
      "__PARA__L2": 64
    },
    "res_util": {
      "util-URAM": 0.02361111111111111,
      "util-BRAM": 0.0049382716049382715,
      "util-DSP": 0.03645224171539961,
      "util-LUT": 0.06490278341679072,
      "util-FF": 0.03533518292958,
      "total-URAM": 17,
      "total-BRAM": 16,
      "total-DSP": 187,
      "total-LUT": 57548,
      "total-FF": 62662
    },
    "valid": true
  },
  "__PARA__L0-4.__PARA__L1-16.__PARA__L2-64.__PIPE__L0-NA.__PIPE__L1-off": {
    "perf": 28393.0,
    "point": {
      "__PIPE__L0": "",
      "__PARA__L0": 4,
      "__PIPE__L1": "off",
      "__PARA__L1": 16,
      "__PARA__L2": 64
    },
    "res_util": {
      "util-URAM": 0.02361111111111111,
      "util-BRAM": 0.0049382716049382715,
      "util-DSP": 0.03645224171539961,
      "util-LUT": 0.11362723868814002,
      "util-FF": 0.06021958316416295,
      "total-URAM": 17,
      "total-BRAM": 16,
      "total-DSP": 187,
      "total-LUT": 100751,
      "total-FF": 106791
    },
    "valid": true
  },
  "__PARA__L0-8.__PARA__L1-16.__PARA__L2-64.__PIPE__L0-NA.__PIPE__L1-off": {
    "perf": 0.0,
    "point": {
      "__PIPE__L0": "",
      "__PARA__L0": 8,
      "__PIPE__L1": "off",
      "__PARA__L1": 16,
      "__PARA__L2": 64
    },
    "res_util": {
      "util-URAM": 0,
      "util-BRAM": 0,
      "util-DSP": 0,
      "util-LUT": 0,
      "util-FF": 0,
      "total-URAM": 0,
      "total-BRAM": 0,
      "total-DSP": 0,
      "total-LUT": 0,
      "total-FF": 0
    },
    "valid": false
  },
  "__PARA__L0-16.__PARA__L1-16.__PARA__L2-64.__PIPE__L0-NA.__PIPE__L1-off": {
    "perf": 0.0,
    "point": {
      "__PIPE__L0": "",
      "__PARA__L0": 16,
      "__PIPE__L1": "off",
      "__PARA__L1": 16,
      "__PARA__L2": 64
    },
    "res_util": {
      "util-URAM": 0,
      "util-BRAM": 0,
      "util-DSP": 0,
      "util-LUT": 0,
      "util-FF": 0,
      "total-URAM": 0,
      "total-BRAM": 0,
      "total-DSP": 0,
      "total-LUT": 0,
      "total-FF": 0
    },
    "valid": false
  },
  "__PARA__L0-32.__PARA__L1-16.__PARA__L2-64.__PIPE__L0-NA.__PIPE__L1-off": {
    "perf": 0.0,
    "point": {
      "__PIPE__L0": "",
      "__PARA__L0": 32,
      "__PIPE__L1": "off",
      "__PARA__L1": 16,
      "__PARA__L2": 64
    },
    "res_util": {
      "util-URAM": 0,
      "util-BRAM": 0,
      "util-DSP": 0,
      "util-LUT": 0,
      "util-FF": 0,
      "total-URAM": 0,
      "total-BRAM": 0,
      "total-DSP": 0,
      "total-LUT": 0,
      "total-FF": 0
    },
    "valid": false
  },
  "__PARA__L0-64.__PARA__L1-16.__PARA__L2-64.__PIPE__L0-NA.__PIPE__L1-off": {
    "perf": 0.0,
    "point": {
      "__PIPE__L0": "",
      "__PARA__L0": 64,
      "__PIPE__L1": "off",
      "__PARA__L1": 16,
      "__PARA__L2": 64
    },
    "res_util": {
      "util-URAM": 0,
      "util-BRAM": 0,
      "util-DSP": 0,
      "util-LUT": 0,
      "util-FF": 0,
      "total-URAM": 0,
      "total-BRAM": 0,
      "total-DSP": 0,
      "total-LUT": 0,
      "total-FF": 0
    },
    "valid": false
  },
  "__PARA__L0-1.__PARA__L1-16.__PARA__L2-64.__PIPE__L0-off.__PIPE__L1-off": {
    "perf": 23937.0,
    "point": {
      "__PIPE__L0": "off",
      "__PARA__L0": 1,
      "__PIPE__L1": "off",
      "__PARA__L1": 16,
      "__PARA__L2": 64
    },
    "res_util": {
      "util-URAM": 0.022222222222222223,
      "util-BRAM": 0.024691358024691357,
      "util-DSP": 0.03645224171539961,
      "util-LUT": 0.04152230793521902,
      "util-FF": 0.039400347363197544,
      "total-URAM": 16,
      "total-BRAM": 80,
      "total-DSP": 187,
      "total-LUT": 36817,
      "total-FF": 69871
    },
    "valid": true
  },
  "__PARA__L0-1.__PARA__L1-16.__PARA__L2-64.__PIPE__L0-   .__PIPE__L1-off": {
    "perf": 10354.0,
    "point": {
      "__PIPE__L0": "   ",
      "__PARA__L0": 1,
      "__PIPE__L1": "off",
      "__PARA__L1": 16,
      "__PARA__L2": 64
    },
    "res_util": {
      "util-URAM": 0.001388888888888889,
      "util-BRAM": 0.03950617283950617,
      "util-DSP": 1.0,
      "util-LUT": 1.0,
      "util-FF": 1.0,
      "total-URAM": 1,
      "total-BRAM": 128,
      "total-DSP": 44864,
      "total-LUT": 3313616,
      "total-FF": 4159391
    },
    "valid": false
  },
  "__PARA__L0-4.__PARA__L1-16.__PARA__L2-64.__PIPE__L0-off.__PIPE__L1-off": {
    "perf": 28393.0,
    "point": {
      "__PIPE__L0": "off",
      "__PARA__L0": 4,
      "__PIPE__L1": "off",
      "__PARA__L1": 16,
      "__PARA__L2": 64
    },
    "res_util": {
      "util-URAM": 0.02361111111111111,
      "util-BRAM": 0.0049382716049382715,
      "util-DSP": 0.03645224171539961,
      "util-LUT": 0.11362723868814002,
      "util-FF": 0.06021958316416295,
      "total-URAM": 17,
      "total-BRAM": 16,
      "total-DSP": 187,
      "total-LUT": 100751,
      "total-FF": 106791
    },
    "valid": true
  },
  "__PARA__L0-4.__PARA__L1-16.__PARA__L2-64.__PIPE__L0-   .__PIPE__L1-off": {
    "perf": 0.0,
    "point": {
      "__PIPE__L0": "   ",
      "__PARA__L0": 4,
      "__PIPE__L1": "off",
      "__PARA__L1": 16,
      "__PARA__L2": 64
    },
    "res_util": {
      "util-URAM": 0,
      "util-BRAM": 0,
      "util-DSP": 0,
      "util-LUT": 0,
      "util-FF": 0,
      "total-URAM": 0,
      "total-BRAM": 0,
      "total-DSP": 0,
      "total-LUT": 0,
      "total-FF": 0
    },
    "valid": false
  },
  "__PARA__L0-2.__PARA__L1-16.__PARA__L2-64.__PIPE__L0-off.__PIPE__L1-off": {
    "perf": 28425.0,
    "point": {
      "__PIPE__L0": "off",
      "__PARA__L0": 2,
      "__PIPE__L1": "off",
      "__PARA__L1": 16,
      "__PARA__L2": 64
    },
    "res_util": {
      "util-URAM": 0.02361111111111111,
      "util-BRAM": 0.0049382716049382715,
      "util-DSP": 0.03645224171539961,
      "util-LUT": 0.06490278341679072,
      "util-FF": 0.03533518292958,
      "total-URAM": 17,
      "total-BRAM": 16,
      "total-DSP": 187,
      "total-LUT": 57548,
      "total-FF": 62662
    },
    "valid": true
  },
  "__PARA__L0-2.__PARA__L1-16.__PARA__L2-64.__PIPE__L0-   .__PIPE__L1-off": {
    "perf": 0.0,
    "point": {
      "__PIPE__L0": "   ",
      "__PARA__L0": 2,
      "__PIPE__L1": "off",
      "__PARA__L1": 16,
      "__PARA__L2": 64
    },
    "res_util": {
      "util-URAM": 0,
      "util-BRAM": 0,
      "util-DSP": 0,
      "util-LUT": 0,
      "util-FF": 0,
      "total-URAM": 0,
      "total-BRAM": 0,
      "total-DSP": 0,
      "total-LUT": 0,
      "total-FF": 0
    },
    "valid": false
  },
  "__PARA__L0-2.__PARA__L1-16.__PARA__L2-64.__PIPE__L0-NA.__PIPE__L1-   ": {
    "perf": 28425.0,
    "point": {
      "__PIPE__L0": "",
      "__PARA__L0": 2,
      "__PIPE__L1": "   ",
      "__PARA__L1": 16,
      "__PARA__L2": 64
    },
    "res_util": {
      "util-URAM": 0.02361111111111111,
      "util-BRAM": 0.0049382716049382715,
      "util-DSP": 0.03645224171539961,
      "util-LUT": 0.06490278341679072,
      "util-FF": 0.03533518292958,
      "total-URAM": 17,
      "total-BRAM": 16,
      "total-DSP": 187,
      "total-LUT": 57548,
      "total-FF": 62662
    },
    "valid": true
  },
  "__PARA__L0-4.__PARA__L1-16.__PARA__L2-64.__PIPE__L0-NA.__PIPE__L1-   ": {
    "perf": 28393.0,
    "point": {
      "__PIPE__L0": "",
      "__PARA__L0": 4,
      "__PIPE__L1": "   ",
      "__PARA__L1": 16,
      "__PARA__L2": 64
    },
    "res_util": {
      "util-URAM": 0.02361111111111111,
      "util-BRAM": 0.0049382716049382715,
      "util-DSP": 0.03645224171539961,
      "util-LUT": 0.11362723868814002,
      "util-FF": 0.06021958316416295,
      "total-URAM": 17,
      "total-BRAM": 16,
      "total-DSP": 187,
      "total-LUT": 100751,
      "total-FF": 106791
    },
    "valid": true
  },
  "__PARA__L0-8.__PARA__L1-16.__PARA__L2-64.__PIPE__L0-NA.__PIPE__L1-   ": {
    "perf": 0.0,
    "point": {
      "__PIPE__L0": "",
      "__PARA__L0": 8,
      "__PIPE__L1": "   ",
      "__PARA__L1": 16,
      "__PARA__L2": 64
    },
    "res_util": {
      "util-URAM": 0,
      "util-BRAM": 0,
      "util-DSP": 0,
      "util-LUT": 0,
      "util-FF": 0,
      "total-URAM": 0,
      "total-BRAM": 0,
      "total-DSP": 0,
      "total-LUT": 0,
      "total-FF": 0
    },
    "valid": false
  },
  "__PARA__L0-16.__PARA__L1-16.__PARA__L2-64.__PIPE__L0-NA.__PIPE__L1-   ": {
    "perf": 0.0,
    "point": {
      "__PIPE__L0": "",
      "__PARA__L0": 16,
      "__PIPE__L1": "   ",
      "__PARA__L1": 16,
      "__PARA__L2": 64
    },
    "res_util": {
      "util-URAM": 0,
      "util-BRAM": 0,
      "util-DSP": 0,
      "util-LUT": 0,
      "util-FF": 0,
      "total-URAM": 0,
      "total-BRAM": 0,
      "total-DSP": 0,
      "total-LUT": 0,
      "total-FF": 0
    },
    "valid": false
  },
  "__PARA__L0-32.__PARA__L1-16.__PARA__L2-64.__PIPE__L0-NA.__PIPE__L1-   ": {
    "perf": 0.0,
    "point": {
      "__PIPE__L0": "",
      "__PARA__L0": 32,
      "__PIPE__L1": "   ",
      "__PARA__L1": 16,
      "__PARA__L2": 64
    },
    "res_util": {
      "util-URAM": 0,
      "util-BRAM": 0,
      "util-DSP": 0,
      "util-LUT": 0,
      "util-FF": 0,
      "total-URAM": 0,
      "total-BRAM": 0,
      "total-DSP": 0,
      "total-LUT": 0,
      "total-FF": 0
    },
    "valid": false
  },
  "__PARA__L0-64.__PARA__L1-16.__PARA__L2-64.__PIPE__L0-NA.__PIPE__L1-   ": {
    "perf": 0.0,
    "point": {
      "__PIPE__L0": "",
      "__PARA__L0": 64,
      "__PIPE__L1": "   ",
      "__PARA__L1": 16,
      "__PARA__L2": 64
    },
    "res_util": {
      "util-URAM": 0,
      "util-BRAM": 0,
      "util-DSP": 0,
      "util-LUT": 0,
      "util-FF": 0,
      "total-URAM": 0,
      "total-BRAM": 0,
      "total-DSP": 0,
      "total-LUT": 0,
      "total-FF": 0
    },
    "valid": false
  },
  "__PARA__L0-1.__PARA__L1-16.__PARA__L2-64.__PIPE__L0-off.__PIPE__L1-   ": {
    "perf": 23937.0,
    "point": {
      "__PIPE__L0": "off",
      "__PARA__L0": 1,
      "__PIPE__L1": "   ",
      "__PARA__L1": 16,
      "__PARA__L2": 64
    },
    "res_util": {
      "util-URAM": 0.022222222222222223,
      "util-BRAM": 0.024691358024691357,
      "util-DSP": 0.03645224171539961,
      "util-LUT": 0.04152230793521902,
      "util-FF": 0.039400347363197544,
      "total-URAM": 16,
      "total-BRAM": 80,
      "total-DSP": 187,
      "total-LUT": 36817,
      "total-FF": 69871
    },
    "valid": true
  },
  "__PARA__L0-1.__PARA__L1-16.__PARA__L2-64.__PIPE__L0-   .__PIPE__L1-   ": {
    "perf": 10354.0,
    "point": {
      "__PIPE__L0": "   ",
      "__PARA__L0": 1,
      "__PIPE__L1": "   ",
      "__PARA__L1": 16,
      "__PARA__L2": 64
    },
    "res_util": {
      "util-URAM": 0.001388888888888889,
      "util-BRAM": 0.03950617283950617,
      "util-DSP": 1.0,
      "util-LUT": 1.0,
      "util-FF": 1.0,
      "total-URAM": 1,
      "total-BRAM": 128,
      "total-DSP": 44864,
      "total-LUT": 3313616,
      "total-FF": 4159391
    },
    "valid": false
  },
  "__PARA__L0-4.__PARA__L1-16.__PARA__L2-64.__PIPE__L0-off.__PIPE__L1-   ": {
    "perf": 28393.0,
    "point": {
      "__PIPE__L0": "off",
      "__PARA__L0": 4,
      "__PIPE__L1": "   ",
      "__PARA__L1": 16,
      "__PARA__L2": 64
    },
    "res_util": {
      "util-URAM": 0.02361111111111111,
      "util-BRAM": 0.0049382716049382715,
      "util-DSP": 0.03645224171539961,
      "util-LUT": 0.11362723868814002,
      "util-FF": 0.06021958316416295,
      "total-URAM": 17,
      "total-BRAM": 16,
      "total-DSP": 187,
      "total-LUT": 100751,
      "total-FF": 106791
    },
    "valid": true
  },
  "__PARA__L0-4.__PARA__L1-16.__PARA__L2-64.__PIPE__L0-   .__PIPE__L1-   ": {
    "perf": 0.0,
    "point": {
      "__PIPE__L0": "   ",
      "__PARA__L0": 4,
      "__PIPE__L1": "   ",
      "__PARA__L1": 16,
      "__PARA__L2": 64
    },
    "res_util": {
      "util-URAM": 0,
      "util-BRAM": 0,
      "util-DSP": 0,
      "util-LUT": 0,
      "util-FF": 0,
      "total-URAM": 0,
      "total-BRAM": 0,
      "total-DSP": 0,
      "total-LUT": 0,
      "total-FF": 0
    },
    "valid": false
  },
  "__PARA__L0-2.__PARA__L1-16.__PARA__L2-64.__PIPE__L0-off.__PIPE__L1-   ": {
    "perf": 28425.0,
    "point": {
      "__PIPE__L0": "off",
      "__PARA__L0": 2,
      "__PIPE__L1": "   ",
      "__PARA__L1": 16,
      "__PARA__L2": 64
    },
    "res_util": {
      "util-URAM": 0.02361111111111111,
      "util-BRAM": 0.0049382716049382715,
      "util-DSP": 0.03645224171539961,
      "util-LUT": 0.06490278341679072,
      "util-FF": 0.03533518292958,
      "total-URAM": 17,
      "total-BRAM": 16,
      "total-DSP": 187,
      "total-LUT": 57548,
      "total-FF": 62662
    },
    "valid": true
  },
  "__PARA__L0-2.__PARA__L1-16.__PARA__L2-64.__PIPE__L0-   .__PIPE__L1-   ": {
    "perf": 10322.0,
    "point": {
      "__PIPE__L0": "   ",
      "__PARA__L0": 2,
      "__PIPE__L1": "   ",
      "__PARA__L1": 16,
      "__PARA__L2": 64
    },
    "res_util": {
      "util-URAM": 0.001388888888888889,
      "util-BRAM": 0.0,
      "util-DSP": 1.0,
      "util-LUT": 1.0,
      "util-FF": 1.0,
      "total-URAM": 1,
      "total-BRAM": 0,
      "total-DSP": 89728,
      "total-LUT": 6627038,
      "total-FF": 8062302
    },
    "valid": false
  },
  "__PARA__L0-1.__PARA__L1-2.__PARA__L2-32.__PIPE__L0-NA.__PIPE__L1-NA": {
    "perf": 301192.0,
    "point": {
      "__PIPE__L0": "",
      "__PARA__L0": 1,
      "__PIPE__L1": "",
      "__PARA__L1": 2,
      "__PARA__L2": 32
    },
    "res_util": {
      "util-URAM": 0.001388888888888889,
      "util-BRAM": 0.030246913580246913,
      "util-DSP": 0.02553606237816764,
      "util-LUT": 0.039905039021969596,
      "util-FF": 0.0176512383272432,
      "total-URAM": 1,
      "total-BRAM": 98,
      "total-DSP": 131,
      "total-LUT": 35383,
      "total-FF": 31302
    },
    "valid": true
  },
  "__PARA__L0-1.__PARA__L1-4.__PARA__L2-32.__PIPE__L0-NA.__PIPE__L1-NA": {
    "perf": 300168.0,
    "point": {
      "__PIPE__L0": "",
      "__PARA__L0": 1,
      "__PIPE__L1": "",
      "__PARA__L1": 4,
      "__PARA__L2": 32
    },
    "res_util": {
      "util-URAM": 0.001388888888888889,
      "util-BRAM": 0.030246913580246913,
      "util-DSP": 0.038011695906432746,
      "util-LUT": 0.07213199801506744,
      "util-FF": 0.032350453376640956,
      "total-URAM": 1,
      "total-BRAM": 98,
      "total-DSP": 195,
      "total-LUT": 63958,
      "total-FF": 57369
    },
    "valid": true
  },
  "__PARA__L0-1.__PARA__L1-8.__PARA__L2-32.__PIPE__L0-NA.__PIPE__L1-NA": {
    "perf": 299656.0,
    "point": {
      "__PIPE__L0": "",
      "__PARA__L0": 1,
      "__PIPE__L1": "",
      "__PARA__L1": 8,
      "__PARA__L2": 32
    },
    "res_util": {
      "util-URAM": 0.001388888888888889,
      "util-BRAM": 0.030246913580246913,
      "util-DSP": 0.06296296296296296,
      "util-LUT": 0.136640050525556,
      "util-FF": 0.06176354490909911,
      "total-URAM": 1,
      "total-BRAM": 98,
      "total-DSP": 323,
      "total-LUT": 121156,
      "total-FF": 109529
    },
    "valid": true
  },
  "__PARA__L0-1.__PARA__L1-16.__PARA__L2-32.__PIPE__L0-NA.__PIPE__L1-NA": {
    "perf": 299400.0,
    "point": {
      "__PIPE__L0": "",
      "__PARA__L0": 1,
      "__PIPE__L1": "",
      "__PARA__L1": 16,
      "__PARA__L2": 32
    },
    "res_util": {
      "util-URAM": 0.001388888888888889,
      "util-BRAM": 0.030246913580246913,
      "util-DSP": 0.11286549707602339,
      "util-LUT": 0.26297875219921507,
      "util-FF": 0.12058634456624713,
      "total-URAM": 1,
      "total-BRAM": 98,
      "total-DSP": 579,
      "total-LUT": 233178,
      "total-FF": 213843
    },
    "valid": true
  },
  "__PARA__L0-1.__PARA__L1-32.__PARA__L2-32.__PIPE__L0-NA.__PIPE__L1-NA": {
    "perf": 0.0,
    "point": {
      "__PIPE__L0": "",
      "__PARA__L0": 1,
      "__PIPE__L1": "",
      "__PARA__L1": 32,
      "__PARA__L2": 32
    },
    "res_util": {
      "util-URAM": 0,
      "util-BRAM": 0,
      "util-DSP": 0,
      "util-LUT": 0,
      "util-FF": 0,
      "total-URAM": 0,
      "total-BRAM": 0,
      "total-DSP": 0,
      "total-LUT": 0,
      "total-FF": 0
    },
    "valid": false
  },
  "__PARA__L0-1.__PARA__L1-64.__PARA__L2-32.__PIPE__L0-NA.__PIPE__L1-NA": {
    "perf": 241736.0,
    "point": {
      "__PIPE__L0": "",
      "__PARA__L0": 1,
      "__PIPE__L1": "",
      "__PARA__L1": 64,
      "__PARA__L2": 32
    },
    "res_util": {
      "util-URAM": 0.001388888888888889,
      "util-BRAM": 0.030246913580246913,
      "util-DSP": 0.41228070175438597,
      "util-LUT": 0.31150471421482384,
      "util-FF": 0.3133362656200659,
      "total-URAM": 1,
      "total-BRAM": 98,
      "total-DSP": 2115,
      "total-LUT": 276205,
      "total-FF": 555658
    },
    "valid": true
  },
  "__PARA__L0-1.__PARA__L1-1.__PARA__L2-32.__PIPE__L0-NA.__PIPE__L1-off": {
    "perf": 57412.0,
    "point": {
      "__PIPE__L0": "",
      "__PARA__L0": 1,
      "__PIPE__L1": "off",
      "__PARA__L1": 1,
      "__PARA__L2": 32
    },
    "res_util": {
      "util-URAM": 0.001388888888888889,
      "util-BRAM": 0.030246913580246913,
      "util-DSP": 0.01929824561403509,
      "util-LUT": 0.02355302927775522,
      "util-FF": 0.010244958722425227,
      "total-URAM": 1,
      "total-BRAM": 98,
      "total-DSP": 99,
      "total-LUT": 20884,
      "total-FF": 18168
    },
    "valid": true
  },
  "__PARA__L0-1.__PARA__L1-1.__PARA__L2-32.__PIPE__L0-NA.__PIPE__L1-   ": {
    "perf": 12340.0,
    "point": {
      "__PIPE__L0": "",
      "__PARA__L0": 1,
      "__PIPE__L1": "   ",
      "__PARA__L1": 1,
      "__PARA__L2": 32
    },
    "res_util": {
      "util-URAM": 0.001388888888888889,
      "util-BRAM": 0.019753086419753086,
      "util-DSP": 0.14853801169590644,
      "util-LUT": 0.11052578156719448,
      "util-FF": 0.04622919204222493,
      "total-URAM": 1,
      "total-BRAM": 64,
      "total-DSP": 762,
      "total-LUT": 98001,
      "total-FF": 81981
    },
    "valid": true
  },
  "__PARA__L0-2.__PARA__L1-1.__PARA__L2-32.__PIPE__L0-NA.__PIPE__L1-   ": {
    "perf": 0.0,
    "point": {
      "__PIPE__L0": "",
      "__PARA__L0": 2,
      "__PIPE__L1": "   ",
      "__PARA__L1": 1,
      "__PARA__L2": 32
    },
    "res_util": {
      "util-URAM": 0,
      "util-BRAM": 0,
      "util-DSP": 0,
      "util-LUT": 0,
      "util-FF": 0,
      "total-URAM": 0,
      "total-BRAM": 0,
      "total-DSP": 0,
      "total-LUT": 0,
      "total-FF": 0
    },
    "valid": false
  },
  "__PARA__L0-4.__PARA__L1-1.__PARA__L2-32.__PIPE__L0-NA.__PIPE__L1-   ": {
    "perf": 0.0,
    "point": {
      "__PIPE__L0": "",
      "__PARA__L0": 4,
      "__PIPE__L1": "   ",
      "__PARA__L1": 1,
      "__PARA__L2": 32
    },
    "res_util": {
      "util-URAM": 0,
      "util-BRAM": 0,
      "util-DSP": 0,
      "util-LUT": 0,
      "util-FF": 0,
      "total-URAM": 0,
      "total-BRAM": 0,
      "total-DSP": 0,
      "total-LUT": 0,
      "total-FF": 0
    },
    "valid": false
  },
  "__PARA__L0-8.__PARA__L1-1.__PARA__L2-32.__PIPE__L0-NA.__PIPE__L1-   ": {
    "perf": 0.0,
    "point": {
      "__PIPE__L0": "",
      "__PARA__L0": 8,
      "__PIPE__L1": "   ",
      "__PARA__L1": 1,
      "__PARA__L2": 32
    },
    "res_util": {
      "util-URAM": 0,
      "util-BRAM": 0,
      "util-DSP": 0,
      "util-LUT": 0,
      "util-FF": 0,
      "total-URAM": 0,
      "total-BRAM": 0,
      "total-DSP": 0,
      "total-LUT": 0,
      "total-FF": 0
    },
    "valid": false
  },
  "__PARA__L0-16.__PARA__L1-1.__PARA__L2-32.__PIPE__L0-NA.__PIPE__L1-   ": {
    "perf": 0.0,
    "point": {
      "__PIPE__L0": "",
      "__PARA__L0": 16,
      "__PIPE__L1": "   ",
      "__PARA__L1": 1,
      "__PARA__L2": 32
    },
    "res_util": {
      "util-URAM": 0,
      "util-BRAM": 0,
      "util-DSP": 0,
      "util-LUT": 0,
      "util-FF": 0,
      "total-URAM": 0,
      "total-BRAM": 0,
      "total-DSP": 0,
      "total-LUT": 0,
      "total-FF": 0
    },
    "valid": false
  },
  "__PARA__L0-32.__PARA__L1-1.__PARA__L2-32.__PIPE__L0-NA.__PIPE__L1-   ": {
    "perf": 0.0,
    "point": {
      "__PIPE__L0": "",
      "__PARA__L0": 32,
      "__PIPE__L1": "   ",
      "__PARA__L1": 1,
      "__PARA__L2": 32
    },
    "res_util": {
      "util-URAM": 0,
      "util-BRAM": 0,
      "util-DSP": 0,
      "util-LUT": 0,
      "util-FF": 0,
      "total-URAM": 0,
      "total-BRAM": 0,
      "total-DSP": 0,
      "total-LUT": 0,
      "total-FF": 0
    },
    "valid": false
  },
  "__PARA__L0-64.__PARA__L1-1.__PARA__L2-32.__PIPE__L0-NA.__PIPE__L1-   ": {
    "perf": 0.0,
    "point": {
      "__PIPE__L0": "",
      "__PARA__L0": 64,
      "__PIPE__L1": "   ",
      "__PARA__L1": 1,
      "__PARA__L2": 32
    },
    "res_util": {
      "util-URAM": 0,
      "util-BRAM": 0,
      "util-DSP": 0,
      "util-LUT": 0,
      "util-FF": 0,
      "total-URAM": 0,
      "total-BRAM": 0,
      "total-DSP": 0,
      "total-LUT": 0,
      "total-FF": 0
    },
    "valid": false
  },
  "__PARA__L0-1.__PARA__L1-1.__PARA__L2-32.__PIPE__L0-off.__PIPE__L1-   ": {
    "perf": 12340.0,
    "point": {
      "__PIPE__L0": "off",
      "__PARA__L0": 1,
      "__PIPE__L1": "   ",
      "__PARA__L1": 1,
      "__PARA__L2": 32
    },
    "res_util": {
      "util-URAM": 0.001388888888888889,
      "util-BRAM": 0.019753086419753086,
      "util-DSP": 0.14853801169590644,
      "util-LUT": 0.11052578156719448,
      "util-FF": 0.04622919204222493,
      "total-URAM": 1,
      "total-BRAM": 64,
      "total-DSP": 762,
      "total-LUT": 98001,
      "total-FF": 81981
    },
    "valid": true
  },
  "__PARA__L0-1.__PARA__L1-1.__PARA__L2-32.__PIPE__L0-   .__PIPE__L1-   ": {
    "perf": 10354.0,
    "point": {
      "__PIPE__L0": "   ",
      "__PARA__L0": 1,
      "__PIPE__L1": "   ",
      "__PARA__L1": 1,
      "__PARA__L2": 32
    },
    "res_util": {
      "util-URAM": 0.001388888888888889,
      "util-BRAM": 0.03950617283950617,
      "util-DSP": 1.0,
      "util-LUT": 1.0,
      "util-FF": 1.0,
      "total-URAM": 1,
      "total-BRAM": 128,
      "total-DSP": 44864,
      "total-LUT": 3313616,
      "total-FF": 4159391
    },
    "valid": false
  },
  "__PARA__L0-2.__PARA__L1-1.__PARA__L2-32.__PIPE__L0-NA.__PIPE__L1-off": {
    "perf": 61192.0,
    "point": {
      "__PIPE__L0": "",
      "__PARA__L0": 2,
      "__PIPE__L1": "off",
      "__PARA__L1": 1,
      "__PARA__L2": 32
    },
    "res_util": {
      "util-URAM": 0.001388888888888889,
      "util-BRAM": 0.030246913580246913,
      "util-DSP": 0.02553606237816764,
      "util-LUT": 0.04015089998646637,
      "util-FF": 0.01745782018315514,
      "total-URAM": 1,
      "total-BRAM": 98,
      "total-DSP": 131,
      "total-LUT": 35601,
      "total-FF": 30959
    },
    "valid": true
  },
  "__PARA__L0-4.__PARA__L1-1.__PARA__L2-32.__PIPE__L0-NA.__PIPE__L1-off": {
    "perf": 61192.0,
    "point": {
      "__PIPE__L0": "",
      "__PARA__L0": 4,
      "__PIPE__L1": "off",
      "__PARA__L1": 1,
      "__PARA__L2": 32
    },
    "res_util": {
      "util-URAM": 0.001388888888888889,
      "util-BRAM": 0.030246913580246913,
      "util-DSP": 0.038011695906432746,
      "util-LUT": 0.07272860558487843,
      "util-FF": 0.03200647358686336,
      "total-URAM": 1,
      "total-BRAM": 98,
      "total-DSP": 195,
      "total-LUT": 64487,
      "total-FF": 56759
    },
    "valid": true
  },
  "__PARA__L0-8.__PARA__L1-1.__PARA__L2-32.__PIPE__L0-NA.__PIPE__L1-off": {
    "perf": 61192.0,
    "point": {
      "__PIPE__L0": "",
      "__PARA__L0": 8,
      "__PIPE__L1": "off",
      "__PARA__L1": 1,
      "__PARA__L2": 32
    },
    "res_util": {
      "util-URAM": 0.001388888888888889,
      "util-BRAM": 0.030246913580246913,
      "util-DSP": 0.06296296296296296,
      "util-LUT": 0.1378479270988406,
      "util-FF": 0.06108178824378581,
      "total-URAM": 1,
      "total-BRAM": 98,
      "total-DSP": 323,
      "total-LUT": 122227,
      "total-FF": 108320
    },
    "valid": true
  },
  "__PARA__L0-16.__PARA__L1-1.__PARA__L2-32.__PIPE__L0-NA.__PIPE__L1-off": {
    "perf": 0.0,
    "point": {
      "__PIPE__L0": "",
      "__PARA__L0": 16,
      "__PIPE__L1": "off",
      "__PARA__L1": 1,
      "__PARA__L2": 32
    },
    "res_util": {
      "util-URAM": 0,
      "util-BRAM": 0,
      "util-DSP": 0,
      "util-LUT": 0,
      "util-FF": 0,
      "total-URAM": 0,
      "total-BRAM": 0,
      "total-DSP": 0,
      "total-LUT": 0,
      "total-FF": 0
    },
    "valid": false
  },
  "__PARA__L0-32.__PARA__L1-1.__PARA__L2-32.__PIPE__L0-NA.__PIPE__L1-off": {
    "perf": 0.0,
    "point": {
      "__PIPE__L0": "",
      "__PARA__L0": 32,
      "__PIPE__L1": "off",
      "__PARA__L1": 1,
      "__PARA__L2": 32
    },
    "res_util": {
      "util-URAM": 0,
      "util-BRAM": 0,
      "util-DSP": 0,
      "util-LUT": 0,
      "util-FF": 0,
      "total-URAM": 0,
      "total-BRAM": 0,
      "total-DSP": 0,
      "total-LUT": 0,
      "total-FF": 0
    },
    "valid": false
  },
  "__PARA__L0-64.__PARA__L1-1.__PARA__L2-32.__PIPE__L0-NA.__PIPE__L1-off": {
    "perf": 0.0,
    "point": {
      "__PIPE__L0": "",
      "__PARA__L0": 64,
      "__PIPE__L1": "off",
      "__PARA__L1": 1,
      "__PARA__L2": 32
    },
    "res_util": {
      "util-URAM": 0,
      "util-BRAM": 0,
      "util-DSP": 0,
      "util-LUT": 0,
      "util-FF": 0,
      "total-URAM": 0,
      "total-BRAM": 0,
      "total-DSP": 0,
      "total-LUT": 0,
      "total-FF": 0
    },
    "valid": false
  },
  "__PARA__L0-1.__PARA__L1-1.__PARA__L2-32.__PIPE__L0-off.__PIPE__L1-off": {
    "perf": 57412.0,
    "point": {
      "__PIPE__L0": "off",
      "__PARA__L0": 1,
      "__PIPE__L1": "off",
      "__PARA__L1": 1,
      "__PARA__L2": 32
    },
    "res_util": {
      "util-URAM": 0.001388888888888889,
      "util-BRAM": 0.030246913580246913,
      "util-DSP": 0.01929824561403509,
      "util-LUT": 0.02355302927775522,
      "util-FF": 0.010244958722425227,
      "total-URAM": 1,
      "total-BRAM": 98,
      "total-DSP": 99,
      "total-LUT": 20884,
      "total-FF": 18168
    },
    "valid": true
  },
  "__PARA__L0-1.__PARA__L1-1.__PARA__L2-32.__PIPE__L0-   .__PIPE__L1-off": {
    "perf": 10354.0,
    "point": {
      "__PIPE__L0": "   ",
      "__PARA__L0": 1,
      "__PIPE__L1": "off",
      "__PARA__L1": 1,
      "__PARA__L2": 32
    },
    "res_util": {
      "util-URAM": 0.001388888888888889,
      "util-BRAM": 0.03950617283950617,
      "util-DSP": 1.0,
      "util-LUT": 1.0,
      "util-FF": 1.0,
      "total-URAM": 1,
      "total-BRAM": 128,
      "total-DSP": 44864,
      "total-LUT": 3313616,
      "total-FF": 4159391
    },
    "valid": false
  },
  "__PARA__L0-2.__PARA__L1-1.__PARA__L2-32.__PIPE__L0-off.__PIPE__L1-off": {
    "perf": 61192.0,
    "point": {
      "__PIPE__L0": "off",
      "__PARA__L0": 2,
      "__PIPE__L1": "off",
      "__PARA__L1": 1,
      "__PARA__L2": 32
    },
    "res_util": {
      "util-URAM": 0.001388888888888889,
      "util-BRAM": 0.030246913580246913,
      "util-DSP": 0.02553606237816764,
      "util-LUT": 0.04015089998646637,
      "util-FF": 0.01745782018315514,
      "total-URAM": 1,
      "total-BRAM": 98,
      "total-DSP": 131,
      "total-LUT": 35601,
      "total-FF": 30959
    },
    "valid": true
  },
  "__PARA__L0-2.__PARA__L1-1.__PARA__L2-32.__PIPE__L0-   .__PIPE__L1-off": {
    "perf": 0.0,
    "point": {
      "__PIPE__L0": "   ",
      "__PARA__L0": 2,
      "__PIPE__L1": "off",
      "__PARA__L1": 1,
      "__PARA__L2": 32
    },
    "res_util": {
      "util-URAM": 0,
      "util-BRAM": 0,
      "util-DSP": 0,
      "util-LUT": 0,
      "util-FF": 0,
      "total-URAM": 0,
      "total-BRAM": 0,
      "total-DSP": 0,
      "total-LUT": 0,
      "total-FF": 0
    },
    "valid": false
  },
  "__PARA__L0-4.__PARA__L1-1.__PARA__L2-32.__PIPE__L0-off.__PIPE__L1-off": {
    "perf": 61192.0,
    "point": {
      "__PIPE__L0": "off",
      "__PARA__L0": 4,
      "__PIPE__L1": "off",
      "__PARA__L1": 1,
      "__PARA__L2": 32
    },
    "res_util": {
      "util-URAM": 0.001388888888888889,
      "util-BRAM": 0.030246913580246913,
      "util-DSP": 0.038011695906432746,
      "util-LUT": 0.07272860558487843,
      "util-FF": 0.03200647358686336,
      "total-URAM": 1,
      "total-BRAM": 98,
      "total-DSP": 195,
      "total-LUT": 64487,
      "total-FF": 56759
    },
    "valid": true
  },
  "__PARA__L0-4.__PARA__L1-1.__PARA__L2-32.__PIPE__L0-   .__PIPE__L1-off": {
    "perf": 0.0,
    "point": {
      "__PIPE__L0": "   ",
      "__PARA__L0": 4,
      "__PIPE__L1": "off",
      "__PARA__L1": 1,
      "__PARA__L2": 32
    },
    "res_util": {
      "util-URAM": 0,
      "util-BRAM": 0,
      "util-DSP": 0,
      "util-LUT": 0,
      "util-FF": 0,
      "total-URAM": 0,
      "total-BRAM": 0,
      "total-DSP": 0,
      "total-LUT": 0,
      "total-FF": 0
    },
    "valid": false
  },
  "__PARA__L0-8.__PARA__L1-1.__PARA__L2-32.__PIPE__L0-off.__PIPE__L1-off": {
    "perf": 61192.0,
    "point": {
      "__PIPE__L0": "off",
      "__PARA__L0": 8,
      "__PIPE__L1": "off",
      "__PARA__L1": 1,
      "__PARA__L2": 32
    },
    "res_util": {
      "util-URAM": 0.001388888888888889,
      "util-BRAM": 0.030246913580246913,
      "util-DSP": 0.06296296296296296,
      "util-LUT": 0.1378479270988406,
      "util-FF": 0.06108178824378581,
      "total-URAM": 1,
      "total-BRAM": 98,
      "total-DSP": 323,
      "total-LUT": 122227,
      "total-FF": 108320
    },
    "valid": true
  },
  "__PARA__L0-8.__PARA__L1-1.__PARA__L2-32.__PIPE__L0-   .__PIPE__L1-off": {
    "perf": 0.0,
    "point": {
      "__PIPE__L0": "   ",
      "__PARA__L0": 8,
      "__PIPE__L1": "off",
      "__PARA__L1": 1,
      "__PARA__L2": 32
    },
    "res_util": {
      "util-URAM": 0,
      "util-BRAM": 0,
      "util-DSP": 0,
      "util-LUT": 0,
      "util-FF": 0,
      "total-URAM": 0,
      "total-BRAM": 0,
      "total-DSP": 0,
      "total-LUT": 0,
      "total-FF": 0
    },
    "valid": false
  },
  "__PARA__L0-2.__PARA__L1-64.__PARA__L2-32.__PIPE__L0-NA.__PIPE__L1-NA": {
    "perf": 0.0,
    "point": {
      "__PIPE__L0": "",
      "__PARA__L0": 2,
      "__PIPE__L1": "",
      "__PARA__L1": 64,
      "__PARA__L2": 32
    },
    "res_util": {
      "util-URAM": 0,
      "util-BRAM": 0,
      "util-DSP": 0,
      "util-LUT": 0,
      "util-FF": 0,
      "total-URAM": 0,
      "total-BRAM": 0,
      "total-DSP": 0,
      "total-LUT": 0,
      "total-FF": 0
    },
    "valid": false
  },
  "__PARA__L0-4.__PARA__L1-64.__PARA__L2-32.__PIPE__L0-NA.__PIPE__L1-NA": {
    "perf": 0.0,
    "point": {
      "__PIPE__L0": "",
      "__PARA__L0": 4,
      "__PIPE__L1": "",
      "__PARA__L1": 64,
      "__PARA__L2": 32
    },
    "res_util": {
      "util-URAM": 0,
      "util-BRAM": 0,
      "util-DSP": 0,
      "util-LUT": 0,
      "util-FF": 0,
      "total-URAM": 0,
      "total-BRAM": 0,
      "total-DSP": 0,
      "total-LUT": 0,
      "total-FF": 0
    },
    "valid": false
  },
  "__PARA__L0-8.__PARA__L1-64.__PARA__L2-32.__PIPE__L0-NA.__PIPE__L1-NA": {
    "perf": 0.0,
    "point": {
      "__PIPE__L0": "",
      "__PARA__L0": 8,
      "__PIPE__L1": "",
      "__PARA__L1": 64,
      "__PARA__L2": 32
    },
    "res_util": {
      "util-URAM": 0,
      "util-BRAM": 0,
      "util-DSP": 0,
      "util-LUT": 0,
      "util-FF": 0,
      "total-URAM": 0,
      "total-BRAM": 0,
      "total-DSP": 0,
      "total-LUT": 0,
      "total-FF": 0
    },
    "valid": false
  },
  "__PARA__L0-16.__PARA__L1-64.__PARA__L2-32.__PIPE__L0-NA.__PIPE__L1-NA": {
    "perf": 0.0,
    "point": {
      "__PIPE__L0": "",
      "__PARA__L0": 16,
      "__PIPE__L1": "",
      "__PARA__L1": 64,
      "__PARA__L2": 32
    },
    "res_util": {
      "util-URAM": 0,
      "util-BRAM": 0,
      "util-DSP": 0,
      "util-LUT": 0,
      "util-FF": 0,
      "total-URAM": 0,
      "total-BRAM": 0,
      "total-DSP": 0,
      "total-LUT": 0,
      "total-FF": 0
    },
    "valid": false
  },
  "__PARA__L0-32.__PARA__L1-64.__PARA__L2-32.__PIPE__L0-NA.__PIPE__L1-NA": {
    "perf": 0.0,
    "point": {
      "__PIPE__L0": "",
      "__PARA__L0": 32,
      "__PIPE__L1": "",
      "__PARA__L1": 64,
      "__PARA__L2": 32
    },
    "res_util": {
      "util-URAM": 0,
      "util-BRAM": 0,
      "util-DSP": 0,
      "util-LUT": 0,
      "util-FF": 0,
      "total-URAM": 0,
      "total-BRAM": 0,
      "total-DSP": 0,
      "total-LUT": 0,
      "total-FF": 0
    },
    "valid": false
  },
  "__PARA__L0-64.__PARA__L1-64.__PARA__L2-32.__PIPE__L0-NA.__PIPE__L1-NA": {
    "perf": 0.0,
    "point": {
      "__PIPE__L0": "",
      "__PARA__L0": 64,
      "__PIPE__L1": "",
      "__PARA__L1": 64,
      "__PARA__L2": 32
    },
    "res_util": {
      "util-URAM": 0,
      "util-BRAM": 0,
      "util-DSP": 0,
      "util-LUT": 0,
      "util-FF": 0,
      "total-URAM": 0,
      "total-BRAM": 0,
      "total-DSP": 0,
      "total-LUT": 0,
      "total-FF": 0
    },
    "valid": false
  },
  "__PARA__L0-1.__PARA__L1-64.__PARA__L2-32.__PIPE__L0-off.__PIPE__L1-NA": {
    "perf": 0.0,
    "point": {
      "__PIPE__L0": "off",
      "__PARA__L0": 1,
      "__PIPE__L1": "",
      "__PARA__L1": 64,
      "__PARA__L2": 32
    },
    "res_util": {
      "util-URAM": 0,
      "util-BRAM": 0,
      "util-DSP": 0,
      "util-LUT": 0,
      "util-FF": 0,
      "total-URAM": 0,
      "total-BRAM": 0,
      "total-DSP": 0,
      "total-LUT": 0,
      "total-FF": 0
    },
    "valid": false
  },
  "__PARA__L0-1.__PARA__L1-64.__PARA__L2-32.__PIPE__L0-   .__PIPE__L1-NA": {
    "perf": 10354.0,
    "point": {
      "__PIPE__L0": "   ",
      "__PARA__L0": 1,
      "__PIPE__L1": "",
      "__PARA__L1": 64,
      "__PARA__L2": 32
    },
    "res_util": {
      "util-URAM": 0.001388888888888889,
      "util-BRAM": 0.03950617283950617,
      "util-DSP": 1.0,
      "util-LUT": 1.0,
      "util-FF": 1.0,
      "total-URAM": 1,
      "total-BRAM": 128,
      "total-DSP": 44864,
      "total-LUT": 3313616,
      "total-FF": 4159391
    },
    "valid": false
  },
  "__PARA__L0-2.__PARA__L1-16.__PARA__L2-32.__PIPE__L0-NA.__PIPE__L1-NA": {
    "perf": 0.0,
    "point": {
      "__PIPE__L0": "",
      "__PARA__L0": 2,
      "__PIPE__L1": "",
      "__PARA__L1": 16,
      "__PARA__L2": 32
    },
    "res_util": {
      "util-URAM": 0,
      "util-BRAM": 0,
      "util-DSP": 0,
      "util-LUT": 0,
      "util-FF": 0,
      "total-URAM": 0,
      "total-BRAM": 0,
      "total-DSP": 0,
      "total-LUT": 0,
      "total-FF": 0
    },
    "valid": false
  },
  "__PARA__L0-4.__PARA__L1-16.__PARA__L2-32.__PIPE__L0-NA.__PIPE__L1-NA": {
    "perf": 0.0,
    "point": {
      "__PIPE__L0": "",
      "__PARA__L0": 4,
      "__PIPE__L1": "",
      "__PARA__L1": 16,
      "__PARA__L2": 32
    },
    "res_util": {
      "util-URAM": 0,
      "util-BRAM": 0,
      "util-DSP": 0,
      "util-LUT": 0,
      "util-FF": 0,
      "total-URAM": 0,
      "total-BRAM": 0,
      "total-DSP": 0,
      "total-LUT": 0,
      "total-FF": 0
    },
    "valid": false
  },
  "__PARA__L0-8.__PARA__L1-16.__PARA__L2-32.__PIPE__L0-NA.__PIPE__L1-NA": {
    "perf": 0.0,
    "point": {
      "__PIPE__L0": "",
      "__PARA__L0": 8,
      "__PIPE__L1": "",
      "__PARA__L1": 16,
      "__PARA__L2": 32
    },
    "res_util": {
      "util-URAM": 0,
      "util-BRAM": 0,
      "util-DSP": 0,
      "util-LUT": 0,
      "util-FF": 0,
      "total-URAM": 0,
      "total-BRAM": 0,
      "total-DSP": 0,
      "total-LUT": 0,
      "total-FF": 0
    },
    "valid": false
  },
  "__PARA__L0-16.__PARA__L1-16.__PARA__L2-32.__PIPE__L0-NA.__PIPE__L1-NA": {
    "perf": 0.0,
    "point": {
      "__PIPE__L0": "",
      "__PARA__L0": 16,
      "__PIPE__L1": "",
      "__PARA__L1": 16,
      "__PARA__L2": 32
    },
    "res_util": {
      "util-URAM": 0,
      "util-BRAM": 0,
      "util-DSP": 0,
      "util-LUT": 0,
      "util-FF": 0,
      "total-URAM": 0,
      "total-BRAM": 0,
      "total-DSP": 0,
      "total-LUT": 0,
      "total-FF": 0
    },
    "valid": false
  },
  "__PARA__L0-32.__PARA__L1-16.__PARA__L2-32.__PIPE__L0-NA.__PIPE__L1-NA": {
    "perf": 0.0,
    "point": {
      "__PIPE__L0": "",
      "__PARA__L0": 32,
      "__PIPE__L1": "",
      "__PARA__L1": 16,
      "__PARA__L2": 32
    },
    "res_util": {
      "util-URAM": 0,
      "util-BRAM": 0,
      "util-DSP": 0,
      "util-LUT": 0,
      "util-FF": 0,
      "total-URAM": 0,
      "total-BRAM": 0,
      "total-DSP": 0,
      "total-LUT": 0,
      "total-FF": 0
    },
    "valid": false
  },
  "__PARA__L0-64.__PARA__L1-16.__PARA__L2-32.__PIPE__L0-NA.__PIPE__L1-NA": {
    "perf": 0.0,
    "point": {
      "__PIPE__L0": "",
      "__PARA__L0": 64,
      "__PIPE__L1": "",
      "__PARA__L1": 16,
      "__PARA__L2": 32
    },
    "res_util": {
      "util-URAM": 0,
      "util-BRAM": 0,
      "util-DSP": 0,
      "util-LUT": 0,
      "util-FF": 0,
      "total-URAM": 0,
      "total-BRAM": 0,
      "total-DSP": 0,
      "total-LUT": 0,
      "total-FF": 0
    },
    "valid": false
  },
  "__PARA__L0-1.__PARA__L1-16.__PARA__L2-32.__PIPE__L0-off.__PIPE__L1-NA": {
    "perf": 0.0,
    "point": {
      "__PIPE__L0": "off",
      "__PARA__L0": 1,
      "__PIPE__L1": "",
      "__PARA__L1": 16,
      "__PARA__L2": 32
    },
    "res_util": {
      "util-URAM": 0,
      "util-BRAM": 0,
      "util-DSP": 0,
      "util-LUT": 0,
      "util-FF": 0,
      "total-URAM": 0,
      "total-BRAM": 0,
      "total-DSP": 0,
      "total-LUT": 0,
      "total-FF": 0
    },
    "valid": false
  },
  "__PARA__L0-1.__PARA__L1-16.__PARA__L2-32.__PIPE__L0-   .__PIPE__L1-NA": {
    "perf": 0.0,
    "point": {
      "__PIPE__L0": "   ",
      "__PARA__L0": 1,
      "__PIPE__L1": "",
      "__PARA__L1": 16,
      "__PARA__L2": 32
    },
    "res_util": {
      "util-URAM": 0,
      "util-BRAM": 0,
      "util-DSP": 0,
      "util-LUT": 0,
      "util-FF": 0,
      "total-URAM": 0,
      "total-BRAM": 0,
      "total-DSP": 0,
      "total-LUT": 0,
      "total-FF": 0
    },
    "valid": false
  },
  "__PARA__L0-2.__PARA__L1-8.__PARA__L2-32.__PIPE__L0-NA.__PIPE__L1-NA": {
    "perf": 0.0,
    "point": {
      "__PIPE__L0": "",
      "__PARA__L0": 2,
      "__PIPE__L1": "",
      "__PARA__L1": 8,
      "__PARA__L2": 32
    },
    "res_util": {
      "util-URAM": 0,
      "util-BRAM": 0,
      "util-DSP": 0,
      "util-LUT": 0,
      "util-FF": 0,
      "total-URAM": 0,
      "total-BRAM": 0,
      "total-DSP": 0,
      "total-LUT": 0,
      "total-FF": 0
    },
    "valid": false
  },
  "__PARA__L0-4.__PARA__L1-8.__PARA__L2-32.__PIPE__L0-NA.__PIPE__L1-NA": {
    "perf": 0.0,
    "point": {
      "__PIPE__L0": "",
      "__PARA__L0": 4,
      "__PIPE__L1": "",
      "__PARA__L1": 8,
      "__PARA__L2": 32
    },
    "res_util": {
      "util-URAM": 0,
      "util-BRAM": 0,
      "util-DSP": 0,
      "util-LUT": 0,
      "util-FF": 0,
      "total-URAM": 0,
      "total-BRAM": 0,
      "total-DSP": 0,
      "total-LUT": 0,
      "total-FF": 0
    },
    "valid": false
  },
  "__PARA__L0-8.__PARA__L1-8.__PARA__L2-32.__PIPE__L0-NA.__PIPE__L1-NA": {
    "perf": 0.0,
    "point": {
      "__PIPE__L0": "",
      "__PARA__L0": 8,
      "__PIPE__L1": "",
      "__PARA__L1": 8,
      "__PARA__L2": 32
    },
    "res_util": {
      "util-URAM": 0,
      "util-BRAM": 0,
      "util-DSP": 0,
      "util-LUT": 0,
      "util-FF": 0,
      "total-URAM": 0,
      "total-BRAM": 0,
      "total-DSP": 0,
      "total-LUT": 0,
      "total-FF": 0
    },
    "valid": false
  },
  "__PARA__L0-16.__PARA__L1-8.__PARA__L2-32.__PIPE__L0-NA.__PIPE__L1-NA": {
    "perf": 0.0,
    "point": {
      "__PIPE__L0": "",
      "__PARA__L0": 16,
      "__PIPE__L1": "",
      "__PARA__L1": 8,
      "__PARA__L2": 32
    },
    "res_util": {
      "util-URAM": 0,
      "util-BRAM": 0,
      "util-DSP": 0,
      "util-LUT": 0,
      "util-FF": 0,
      "total-URAM": 0,
      "total-BRAM": 0,
      "total-DSP": 0,
      "total-LUT": 0,
      "total-FF": 0
    },
    "valid": false
  },
  "__PARA__L0-32.__PARA__L1-8.__PARA__L2-32.__PIPE__L0-NA.__PIPE__L1-NA": {
    "perf": 0.0,
    "point": {
      "__PIPE__L0": "",
      "__PARA__L0": 32,
      "__PIPE__L1": "",
      "__PARA__L1": 8,
      "__PARA__L2": 32
    },
    "res_util": {
      "util-URAM": 0,
      "util-BRAM": 0,
      "util-DSP": 0,
      "util-LUT": 0,
      "util-FF": 0,
      "total-URAM": 0,
      "total-BRAM": 0,
      "total-DSP": 0,
      "total-LUT": 0,
      "total-FF": 0
    },
    "valid": false
  },
  "__PARA__L0-64.__PARA__L1-8.__PARA__L2-32.__PIPE__L0-NA.__PIPE__L1-NA": {
    "perf": 0.0,
    "point": {
      "__PIPE__L0": "",
      "__PARA__L0": 64,
      "__PIPE__L1": "",
      "__PARA__L1": 8,
      "__PARA__L2": 32
    },
    "res_util": {
      "util-URAM": 0,
      "util-BRAM": 0,
      "util-DSP": 0,
      "util-LUT": 0,
      "util-FF": 0,
      "total-URAM": 0,
      "total-BRAM": 0,
      "total-DSP": 0,
      "total-LUT": 0,
      "total-FF": 0
    },
    "valid": false
  },
  "__PARA__L0-1.__PARA__L1-8.__PARA__L2-32.__PIPE__L0-off.__PIPE__L1-NA": {
    "perf": 299656.0,
    "point": {
      "__PIPE__L0": "off",
      "__PARA__L0": 1,
      "__PIPE__L1": "",
      "__PARA__L1": 8,
      "__PARA__L2": 32
    },
    "res_util": {
      "util-URAM": 0.001388888888888889,
      "util-BRAM": 0.030246913580246913,
      "util-DSP": 0.06296296296296296,
      "util-LUT": 0.136640050525556,
      "util-FF": 0.06176354490909911,
      "total-URAM": 1,
      "total-BRAM": 98,
      "total-DSP": 323,
      "total-LUT": 121156,
      "total-FF": 109529
    },
    "valid": true
  },
  "__PARA__L0-1.__PARA__L1-8.__PARA__L2-32.__PIPE__L0-   .__PIPE__L1-NA": {
    "perf": 0.0,
    "point": {
      "__PIPE__L0": "   ",
      "__PARA__L0": 1,
      "__PIPE__L1": "",
      "__PARA__L1": 8,
      "__PARA__L2": 32
    },
    "res_util": {
      "util-URAM": 0,
      "util-BRAM": 0,
      "util-DSP": 0,
      "util-LUT": 0,
      "util-FF": 0,
      "total-URAM": 0,
      "total-BRAM": 0,
      "total-DSP": 0,
      "total-LUT": 0,
      "total-FF": 0
    },
    "valid": false
  },
  "__PARA__L0-1.__PARA__L1-8.__PARA__L2-32.__PIPE__L0-off.__PIPE__L1-off": {
    "perf": 299656.0,
    "point": {
      "__PIPE__L0": "off",
      "__PARA__L0": 1,
      "__PIPE__L1": "off",
      "__PARA__L1": 8,
      "__PARA__L2": 32
    },
    "res_util": {
      "util-URAM": 0.001388888888888889,
      "util-BRAM": 0.030246913580246913,
      "util-DSP": 0.06296296296296296,
      "util-LUT": 0.136640050525556,
      "util-FF": 0.06176354490909911,
      "total-URAM": 1,
      "total-BRAM": 98,
      "total-DSP": 323,
      "total-LUT": 121156,
      "total-FF": 109529
    },
    "valid": true
  },
  "__PARA__L0-1.__PARA__L1-8.__PARA__L2-32.__PIPE__L0-off.__PIPE__L1-   ": {
    "perf": 8763.0,
    "point": {
      "__PIPE__L0": "off",
      "__PARA__L0": 1,
      "__PIPE__L1": "   ",
      "__PARA__L1": 8,
      "__PARA__L2": 32
    },
    "res_util": {
      "util-URAM": 0.0,
      "util-BRAM": 0.024691358024691357,
      "util-DSP": 1.0,
      "util-LUT": 0.5502503721748545,
      "util-FF": 0.4229457075833446,
      "total-URAM": 0,
      "total-BRAM": 80,
      "total-DSP": 5717,
      "total-LUT": 487896,
      "total-FF": 750035
    },
    "valid": false
  },
  "__PARA__L0-2.__PARA__L1-4.__PARA__L2-32.__PIPE__L0-NA.__PIPE__L1-NA": {
    "perf": 300136.0,
    "point": {
      "__PIPE__L0": "",
      "__PARA__L0": 2,
      "__PIPE__L1": "",
      "__PARA__L1": 4,
      "__PARA__L2": 32
    },
    "res_util": {
      "util-URAM": 0.001388888888888889,
      "util-BRAM": 0.030246913580246913,
      "util-DSP": 0.06296296296296296,
      "util-LUT": 0.13664343393332432,
      "util-FF": 0.06177200342851987,
      "total-URAM": 1,
      "total-BRAM": 98,
      "total-DSP": 323,
      "total-LUT": 121159,
      "total-FF": 109544
    },
    "valid": true
  },
  "__PARA__L0-4.__PARA__L1-4.__PARA__L2-32.__PIPE__L0-NA.__PIPE__L1-NA": {
    "perf": 0.0,
    "point": {
      "__PIPE__L0": "",
      "__PARA__L0": 4,
      "__PIPE__L1": "",
      "__PARA__L1": 4,
      "__PARA__L2": 32
    },
    "res_util": {
      "util-URAM": 0,
      "util-BRAM": 0,
      "util-DSP": 0,
      "util-LUT": 0,
      "util-FF": 0,
      "total-URAM": 0,
      "total-BRAM": 0,
      "total-DSP": 0,
      "total-LUT": 0,
      "total-FF": 0
    },
    "valid": false
  },
  "__PARA__L0-8.__PARA__L1-4.__PARA__L2-32.__PIPE__L0-NA.__PIPE__L1-NA": {
    "perf": 0.0,
    "point": {
      "__PIPE__L0": "",
      "__PARA__L0": 8,
      "__PIPE__L1": "",
      "__PARA__L1": 4,
      "__PARA__L2": 32
    },
    "res_util": {
      "util-URAM": 0,
      "util-BRAM": 0,
      "util-DSP": 0,
      "util-LUT": 0,
      "util-FF": 0,
      "total-URAM": 0,
      "total-BRAM": 0,
      "total-DSP": 0,
      "total-LUT": 0,
      "total-FF": 0
    },
    "valid": false
  },
  "__PARA__L0-16.__PARA__L1-4.__PARA__L2-32.__PIPE__L0-NA.__PIPE__L1-NA": {
    "perf": 0.0,
    "point": {
      "__PIPE__L0": "",
      "__PARA__L0": 16,
      "__PIPE__L1": "",
      "__PARA__L1": 4,
      "__PARA__L2": 32
    },
    "res_util": {
      "util-URAM": 0,
      "util-BRAM": 0,
      "util-DSP": 0,
      "util-LUT": 0,
      "util-FF": 0,
      "total-URAM": 0,
      "total-BRAM": 0,
      "total-DSP": 0,
      "total-LUT": 0,
      "total-FF": 0
    },
    "valid": false
  },
  "__PARA__L0-32.__PARA__L1-4.__PARA__L2-32.__PIPE__L0-NA.__PIPE__L1-NA": {
    "perf": 0.0,
    "point": {
      "__PIPE__L0": "",
      "__PARA__L0": 32,
      "__PIPE__L1": "",
      "__PARA__L1": 4,
      "__PARA__L2": 32
    },
    "res_util": {
      "util-URAM": 0,
      "util-BRAM": 0,
      "util-DSP": 0,
      "util-LUT": 0,
      "util-FF": 0,
      "total-URAM": 0,
      "total-BRAM": 0,
      "total-DSP": 0,
      "total-LUT": 0,
      "total-FF": 0
    },
    "valid": false
  },
  "__PARA__L0-64.__PARA__L1-4.__PARA__L2-32.__PIPE__L0-NA.__PIPE__L1-NA": {
    "perf": 0.0,
    "point": {
      "__PIPE__L0": "",
      "__PARA__L0": 64,
      "__PIPE__L1": "",
      "__PARA__L1": 4,
      "__PARA__L2": 32
    },
    "res_util": {
      "util-URAM": 0,
      "util-BRAM": 0,
      "util-DSP": 0,
      "util-LUT": 0,
      "util-FF": 0,
      "total-URAM": 0,
      "total-BRAM": 0,
      "total-DSP": 0,
      "total-LUT": 0,
      "total-FF": 0
    },
    "valid": false
  },
  "__PARA__L0-2.__PARA__L1-4.__PARA__L2-32.__PIPE__L0-off.__PIPE__L1-NA": {
    "perf": 300136.0,
    "point": {
      "__PIPE__L0": "off",
      "__PARA__L0": 2,
      "__PIPE__L1": "",
      "__PARA__L1": 4,
      "__PARA__L2": 32
    },
    "res_util": {
      "util-URAM": 0.001388888888888889,
      "util-BRAM": 0.030246913580246913,
      "util-DSP": 0.06296296296296296,
      "util-LUT": 0.13664343393332432,
      "util-FF": 0.06177200342851987,
      "total-URAM": 1,
      "total-BRAM": 98,
      "total-DSP": 323,
      "total-LUT": 121159,
      "total-FF": 109544
    },
    "valid": true
  },
  "__PARA__L0-2.__PARA__L1-4.__PARA__L2-32.__PIPE__L0-   .__PIPE__L1-NA": {
    "perf": 0.0,
    "point": {
      "__PIPE__L0": "   ",
      "__PARA__L0": 2,
      "__PIPE__L1": "",
      "__PARA__L1": 4,
      "__PARA__L2": 32
    },
    "res_util": {
      "util-URAM": 0,
      "util-BRAM": 0,
      "util-DSP": 0,
      "util-LUT": 0,
      "util-FF": 0,
      "total-URAM": 0,
      "total-BRAM": 0,
      "total-DSP": 0,
      "total-LUT": 0,
      "total-FF": 0
    },
    "valid": false
  },
  "__PARA__L0-2.__PARA__L1-4.__PARA__L2-32.__PIPE__L0-off.__PIPE__L1-off": {
    "perf": 0.0,
    "point": {
      "__PIPE__L0": "off",
      "__PARA__L0": 2,
      "__PIPE__L1": "off",
      "__PARA__L1": 4,
      "__PARA__L2": 32
    },
    "res_util": {
      "util-URAM": 0,
      "util-BRAM": 0,
      "util-DSP": 0,
      "util-LUT": 0,
      "util-FF": 0,
      "total-URAM": 0,
      "total-BRAM": 0,
      "total-DSP": 0,
      "total-LUT": 0,
      "total-FF": 0
    },
    "valid": false
  },
  "__PARA__L0-2.__PARA__L1-4.__PARA__L2-32.__PIPE__L0-off.__PIPE__L1-   ": {
    "perf": 0.0,
    "point": {
      "__PIPE__L0": "off",
      "__PARA__L0": 2,
      "__PIPE__L1": "   ",
      "__PARA__L1": 4,
      "__PARA__L2": 32
    },
    "res_util": {
      "util-URAM": 0,
      "util-BRAM": 0,
      "util-DSP": 0,
      "util-LUT": 0,
      "util-FF": 0,
      "total-URAM": 0,
      "total-BRAM": 0,
      "total-DSP": 0,
      "total-LUT": 0,
      "total-FF": 0
    },
    "valid": false
  },
  "__PARA__L0-1.__PARA__L1-4.__PARA__L2-32.__PIPE__L0-off.__PIPE__L1-NA": {
    "perf": 300168.0,
    "point": {
      "__PIPE__L0": "off",
      "__PARA__L0": 1,
      "__PIPE__L1": "",
      "__PARA__L1": 4,
      "__PARA__L2": 32
    },
    "res_util": {
      "util-URAM": 0.001388888888888889,
      "util-BRAM": 0.030246913580246913,
      "util-DSP": 0.038011695906432746,
      "util-LUT": 0.07213199801506744,
      "util-FF": 0.032350453376640956,
      "total-URAM": 1,
      "total-BRAM": 98,
      "total-DSP": 195,
      "total-LUT": 63958,
      "total-FF": 57369
    },
    "valid": true
  },
  "__PARA__L0-1.__PARA__L1-4.__PARA__L2-32.__PIPE__L0-   .__PIPE__L1-NA": {
    "perf": 0.0,
    "point": {
      "__PIPE__L0": "   ",
      "__PARA__L0": 1,
      "__PIPE__L1": "",
      "__PARA__L1": 4,
      "__PARA__L2": 32
    },
    "res_util": {
      "util-URAM": 0,
      "util-BRAM": 0,
      "util-DSP": 0,
      "util-LUT": 0,
      "util-FF": 0,
      "total-URAM": 0,
      "total-BRAM": 0,
      "total-DSP": 0,
      "total-LUT": 0,
      "total-FF": 0
    },
    "valid": false
  },
  "__PARA__L0-1.__PARA__L1-4.__PARA__L2-32.__PIPE__L0-off.__PIPE__L1-off": {
    "perf": 300168.0,
    "point": {
      "__PIPE__L0": "off",
      "__PARA__L0": 1,
      "__PIPE__L1": "off",
      "__PARA__L1": 4,
      "__PARA__L2": 32
    },
    "res_util": {
      "util-URAM": 0.001388888888888889,
      "util-BRAM": 0.030246913580246913,
      "util-DSP": 0.038011695906432746,
      "util-LUT": 0.07213199801506744,
      "util-FF": 0.032350453376640956,
      "total-URAM": 1,
      "total-BRAM": 98,
      "total-DSP": 195,
      "total-LUT": 63958,
      "total-FF": 57369
    },
    "valid": true
  },
  "__PARA__L0-1.__PARA__L1-4.__PARA__L2-32.__PIPE__L0-off.__PIPE__L1-   ": {
    "perf": 0.0,
    "point": {
      "__PIPE__L0": "off",
      "__PARA__L0": 1,
      "__PIPE__L1": "   ",
      "__PARA__L1": 4,
      "__PARA__L2": 32
    },
    "res_util": {
      "util-URAM": 0,
      "util-BRAM": 0,
      "util-DSP": 0,
      "util-LUT": 0,
      "util-FF": 0,
      "total-URAM": 0,
      "total-BRAM": 0,
      "total-DSP": 0,
      "total-LUT": 0,
      "total-FF": 0
    },
    "valid": false
  },
  "__PARA__L0-2.__PARA__L1-2.__PARA__L2-32.__PIPE__L0-NA.__PIPE__L1-NA": {
    "perf": 301160.0,
    "point": {
      "__PIPE__L0": "",
      "__PARA__L0": 2,
      "__PIPE__L1": "",
      "__PARA__L1": 2,
      "__PARA__L2": 32
    },
    "res_util": {
      "util-URAM": 0.001388888888888889,
      "util-BRAM": 0.030246913580246913,
      "util-DSP": 0.038011695906432746,
      "util-LUT": 0.07212861460729914,
      "util-FF": 0.03236680651418776,
      "total-URAM": 1,
      "total-BRAM": 98,
      "total-DSP": 195,
      "total-LUT": 63955,
      "total-FF": 57398
    },
    "valid": true
  },
  "__PARA__L0-4.__PARA__L1-2.__PARA__L2-32.__PIPE__L0-NA.__PIPE__L1-NA": {
    "perf": 301144.0,
    "point": {
      "__PIPE__L0": "",
      "__PARA__L0": 4,
      "__PIPE__L1": "",
      "__PARA__L1": 2,
      "__PARA__L2": 32
    },
    "res_util": {
      "util-URAM": 0.001388888888888889,
      "util-BRAM": 0.030246913580246913,
      "util-DSP": 0.06296296296296296,
      "util-LUT": 0.13670320747056436,
      "util-FF": 0.06181485992691839,
      "total-URAM": 1,
      "total-BRAM": 98,
      "total-DSP": 323,
      "total-LUT": 121212,
      "total-FF": 109620
    },
    "valid": true
  },
  "__PARA__L0-8.__PARA__L1-2.__PARA__L2-32.__PIPE__L0-NA.__PIPE__L1-NA": {
    "perf": 0.0,
    "point": {
      "__PIPE__L0": "",
      "__PARA__L0": 8,
      "__PIPE__L1": "",
      "__PARA__L1": 2,
      "__PARA__L2": 32
    },
    "res_util": {
      "util-URAM": 0,
      "util-BRAM": 0,
      "util-DSP": 0,
      "util-LUT": 0,
      "util-FF": 0,
      "total-URAM": 0,
      "total-BRAM": 0,
      "total-DSP": 0,
      "total-LUT": 0,
      "total-FF": 0
    },
    "valid": false
  },
  "__PARA__L0-16.__PARA__L1-2.__PARA__L2-32.__PIPE__L0-NA.__PIPE__L1-NA": {
    "perf": 0.0,
    "point": {
      "__PIPE__L0": "",
      "__PARA__L0": 16,
      "__PIPE__L1": "",
      "__PARA__L1": 2,
      "__PARA__L2": 32
    },
    "res_util": {
      "util-URAM": 0,
      "util-BRAM": 0,
      "util-DSP": 0,
      "util-LUT": 0,
      "util-FF": 0,
      "total-URAM": 0,
      "total-BRAM": 0,
      "total-DSP": 0,
      "total-LUT": 0,
      "total-FF": 0
    },
    "valid": false
  },
  "__PARA__L0-32.__PARA__L1-2.__PARA__L2-32.__PIPE__L0-NA.__PIPE__L1-NA": {
    "perf": 0.0,
    "point": {
      "__PIPE__L0": "",
      "__PARA__L0": 32,
      "__PIPE__L1": "",
      "__PARA__L1": 2,
      "__PARA__L2": 32
    },
    "res_util": {
      "util-URAM": 0,
      "util-BRAM": 0,
      "util-DSP": 0,
      "util-LUT": 0,
      "util-FF": 0,
      "total-URAM": 0,
      "total-BRAM": 0,
      "total-DSP": 0,
      "total-LUT": 0,
      "total-FF": 0
    },
    "valid": false
  },
  "__PARA__L0-64.__PARA__L1-2.__PARA__L2-32.__PIPE__L0-NA.__PIPE__L1-NA": {
    "perf": 0.0,
    "point": {
      "__PIPE__L0": "",
      "__PARA__L0": 64,
      "__PIPE__L1": "",
      "__PARA__L1": 2,
      "__PARA__L2": 32
    },
    "res_util": {
      "util-URAM": 0,
      "util-BRAM": 0,
      "util-DSP": 0,
      "util-LUT": 0,
      "util-FF": 0,
      "total-URAM": 0,
      "total-BRAM": 0,
      "total-DSP": 0,
      "total-LUT": 0,
      "total-FF": 0
    },
    "valid": false
  }
}