{
  "__PARA__L0-1.__PARA__L1-1.__PARA__L2-1.__PARA__L3-1.__PIPE__L0-NA.__PIPE__L2-NA": {
    "perf": 10708410.0,
    "point": {
      "__PIPE__L0": "",
      "__PARA__L0": 1,
      "__PARA__L1": 1,
      "__PIPE__L2": "",
      "__PARA__L2": 1,
      "__PARA__L3": 1
    },
    "res_util": {
      "util-URAM": 0.0,
      "util-BRAM": 0.02962962962962963,
      "util-DSP": 0.003898635477582846,
      "util-LUT": 0.0024022195154960076,
      "util-FF": 0.0015879460459241215,
      "total-URAM": 0,
      "total-BRAM": 96,
      "total-DSP": 20,
      "total-LUT": 2130,
      "total-FF": 2816
    },
    "valid": true
  },
  "__PARA__L0-1.__PARA__L1-1.__PARA__L2-1.__PARA__L3-2.__PIPE__L0-NA.__PIPE__L2-NA": {
    "perf": 10708010.0,
    "point": {
      "__PIPE__L0": "",
      "__PARA__L0": 1,
      "__PARA__L1": 1,
      "__PIPE__L2": "",
      "__PARA__L2": 1,
      "__PARA__L3": 2
    },
    "res_util": {
      "util-URAM": 0.0,
      "util-BRAM": 0.03950617283950617,
      "util-DSP": 0.003703703703703704,
      "util-LUT": 0.002945820363603555,
      "util-FF": 0.0019274146253439798,
      "total-URAM": 0,
      "total-BRAM": 128,
      "total-DSP": 19,
      "total-LUT": 2612,
      "total-FF": 3418
    },
    "valid": true
  },
  "__PARA__L0-1.__PARA__L1-1.__PARA__L2-1.__PARA__L3-4.__PIPE__L0-NA.__PIPE__L2-NA": {
    "perf": 10708010.0,
    "point": {
      "__PIPE__L0": "",
      "__PARA__L0": 1,
      "__PARA__L1": 1,
      "__PIPE__L2": "",
      "__PARA__L2": 1,
      "__PARA__L3": 4
    },
    "res_util": {
      "util-URAM": 0.0,
      "util-BRAM": 0.03950617283950617,
      "util-DSP": 0.003703703703703704,
      "util-LUT": 0.0033507014932106284,
      "util-FF": 0.0023999639103171383,
      "total-URAM": 0,
      "total-BRAM": 128,
      "total-DSP": 19,
      "total-LUT": 2971,
      "total-FF": 4256
    },
    "valid": true
  },
  "__PARA__L0-1.__PARA__L1-1.__PARA__L2-1.__PARA__L3-5.__PIPE__L0-NA.__PIPE__L2-NA": {
    "perf": 10708010.0,
    "point": {
      "__PIPE__L0": "",
      "__PARA__L0": 1,
      "__PARA__L1": 1,
      "__PIPE__L2": "",
      "__PARA__L2": 1,
      "__PARA__L3": 5
    },
    "res_util": {
      "util-URAM": 0.0,
      "util-BRAM": 0.03950617283950617,
      "util-DSP": 0.003703703703703704,
      "util-LUT": 0.003436414490007669,
      "util-FF": 0.0025037217485451347,
      "total-URAM": 0,
      "total-BRAM": 128,
      "total-DSP": 19,
      "total-LUT": 3047,
      "total-FF": 4440
    },
    "valid": true
  },
  "__PARA__L0-1.__PARA__L1-1.__PARA__L2-1.__PARA__L3-8.__PIPE__L0-NA.__PIPE__L2-NA": {
    "perf": 10900810.0,
    "point": {
      "__PIPE__L0": "",
      "__PARA__L0": 1,
      "__PARA__L1": 1,
      "__PIPE__L2": "",
      "__PARA__L2": 1,
      "__PARA__L3": 8
    },
    "res_util": {
      "util-URAM": 0.0,
      "util-BRAM": 0.03950617283950617,
      "util-DSP": 0.003703703703703704,
      "util-LUT": 0.0037093427166508776,
      "util-FF": 0.0029086028781522082,
      "total-URAM": 0,
      "total-BRAM": 128,
      "total-DSP": 19,
      "total-LUT": 3289,
      "total-FF": 5158
    },
    "valid": true
  },
  "__PARA__L0-1.__PARA__L1-1.__PARA__L2-1.__PARA__L3-10.__PIPE__L0-NA.__PIPE__L2-NA": {
    "perf": 10708010.0,
    "point": {
      "__PIPE__L0": "",
      "__PARA__L0": 1,
      "__PARA__L1": 1,
      "__PIPE__L2": "",
      "__PARA__L2": 1,
      "__PARA__L3": 10
    },
    "res_util": {
      "util-URAM": 0.0,
      "util-BRAM": 0.03950617283950617,
      "util-DSP": 0.003703703703703704,
      "util-LUT": 0.003578517616276447,
      "util-FF": 0.0029148057923940995,
      "total-URAM": 0,
      "total-BRAM": 128,
      "total-DSP": 19,
      "total-LUT": 3173,
      "total-FF": 5169
    },
    "valid": true
  },
  "__PARA__L0-1.__PARA__L1-1.__PARA__L2-1.__PARA__L3-11.__PIPE__L0-NA.__PIPE__L2-NA": {
    "perf": 10708410.0,
    "point": {
      "__PIPE__L0": "",
      "__PARA__L0": 1,
      "__PARA__L1": 1,
      "__PIPE__L2": "",
      "__PARA__L2": 1,
      "__PARA__L3": 11
    },
    "res_util": {
      "util-URAM": 0.0,
      "util-BRAM": 0.03950617283950617,
      "util-DSP": 0.003703703703703704,
      "util-LUT": 0.0037183651373663552,
      "util-FF": 0.0030371723733477692,
      "total-URAM": 0,
      "total-BRAM": 128,
      "total-DSP": 19,
      "total-LUT": 3297,
      "total-FF": 5386
    },
    "valid": true
  },
  "__PARA__L0-1.__PARA__L1-1.__PARA__L2-1.__PARA__L3-16.__PIPE__L0-NA.__PIPE__L2-NA": {
    "perf": 10902410.0,
    "point": {
      "__PIPE__L0": "",
      "__PARA__L0": 1,
      "__PARA__L1": 1,
      "__PIPE__L2": "",
      "__PARA__L2": 1,
      "__PARA__L3": 16
    },
    "res_util": {
      "util-URAM": 0.0,
      "util-BRAM": 0.03950617283950617,
      "util-DSP": 0.003703703703703704,
      "util-LUT": 0.00431835611494564,
      "util-FF": 0.003907835972391392,
      "total-URAM": 0,
      "total-BRAM": 128,
      "total-DSP": 19,
      "total-LUT": 3829,
      "total-FF": 6930
    },
    "valid": true
  },
  "__PARA__L0-1.__PARA__L1-1.__PARA__L2-1.__PARA__L3-20.__PIPE__L0-NA.__PIPE__L2-NA": {
    "perf": 10708010.0,
    "point": {
      "__PIPE__L0": "",
      "__PARA__L0": 1,
      "__PARA__L1": 1,
      "__PIPE__L2": "",
      "__PARA__L2": 1,
      "__PARA__L3": 20
    },
    "res_util": {
      "util-URAM": 0.0,
      "util-BRAM": 0.03950617283950617,
      "util-DSP": 0.003703703703703704,
      "util-LUT": 0.004629629629629629,
      "util-FF": 0.004145238417467407,
      "total-URAM": 0,
      "total-BRAM": 128,
      "total-DSP": 19,
      "total-LUT": 4105,
      "total-FF": 7351
    },
    "valid": true
  },
  "__PARA__L0-1.__PARA__L1-1.__PARA__L2-1.__PARA__L3-22.__PIPE__L0-NA.__PIPE__L2-NA": {
    "perf": 10708410.0,
    "point": {
      "__PIPE__L0": "",
      "__PARA__L0": 1,
      "__PARA__L1": 1,
      "__PIPE__L2": "",
      "__PARA__L2": 1,
      "__PARA__L3": 22
    },
    "res_util": {
      "util-URAM": 0.0,
      "util-BRAM": 0.03950617283950617,
      "util-DSP": 0.003703703703703704,
      "util-LUT": 0.00485067893715884,
      "util-FF": 0.004331889746018857,
      "total-URAM": 0,
      "total-BRAM": 128,
      "total-DSP": 19,
      "total-LUT": 4301,
      "total-FF": 7682
    },
    "valid": true
  },
  "__PARA__L0-1.__PARA__L1-1.__PARA__L2-1.__PARA__L3-32.__PIPE__L0-NA.__PIPE__L2-NA": {
    "perf": 10902410.0,
    "point": {
      "__PIPE__L0": "",
      "__PARA__L0": 1,
      "__PARA__L1": 1,
      "__PIPE__L2": "",
      "__PARA__L2": 1,
      "__PARA__L3": 32
    },
    "res_util": {
      "util-URAM": 0.0,
      "util-BRAM": 0.03950617283950617,
      "util-DSP": 0.003703703703703704,
      "util-LUT": 0.005385257364550909,
      "util-FF": 0.005235259620156088,
      "total-URAM": 0,
      "total-BRAM": 128,
      "total-DSP": 19,
      "total-LUT": 4775,
      "total-FF": 9284
    },
    "valid": true
  },
  "__PARA__L0-1.__PARA__L1-1.__PARA__L2-1.__PARA__L3-44.__PIPE__L0-NA.__PIPE__L2-NA": {
    "perf": 10712810.0,
    "point": {
      "__PIPE__L0": "",
      "__PARA__L0": 1,
      "__PARA__L1": 1,
      "__PIPE__L2": "",
      "__PARA__L2": 1,
      "__PARA__L3": 44
    },
    "res_util": {
      "util-URAM": 0.0,
      "util-BRAM": 0.03950617283950617,
      "util-DSP": 0.003703703703703704,
      "util-LUT": 0.006928091306897641,
      "util-FF": 0.006165696756439753,
      "total-URAM": 0,
      "total-BRAM": 128,
      "total-DSP": 19,
      "total-LUT": 6143,
      "total-FF": 10934
    },
    "valid": true
  },
  "__PARA__L0-1.__PARA__L1-1.__PARA__L2-1.__PARA__L3-55.__PIPE__L0-NA.__PIPE__L2-NA": {
    "perf": 10715010.0,
    "point": {
      "__PIPE__L0": "",
      "__PARA__L0": 1,
      "__PARA__L1": 1,
      "__PIPE__L2": "",
      "__PARA__L2": 1,
      "__PARA__L3": 55
    },
    "res_util": {
      "util-URAM": 0.0,
      "util-BRAM": 0.03950617283950617,
      "util-DSP": 0.003703703703703704,
      "util-LUT": 0.00805702169892182,
      "util-FF": 0.006983353633779943,
      "total-URAM": 0,
      "total-BRAM": 128,
      "total-DSP": 19,
      "total-LUT": 7144,
      "total-FF": 12384
    },
    "valid": true
  },
  "__PARA__L0-1.__PARA__L1-1.__PARA__L2-1.__PARA__L3-64.__PIPE__L0-NA.__PIPE__L2-NA": {
    "perf": 12444810.0,
    "point": {
      "__PIPE__L0": "",
      "__PARA__L0": 1,
      "__PARA__L1": 1,
      "__PIPE__L2": "",
      "__PARA__L2": 1,
      "__PARA__L3": 64
    },
    "res_util": {
      "util-URAM": 0.0,
      "util-BRAM": 0.03950617283950617,
      "util-DSP": 0.003703703703703704,
      "util-LUT": 0.008509270537285153,
      "util-FF": 0.0075258266792980555,
      "total-URAM": 0,
      "total-BRAM": 128,
      "total-DSP": 19,
      "total-LUT": 7545,
      "total-FF": 13346
    },
    "valid": true
  },
  "__PARA__L0-1.__PARA__L1-1.__PARA__L2-1.__PARA__L3-110.__PIPE__L0-NA.__PIPE__L2-NA": {
    "perf": 10726010.0,
    "point": {
      "__PIPE__L0": "",
      "__PARA__L0": 1,
      "__PARA__L1": 1,
      "__PIPE__L2": "",
      "__PARA__L2": 1,
      "__PARA__L3": 110
    },
    "res_util": {
      "util-URAM": 0.0,
      "util-BRAM": 0.03950617283950617,
      "util-DSP": 0.003703703703703704,
      "util-LUT": 0.01364190012180268,
      "util-FF": 0.010261875761266748,
      "total-URAM": 0,
      "total-BRAM": 128,
      "total-DSP": 19,
      "total-LUT": 12096,
      "total-FF": 18198
    },
    "valid": true
  },
  "__PARA__L0-1.__PARA__L1-1.__PARA__L2-1.__PARA__L3-128.__PIPE__L0-NA.__PIPE__L2-NA": {
    "perf": 12457610.0,
    "point": {
      "__PIPE__L0": "",
      "__PARA__L0": 1,
      "__PARA__L1": 1,
      "__PIPE__L2": "",
      "__PARA__L2": 1,
      "__PARA__L3": 128
    },
    "res_util": {
      "util-URAM": 0.0,
      "util-BRAM": 0.03950617283950617,
      "util-DSP": 0.003703703703703704,
      "util-LUT": 0.014227229665719312,
      "util-FF": 0.011541931700275183,
      "total-URAM": 0,
      "total-BRAM": 128,
      "total-DSP": 19,
      "total-LUT": 12615,
      "total-FF": 20468
    },
    "valid": true
  },
  "__PARA__L0-1.__PARA__L1-1.__PARA__L2-1.__PARA__L3-220.__PIPE__L0-NA.__PIPE__L2-NA": {
    "perf": 480010.0,
    "point": {
      "__PIPE__L0": "",
      "__PARA__L0": 1,
      "__PARA__L1": 1,
      "__PIPE__L2": "",
      "__PARA__L2": 1,
      "__PARA__L3": 220
    },
    "res_util": {
      "util-URAM": 0.0,
      "util-BRAM": 0.1654320987654321,
      "util-DSP": 0.07933723196881091,
      "util-LUT": 0.06225131952902964,
      "util-FF": 0.0533270176388325,
      "total-URAM": 0,
      "total-BRAM": 536,
      "total-DSP": 407,
      "total-LUT": 55197,
      "total-FF": 94568
    },
    "valid": true
  },
  "__PARA__L0-1.__PARA__L1-1.__PARA__L2-2.__PARA__L3-220.__PIPE__L0-NA.__PIPE__L2-NA": {
    "perf": 337610.0,
    "point": {
      "__PIPE__L0": "",
      "__PARA__L0": 1,
      "__PARA__L1": 1,
      "__PIPE__L2": "",
      "__PARA__L2": 2,
      "__PARA__L3": 220
    },
    "res_util": {
      "util-URAM": 0.0,
      "util-BRAM": 0.1654320987654321,
      "util-DSP": 0.15867446393762183,
      "util-LUT": 0.12026435692696351,
      "util-FF": 0.11174268056119457,
      "total-URAM": 0,
      "total-BRAM": 536,
      "total-DSP": 814,
      "total-LUT": 106636,
      "total-FF": 198160
    },
    "valid": true
  },
  "__PARA__L0-1.__PARA__L1-1.__PARA__L2-3.__PARA__L3-220.__PIPE__L0-NA.__PIPE__L2-NA": {
    "perf": 290418.0,
    "point": {
      "__PIPE__L0": "",
      "__PARA__L0": 1,
      "__PARA__L1": 1,
      "__PIPE__L2": "",
      "__PARA__L2": 3,
      "__PARA__L3": 220
    },
    "res_util": {
      "util-URAM": 0.0,
      "util-BRAM": 0.4567901234567901,
      "util-DSP": 0.23742690058479532,
      "util-LUT": 0.18418369648576713,
      "util-FF": 0.16211090810664502,
      "total-URAM": 0,
      "total-BRAM": 1480,
      "total-DSP": 1218,
      "total-LUT": 163312,
      "total-FF": 287481
    },
    "valid": true
  },
  "__PARA__L0-1.__PARA__L1-1.__PARA__L2-4.__PARA__L3-220.__PIPE__L0-NA.__PIPE__L2-NA": {
    "perf": 266810.0,
    "point": {
      "__PIPE__L0": "",
      "__PARA__L0": 1,
      "__PARA__L1": 1,
      "__PIPE__L2": "",
      "__PARA__L2": 4,
      "__PARA__L3": 220
    },
    "res_util": {
      "util-URAM": 0.0,
      "util-BRAM": 0.3111111111111111,
      "util-DSP": 0.31676413255360625,
      "util-LUT": 0.22862814093021158,
      "util-FF": 0.21008086344566246,
      "total-URAM": 0,
      "total-BRAM": 1008,
      "total-DSP": 1625,
      "total-LUT": 202720,
      "total-FF": 372549
    },
    "valid": true
  },
  "__PARA__L0-1.__PARA__L1-1.__PARA__L2-5.__PARA__L3-220.__PIPE__L0-NA.__PIPE__L2-NA": {
    "perf": 252818.0,
    "point": {
      "__PIPE__L0": "",
      "__PARA__L0": 1,
      "__PARA__L1": 1,
      "__PIPE__L2": "",
      "__PARA__L2": 5,
      "__PARA__L3": 220
    },
    "res_util": {
      "util-URAM": 0.0,
      "util-BRAM": 0.0691358024691358,
      "util-DSP": 0.3961013645224172,
      "util-LUT": 0.3797931610050977,
      "util-FF": 0.29999774439482113,
      "total-URAM": 0,
      "total-BRAM": 224,
      "total-DSP": 2032,
      "total-LUT": 336755,
      "total-FF": 532004
    },
    "valid": true
  },
  "__PARA__L0-1.__PARA__L1-1.__PARA__L2-6.__PARA__L3-220.__PIPE__L0-NA.__PIPE__L2-NA": {
    "perf": 243818.0,
    "point": {
      "__PIPE__L0": "",
      "__PARA__L0": 1,
      "__PARA__L1": 1,
      "__PIPE__L2": "",
      "__PARA__L2": 6,
      "__PARA__L3": 220
    },
    "res_util": {
      "util-URAM": 0.0,
      "util-BRAM": 0.4567901234567901,
      "util-DSP": 0.4732943469785575,
      "util-LUT": 0.33663553931519824,
      "util-FF": 0.3128473631975459,
      "total-URAM": 0,
      "total-BRAM": 1480,
      "total-DSP": 2428,
      "total-LUT": 298488,
      "total-FF": 554791
    },
    "valid": true
  },
  "__PARA__L0-1.__PARA__L1-1.__PARA__L2-8.__PARA__L3-220.__PIPE__L0-NA.__PIPE__L2-NA": {
    "perf": 231810.0,
    "point": {
      "__PIPE__L0": "",
      "__PARA__L0": 1,
      "__PARA__L1": 1,
      "__PIPE__L2": "",
      "__PARA__L2": 8,
      "__PARA__L3": 220
    },
    "res_util": {
      "util-URAM": 0.0,
      "util-BRAM": 0.05925925925925926,
      "util-DSP": 0.6319688109161793,
      "util-LUT": 0.5105979609329183,
      "util-FF": 0.4408151757116434,
      "total-URAM": 0,
      "total-BRAM": 192,
      "total-DSP": 3242,
      "total-LUT": 452737,
      "total-FF": 781724
    },
    "valid": true
  },
  "__PARA__L0-1.__PARA__L1-1.__PARA__L2-10.__PARA__L3-220.__PIPE__L0-NA.__PIPE__L2-NA": {
    "perf": 225418.0,
    "point": {
      "__PIPE__L0": "",
      "__PARA__L0": 1,
      "__PARA__L1": 1,
      "__PIPE__L2": "",
      "__PARA__L2": 10,
      "__PARA__L3": 220
    },
    "res_util": {
      "util-URAM": 0.0,
      "util-BRAM": 0.0691358024691358,
      "util-DSP": 0.7900584795321638,
      "util-LUT": 0.6316371182388235,
      "util-FF": 0.5450934948346642,
      "total-URAM": 0,
      "total-BRAM": 224,
      "total-DSP": 4053,
      "total-LUT": 560060,
      "total-FF": 966647
    },
    "valid": true
  },
  "__PARA__L0-1.__PARA__L1-1.__PARA__L2-12.__PARA__L3-220.__PIPE__L0-NA.__PIPE__L2-NA": {
    "perf": 221018.0,
    "point": {
      "__PIPE__L0": "",
      "__PARA__L0": 1,
      "__PARA__L1": 1,
      "__PIPE__L2": "",
      "__PARA__L2": 12,
      "__PARA__L3": 220
    },
    "res_util": {
      "util-URAM": 0.0,
      "util-BRAM": 0.07901234567901234,
      "util-DSP": 0.946588693957115,
      "util-LUT": 0.7550863896783507,
      "util-FF": 0.6616530202553345,
      "total-URAM": 0,
      "total-BRAM": 256,
      "total-DSP": 4856,
      "total-LUT": 669520,
      "total-FF": 1173349
    },
    "valid": true
  },
  "__PARA__L0-1.__PARA__L1-1.__PARA__L2-15.__PARA__L3-220.__PIPE__L0-NA.__PIPE__L2-NA": {
    "perf": 0.0,
    "point": {
      "__PIPE__L0": "",
      "__PARA__L0": 1,
      "__PARA__L1": 1,
      "__PIPE__L2": "",
      "__PARA__L2": 15,
      "__PARA__L3": 220
    },
    "res_util": {
      "util-URAM": 0,
      "util-BRAM": 0,
      "util-DSP": 0,
      "util-LUT": 0,
      "util-FF": 0,
      "total-URAM": 0,
      "total-BRAM": 0,
      "total-DSP": 0,
      "total-LUT": 0,
      "total-FF": 0
    },
    "valid": false
  },
  "__PARA__L0-1.__PARA__L1-1.__PARA__L2-16.__PARA__L3-220.__PIPE__L0-NA.__PIPE__L2-NA": {
    "perf": 0.0,
    "point": {
      "__PIPE__L0": "",
      "__PARA__L0": 1,
      "__PARA__L1": 1,
      "__PIPE__L2": "",
      "__PARA__L2": 16,
      "__PARA__L3": 220
    },
    "res_util": {
      "util-URAM": 0,
      "util-BRAM": 0,
      "util-DSP": 0,
      "util-LUT": 0,
      "util-FF": 0,
      "total-URAM": 0,
      "total-BRAM": 0,
      "total-DSP": 0,
      "total-LUT": 0,
      "total-FF": 0
    },
    "valid": false
  },
  "__PARA__L0-1.__PARA__L1-1.__PARA__L2-20.__PARA__L3-220.__PIPE__L0-NA.__PIPE__L2-NA": {
    "perf": 0.0,
    "point": {
      "__PIPE__L0": "",
      "__PARA__L0": 1,
      "__PARA__L1": 1,
      "__PIPE__L2": "",
      "__PARA__L2": 20,
      "__PARA__L3": 220
    },
    "res_util": {
      "util-URAM": 0,
      "util-BRAM": 0,
      "util-DSP": 0,
      "util-LUT": 0,
      "util-FF": 0,
      "total-URAM": 0,
      "total-BRAM": 0,
      "total-DSP": 0,
      "total-LUT": 0,
      "total-FF": 0
    },
    "valid": false
  },
  "__PARA__L0-1.__PARA__L1-1.__PARA__L2-24.__PARA__L3-220.__PIPE__L0-NA.__PIPE__L2-NA": {
    "perf": 0.0,
    "point": {
      "__PIPE__L0": "",
      "__PARA__L0": 1,
      "__PARA__L1": 1,
      "__PIPE__L2": "",
      "__PARA__L2": 24,
      "__PARA__L3": 220
    },
    "res_util": {
      "util-URAM": 0,
      "util-BRAM": 0,
      "util-DSP": 0,
      "util-LUT": 0,
      "util-FF": 0,
      "total-URAM": 0,
      "total-BRAM": 0,
      "total-DSP": 0,
      "total-LUT": 0,
      "total-FF": 0
    },
    "valid": false
  },
  "__PARA__L0-1.__PARA__L1-1.__PARA__L2-30.__PARA__L3-220.__PIPE__L0-NA.__PIPE__L2-NA": {
    "perf": 0.0,
    "point": {
      "__PIPE__L0": "",
      "__PARA__L0": 1,
      "__PARA__L1": 1,
      "__PIPE__L2": "",
      "__PARA__L2": 30,
      "__PARA__L3": 220
    },
    "res_util": {
      "util-URAM": 0,
      "util-BRAM": 0,
      "util-DSP": 0,
      "util-LUT": 0,
      "util-FF": 0,
      "total-URAM": 0,
      "total-BRAM": 0,
      "total-DSP": 0,
      "total-LUT": 0,
      "total-FF": 0
    },
    "valid": false
  },
  "__PARA__L0-1.__PARA__L1-1.__PARA__L2-32.__PARA__L3-220.__PIPE__L0-NA.__PIPE__L2-NA": {
    "perf": 0.0,
    "point": {
      "__PIPE__L0": "",
      "__PARA__L0": 1,
      "__PARA__L1": 1,
      "__PIPE__L2": "",
      "__PARA__L2": 32,
      "__PARA__L3": 220
    },
    "res_util": {
      "util-URAM": 0,
      "util-BRAM": 0,
      "util-DSP": 0,
      "util-LUT": 0,
      "util-FF": 0,
      "total-URAM": 0,
      "total-BRAM": 0,
      "total-DSP": 0,
      "total-LUT": 0,
      "total-FF": 0
    },
    "valid": false
  },
  "__PARA__L0-1.__PARA__L1-1.__PARA__L2-40.__PARA__L3-220.__PIPE__L0-NA.__PIPE__L2-NA": {
    "perf": 0.0,
    "point": {
      "__PIPE__L0": "",
      "__PARA__L0": 1,
      "__PARA__L1": 1,
      "__PIPE__L2": "",
      "__PARA__L2": 40,
      "__PARA__L3": 220
    },
    "res_util": {
      "util-URAM": 0,
      "util-BRAM": 0,
      "util-DSP": 0,
      "util-LUT": 0,
      "util-FF": 0,
      "total-URAM": 0,
      "total-BRAM": 0,
      "total-DSP": 0,
      "total-LUT": 0,
      "total-FF": 0
    },
    "valid": false
  },
  "__PARA__L0-1.__PARA__L1-1.__PARA__L2-48.__PARA__L3-220.__PIPE__L0-NA.__PIPE__L2-NA": {
    "perf": 0.0,
    "point": {
      "__PIPE__L0": "",
      "__PARA__L0": 1,
      "__PARA__L1": 1,
      "__PIPE__L2": "",
      "__PARA__L2": 48,
      "__PARA__L3": 220
    },
    "res_util": {
      "util-URAM": 0,
      "util-BRAM": 0,
      "util-DSP": 0,
      "util-LUT": 0,
      "util-FF": 0,
      "total-URAM": 0,
      "total-BRAM": 0,
      "total-DSP": 0,
      "total-LUT": 0,
      "total-FF": 0
    },
    "valid": false
  },
  "__PARA__L0-1.__PARA__L1-1.__PARA__L2-60.__PARA__L3-220.__PIPE__L0-NA.__PIPE__L2-NA": {
    "perf": 0.0,
    "point": {
      "__PIPE__L0": "",
      "__PARA__L0": 1,
      "__PARA__L1": 1,
      "__PIPE__L2": "",
      "__PARA__L2": 60,
      "__PARA__L3": 220
    },
    "res_util": {
      "util-URAM": 0,
      "util-BRAM": 0,
      "util-DSP": 0,
      "util-LUT": 0,
      "util-FF": 0,
      "total-URAM": 0,
      "total-BRAM": 0,
      "total-DSP": 0,
      "total-LUT": 0,
      "total-FF": 0
    },
    "valid": false
  },
  "__PARA__L0-1.__PARA__L1-1.__PARA__L2-64.__PARA__L3-220.__PIPE__L0-NA.__PIPE__L2-NA": {
    "perf": 0.0,
    "point": {
      "__PIPE__L0": "",
      "__PARA__L0": 1,
      "__PARA__L1": 1,
      "__PIPE__L2": "",
      "__PARA__L2": 64,
      "__PARA__L3": 220
    },
    "res_util": {
      "util-URAM": 0,
      "util-BRAM": 0,
      "util-DSP": 0,
      "util-LUT": 0,
      "util-FF": 0,
      "total-URAM": 0,
      "total-BRAM": 0,
      "total-DSP": 0,
      "total-LUT": 0,
      "total-FF": 0
    },
    "valid": false
  },
  "__PARA__L0-1.__PARA__L1-1.__PARA__L2-80.__PARA__L3-220.__PIPE__L0-NA.__PIPE__L2-NA": {
    "perf": 0.0,
    "point": {
      "__PIPE__L0": "",
      "__PARA__L0": 1,
      "__PARA__L1": 1,
      "__PIPE__L2": "",
      "__PARA__L2": 80,
      "__PARA__L3": 220
    },
    "res_util": {
      "util-URAM": 0,
      "util-BRAM": 0,
      "util-DSP": 0,
      "util-LUT": 0,
      "util-FF": 0,
      "total-URAM": 0,
      "total-BRAM": 0,
      "total-DSP": 0,
      "total-LUT": 0,
      "total-FF": 0
    },
    "valid": false
  },
  "__PARA__L0-1.__PARA__L1-1.__PARA__L2-120.__PARA__L3-220.__PIPE__L0-NA.__PIPE__L2-NA": {
    "perf": 0.0,
    "point": {
      "__PIPE__L0": "",
      "__PARA__L0": 1,
      "__PARA__L1": 1,
      "__PIPE__L2": "",
      "__PARA__L2": 120,
      "__PARA__L3": 220
    },
    "res_util": {
      "util-URAM": 0,
      "util-BRAM": 0,
      "util-DSP": 0,
      "util-LUT": 0,
      "util-FF": 0,
      "total-URAM": 0,
      "total-BRAM": 0,
      "total-DSP": 0,
      "total-LUT": 0,
      "total-FF": 0
    },
    "valid": false
  },
  "__PARA__L0-1.__PARA__L1-1.__PARA__L2-128.__PARA__L3-220.__PIPE__L0-NA.__PIPE__L2-NA": {
    "perf": 0.0,
    "point": {
      "__PIPE__L0": "",
      "__PARA__L0": 1,
      "__PARA__L1": 1,
      "__PIPE__L2": "",
      "__PARA__L2": 128,
      "__PARA__L3": 220
    },
    "res_util": {
      "util-URAM": 0,
      "util-BRAM": 0,
      "util-DSP": 0,
      "util-LUT": 0,
      "util-FF": 0,
      "total-URAM": 0,
      "total-BRAM": 0,
      "total-DSP": 0,
      "total-LUT": 0,
      "total-FF": 0
    },
    "valid": false
  },
  "__PARA__L0-1.__PARA__L1-1.__PARA__L2-240.__PARA__L3-220.__PIPE__L0-NA.__PIPE__L2-NA": {
    "perf": 0.0,
    "point": {
      "__PIPE__L0": "",
      "__PARA__L0": 1,
      "__PARA__L1": 1,
      "__PIPE__L2": "",
      "__PARA__L2": 240,
      "__PARA__L3": 220
    },
    "res_util": {
      "util-URAM": 0,
      "util-BRAM": 0,
      "util-DSP": 0,
      "util-LUT": 0,
      "util-FF": 0,
      "total-URAM": 0,
      "total-BRAM": 0,
      "total-DSP": 0,
      "total-LUT": 0,
      "total-FF": 0
    },
    "valid": false
  },
  "__PARA__L0-1.__PARA__L1-2.__PARA__L2-12.__PARA__L3-220.__PIPE__L0-NA.__PIPE__L2-NA": {
    "perf": 177021.0,
    "point": {
      "__PIPE__L0": "",
      "__PARA__L0": 1,
      "__PARA__L1": 2,
      "__PIPE__L2": "",
      "__PARA__L2": 12,
      "__PARA__L3": 220
    },
    "res_util": {
      "util-URAM": 0.0,
      "util-BRAM": 0.09876543209876543,
      "util-DSP": 0.9469785575048733,
      "util-LUT": 0.7517469662110344,
      "util-FF": 0.661687982135607,
      "total-URAM": 0,
      "total-BRAM": 320,
      "total-DSP": 4858,
      "total-LUT": 666559,
      "total-FF": 1173411
    },
    "valid": true
  },
  "__PARA__L0-1.__PARA__L1-4.__PARA__L2-12.__PARA__L3-220.__PIPE__L0-NA.__PIPE__L2-NA": {
    "perf": 155221.0,
    "point": {
      "__PIPE__L0": "",
      "__PARA__L0": 1,
      "__PARA__L1": 4,
      "__PIPE__L2": "",
      "__PARA__L2": 12,
      "__PARA__L3": 220
    },
    "res_util": {
      "util-URAM": 0.0,
      "util-BRAM": 0.1382716049382716,
      "util-DSP": 0.9469785575048733,
      "util-LUT": 0.7501646591780575,
      "util-FF": 0.6617652366129833,
      "total-URAM": 0,
      "total-BRAM": 448,
      "total-DSP": 4858,
      "total-LUT": 665156,
      "total-FF": 1173548
    },
    "valid": true
  },
  "__PARA__L0-1.__PARA__L1-5.__PARA__L2-12.__PARA__L3-220.__PIPE__L0-NA.__PIPE__L2-NA": {
    "perf": 150621.0,
    "point": {
      "__PIPE__L0": "",
      "__PARA__L0": 1,
      "__PARA__L1": 5,
      "__PIPE__L2": "",
      "__PARA__L2": 12,
      "__PARA__L3": 220
    },
    "res_util": {
      "util-URAM": 0.0,
      "util-BRAM": 0.1580246913580247,
      "util-DSP": 0.9469785575048733,
      "util-LUT": 0.7503202959353995,
      "util-FF": 0.6618859114900528,
      "total-URAM": 0,
      "total-BRAM": 512,
      "total-DSP": 4858,
      "total-LUT": 665294,
      "total-FF": 1173762
    },
    "valid": true
  },
  "__PARA__L0-1.__PARA__L1-8.__PARA__L2-12.__PARA__L3-220.__PIPE__L0-NA.__PIPE__L2-NA": {
    "perf": 144218.0,
    "point": {
      "__PIPE__L0": "",
      "__PARA__L0": 1,
      "__PARA__L1": 8,
      "__PIPE__L2": "",
      "__PARA__L2": 12,
      "__PARA__L3": 220
    },
    "res_util": {
      "util-URAM": 0.0,
      "util-BRAM": 0.21728395061728395,
      "util-DSP": 0.946588693957115,
      "util-LUT": 0.7503597690260296,
      "util-FF": 0.6618137321243289,
      "total-URAM": 0,
      "total-BRAM": 704,
      "total-DSP": 4856,
      "total-LUT": 665329,
      "total-FF": 1173634
    },
    "valid": true
  },
  "__PARA__L0-1.__PARA__L1-10.__PARA__L2-12.__PARA__L3-220.__PIPE__L0-NA.__PIPE__L2-NA": {
    "perf": 141821.0,
    "point": {
      "__PIPE__L0": "",
      "__PARA__L0": 1,
      "__PARA__L1": 10,
      "__PIPE__L2": "",
      "__PARA__L2": 12,
      "__PARA__L3": 220
    },
    "res_util": {
      "util-URAM": 0.0,
      "util-BRAM": 0.25679012345679014,
      "util-DSP": 0.9469785575048733,
      "util-LUT": 0.7511887039292642,
      "util-FF": 0.6623313935128795,
      "total-URAM": 0,
      "total-BRAM": 832,
      "total-DSP": 4858,
      "total-LUT": 666064,
      "total-FF": 1174552
    },
    "valid": true
  },
  "__PARA__L0-1.__PARA__L1-11.__PARA__L2-12.__PARA__L3-220.__PIPE__L0-NA.__PIPE__L2-NA": {
    "perf": 141019.0,
    "point": {
      "__PIPE__L0": "",
      "__PARA__L0": 1,
      "__PARA__L1": 11,
      "__PIPE__L2": "",
      "__PARA__L2": 12,
      "__PARA__L3": 220
    },
    "res_util": {
      "util-URAM": 0.015277777777777777,
      "util-BRAM": 0.05925925925925926,
      "util-DSP": 0.946588693957115,
      "util-LUT": 0.7512879505571345,
      "util-FF": 0.662077074028962,
      "total-URAM": 11,
      "total-BRAM": 192,
      "total-DSP": 4856,
      "total-LUT": 666152,
      "total-FF": 1174101
    },
    "valid": true
  },
  "__PARA__L0-1.__PARA__L1-16.__PARA__L2-12.__PARA__L3-220.__PIPE__L0-NA.__PIPE__L2-NA": {
    "perf": 138618.0,
    "point": {
      "__PIPE__L0": "",
      "__PARA__L0": 1,
      "__PARA__L1": 16,
      "__PIPE__L2": "",
      "__PARA__L2": 12,
      "__PARA__L3": 220
    },
    "res_util": {
      "util-URAM": 0.022222222222222223,
      "util-BRAM": 0.05925925925925926,
      "util-DSP": 0.946588693957115,
      "util-LUT": 0.7516635088194162,
      "util-FF": 0.6627543194839175,
      "total-URAM": 16,
      "total-BRAM": 192,
      "total-DSP": 4856,
      "total-LUT": 666485,
      "total-FF": 1175302
    },
    "valid": true
  },
  "__PARA__L0-1.__PARA__L1-20.__PARA__L2-12.__PARA__L3-220.__PIPE__L0-NA.__PIPE__L2-NA": {
    "perf": 137622.0,
    "point": {
      "__PIPE__L0": "",
      "__PARA__L0": 1,
      "__PARA__L1": 20,
      "__PIPE__L2": "",
      "__PARA__L2": 12,
      "__PARA__L3": 220
    },
    "res_util": {
      "util-URAM": 0.027777777777777776,
      "util-BRAM": 0.05925925925925926,
      "util-DSP": 0.9469785575048733,
      "util-LUT": 0.7531973203410475,
      "util-FF": 0.6633514909550232,
      "total-URAM": 20,
      "total-BRAM": 192,
      "total-DSP": 4858,
      "total-LUT": 667845,
      "total-FF": 1176361
    },
    "valid": true
  },
  "__PARA__L0-1.__PARA__L1-22.__PARA__L2-12.__PARA__L3-220.__PIPE__L0-NA.__PIPE__L2-NA": {
    "perf": 137019.0,
    "point": {
      "__PIPE__L0": "",
      "__PARA__L0": 1,
      "__PARA__L1": 22,
      "__PIPE__L2": "",
      "__PARA__L2": 12,
      "__PARA__L3": 220
    },
    "res_util": {
      "util-URAM": 0.030555555555555555,
      "util-BRAM": 0.05925925925925926,
      "util-DSP": 0.946588693957115,
      "util-LUT": 0.7535864122344025,
      "util-FF": 0.6633131456669824,
      "total-URAM": 22,
      "total-BRAM": 192,
      "total-DSP": 4856,
      "total-LUT": 668190,
      "total-FF": 1176293
    },
    "valid": true
  },
  "__PARA__L0-1.__PARA__L1-32.__PARA__L2-12.__PARA__L3-220.__PIPE__L0-NA.__PIPE__L2-NA": {
    "perf": 136018.0,
    "point": {
      "__PIPE__L0": "",
      "__PARA__L0": 1,
      "__PARA__L1": 32,
      "__PIPE__L2": "",
      "__PARA__L2": 12,
      "__PARA__L3": 220
    },
    "res_util": {
      "util-URAM": 0.044444444444444446,
      "util-BRAM": 0.05925925925925926,
      "util-DSP": 0.946588693957115,
      "util-LUT": 0.7552420264356927,
      "util-FF": 0.6645633148373709,
      "total-URAM": 32,
      "total-BRAM": 192,
      "total-DSP": 4856,
      "total-LUT": 669658,
      "total-FF": 1178510
    },
    "valid": true
  },
  "__PARA__L0-1.__PARA__L1-44.__PARA__L2-12.__PARA__L3-220.__PIPE__L0-NA.__PIPE__L2-NA": {
    "perf": 134818.0,
    "point": {
      "__PIPE__L0": "",
      "__PARA__L0": 1,
      "__PARA__L1": 44,
      "__PIPE__L2": "",
      "__PARA__L2": 12,
      "__PARA__L3": 220
    },
    "res_util": {
      "util-URAM": 0.0,
      "util-BRAM": 0.16790123456790124,
      "util-DSP": 0.946588693957115,
      "util-LUT": 0.757888979113096,
      "util-FF": 0.6657965669689178,
      "total-URAM": 0,
      "total-BRAM": 544,
      "total-DSP": 4856,
      "total-LUT": 672005,
      "total-FF": 1180697
    },
    "valid": true
  },
  "__PARA__L0-1.__PARA__L1-55.__PARA__L2-12.__PARA__L3-220.__PIPE__L0-NA.__PIPE__L2-NA": {
    "perf": 134218.0,
    "point": {
      "__PIPE__L0": "",
      "__PARA__L0": 1,
      "__PARA__L1": 55,
      "__PIPE__L2": "",
      "__PARA__L2": 12,
      "__PARA__L3": 220
    },
    "res_util": {
      "util-URAM": 0.0,
      "util-BRAM": 0.19506172839506172,
      "util-DSP": 0.946588693957115,
      "util-LUT": 0.7600092479812334,
      "util-FF": 0.6667991834709253,
      "total-URAM": 0,
      "total-BRAM": 632,
      "total-DSP": 4856,
      "total-LUT": 673885,
      "total-FF": 1182475
    },
    "valid": true
  },
  "__PARA__L0-1.__PARA__L1-64.__PARA__L2-12.__PARA__L3-220.__PIPE__L0-NA.__PIPE__L2-NA": {
    "perf": 134217.0,
    "point": {
      "__PIPE__L0": "",
      "__PARA__L0": 1,
      "__PARA__L1": 64,
      "__PIPE__L2": "",
      "__PARA__L2": 12,
      "__PARA__L3": 220
    },
    "res_util": {
      "util-URAM": 0.0,
      "util-BRAM": 0.21728395061728395,
      "util-DSP": 0.946588693957115,
      "util-LUT": 0.761079532638607,
      "util-FF": 0.6677719132043127,
      "total-URAM": 0,
      "total-BRAM": 704,
      "total-DSP": 4856,
      "total-LUT": 674834,
      "total-FF": 1184200
    },
    "valid": true
  },
  "__PARA__L0-1.__PARA__L1-110.__PARA__L2-12.__PARA__L3-220.__PIPE__L0-NA.__PIPE__L2-NA": {
    "perf": 134818.0,
    "point": {
      "__PIPE__L0": "",
      "__PARA__L0": 1,
      "__PARA__L1": 110,
      "__PIPE__L2": "",
      "__PARA__L2": 12,
      "__PARA__L3": 220
    },
    "res_util": {
      "util-URAM": 0.0,
      "util-BRAM": 0.19506172839506172,
      "util-DSP": 0.946588693957115,
      "util-LUT": 0.8664647900031578,
      "util-FF": 0.6824412414850904,
      "total-URAM": 0,
      "total-BRAM": 632,
      "total-DSP": 4856,
      "total-LUT": 768277,
      "total-FF": 1210214
    },
    "valid": true
  },
  "__PARA__L0-1.__PARA__L1-128.__PARA__L2-12.__PARA__L3-220.__PIPE__L0-NA.__PIPE__L2-NA": {
    "perf": 136818.0,
    "point": {
      "__PIPE__L0": "",
      "__PARA__L0": 1,
      "__PARA__L1": 128,
      "__PIPE__L2": "",
      "__PARA__L2": 12,
      "__PARA__L3": 220
    },
    "res_util": {
      "util-URAM": 0.0,
      "util-BRAM": 0.19506172839506172,
      "util-DSP": 0.946588693957115,
      "util-LUT": 0.7756473586863355,
      "util-FF": 0.6789856543510624,
      "total-URAM": 0,
      "total-BRAM": 632,
      "total-DSP": 4856,
      "total-LUT": 687751,
      "total-FF": 1204086
    },
    "valid": true
  },
  "__PARA__L0-1.__PARA__L1-220.__PARA__L2-12.__PARA__L3-220.__PIPE__L0-NA.__PIPE__L2-NA": {
    "perf": 120866.0,
    "point": {
      "__PIPE__L0": "",
      "__PARA__L0": 1,
      "__PARA__L1": 220,
      "__PIPE__L2": "",
      "__PARA__L2": 12,
      "__PARA__L3": 220
    },
    "res_util": {
      "util-URAM": 0.0,
      "util-BRAM": 0.19506172839506172,
      "util-DSP": 1.0,
      "util-LUT": 0.7970192177561239,
      "util-FF": 0.6933876934181441,
      "total-URAM": 0,
      "total-BRAM": 632,
      "total-DSP": 5152,
      "total-LUT": 706701,
      "total-FF": 1229626
    },
    "valid": false
  },
  "__PARA__L0-1.__PARA__L1-64.__PARA__L2-12.__PARA__L3-220.__PIPE__L0-NA.__PIPE__L2-off": {
    "perf": 134217.0,
    "point": {
      "__PIPE__L0": "",
      "__PARA__L0": 1,
      "__PARA__L1": 64,
      "__PIPE__L2": "off",
      "__PARA__L2": 12,
      "__PARA__L3": 220
    },
    "res_util": {
      "util-URAM": 0.0,
      "util-BRAM": 0.21728395061728395,
      "util-DSP": 0.946588693957115,
      "util-LUT": 0.761079532638607,
      "util-FF": 0.6677719132043127,
      "total-URAM": 0,
      "total-BRAM": 704,
      "total-DSP": 4856,
      "total-LUT": 674834,
      "total-FF": 1184200
    },
    "valid": true
  },
  "__PARA__L0-1.__PARA__L1-64.__PARA__L2-12.__PARA__L3-220.__PIPE__L0-NA.__PIPE__L2-   ": {
    "perf": 134217.0,
    "point": {
      "__PIPE__L0": "",
      "__PARA__L0": 1,
      "__PARA__L1": 64,
      "__PIPE__L2": "   ",
      "__PARA__L2": 12,
      "__PARA__L3": 220
    },
    "res_util": {
      "util-URAM": 0.0,
      "util-BRAM": 0.21728395061728395,
      "util-DSP": 0.946588693957115,
      "util-LUT": 0.761079532638607,
      "util-FF": 0.6677719132043127,
      "total-URAM": 0,
      "total-BRAM": 704,
      "total-DSP": 4856,
      "total-LUT": 674834,
      "total-FF": 1184200
    },
    "valid": true
  },
  "__PARA__L0-2.__PARA__L1-64.__PARA__L2-12.__PARA__L3-220.__PIPE__L0-NA.__PIPE__L2-off": {
    "perf": 0.0,
    "point": {
      "__PIPE__L0": "",
      "__PARA__L0": 2,
      "__PARA__L1": 64,
      "__PIPE__L2": "off",
      "__PARA__L2": 12,
      "__PARA__L3": 220
    },
    "res_util": {
      "util-URAM": 0,
      "util-BRAM": 0,
      "util-DSP": 0,
      "util-LUT": 0,
      "util-FF": 0,
      "total-URAM": 0,
      "total-BRAM": 0,
      "total-DSP": 0,
      "total-LUT": 0,
      "total-FF": 0
    },
    "valid": false
  },
  "__PARA__L0-4.__PARA__L1-64.__PARA__L2-12.__PARA__L3-220.__PIPE__L0-NA.__PIPE__L2-off": {
    "perf": 0.0,
    "point": {
      "__PIPE__L0": "",
      "__PARA__L0": 4,
      "__PARA__L1": 64,
      "__PIPE__L2": "off",
      "__PARA__L2": 12,
      "__PARA__L3": 220
    },
    "res_util": {
      "util-URAM": 0,
      "util-BRAM": 0,
      "util-DSP": 0,
      "util-LUT": 0,
      "util-FF": 0,
      "total-URAM": 0,
      "total-BRAM": 0,
      "total-DSP": 0,
      "total-LUT": 0,
      "total-FF": 0
    },
    "valid": false
  },
  "__PARA__L0-5.__PARA__L1-64.__PARA__L2-12.__PARA__L3-220.__PIPE__L0-NA.__PIPE__L2-off": {
    "perf": 0.0,
    "point": {
      "__PIPE__L0": "",
      "__PARA__L0": 5,
      "__PARA__L1": 64,
      "__PIPE__L2": "off",
      "__PARA__L2": 12,
      "__PARA__L3": 220
    },
    "res_util": {
      "util-URAM": 0,
      "util-BRAM": 0,
      "util-DSP": 0,
      "util-LUT": 0,
      "util-FF": 0,
      "total-URAM": 0,
      "total-BRAM": 0,
      "total-DSP": 0,
      "total-LUT": 0,
      "total-FF": 0
    },
    "valid": false
  },
  "__PARA__L0-8.__PARA__L1-64.__PARA__L2-12.__PARA__L3-220.__PIPE__L0-NA.__PIPE__L2-off": {
    "perf": 0.0,
    "point": {
      "__PIPE__L0": "",
      "__PARA__L0": 8,
      "__PARA__L1": 64,
      "__PIPE__L2": "off",
      "__PARA__L2": 12,
      "__PARA__L3": 220
    },
    "res_util": {
      "util-URAM": 0,
      "util-BRAM": 0,
      "util-DSP": 0,
      "util-LUT": 0,
      "util-FF": 0,
      "total-URAM": 0,
      "total-BRAM": 0,
      "total-DSP": 0,
      "total-LUT": 0,
      "total-FF": 0
    },
    "valid": false
  },
  "__PARA__L0-10.__PARA__L1-64.__PARA__L2-12.__PARA__L3-220.__PIPE__L0-NA.__PIPE__L2-off": {
    "perf": 0.0,
    "point": {
      "__PIPE__L0": "",
      "__PARA__L0": 10,
      "__PARA__L1": 64,
      "__PIPE__L2": "off",
      "__PARA__L2": 12,
      "__PARA__L3": 220
    },
    "res_util": {
      "util-URAM": 0,
      "util-BRAM": 0,
      "util-DSP": 0,
      "util-LUT": 0,
      "util-FF": 0,
      "total-URAM": 0,
      "total-BRAM": 0,
      "total-DSP": 0,
      "total-LUT": 0,
      "total-FF": 0
    },
    "valid": false
  },
  "__PARA__L0-16.__PARA__L1-64.__PARA__L2-12.__PARA__L3-220.__PIPE__L0-NA.__PIPE__L2-off": {
    "perf": 0.0,
    "point": {
      "__PIPE__L0": "",
      "__PARA__L0": 16,
      "__PARA__L1": 64,
      "__PIPE__L2": "off",
      "__PARA__L2": 12,
      "__PARA__L3": 220
    },
    "res_util": {
      "util-URAM": 0,
      "util-BRAM": 0,
      "util-DSP": 0,
      "util-LUT": 0,
      "util-FF": 0,
      "total-URAM": 0,
      "total-BRAM": 0,
      "total-DSP": 0,
      "total-LUT": 0,
      "total-FF": 0
    },
    "valid": false
  },
  "__PARA__L0-20.__PARA__L1-64.__PARA__L2-12.__PARA__L3-220.__PIPE__L0-NA.__PIPE__L2-off": {
    "perf": 0.0,
    "point": {
      "__PIPE__L0": "",
      "__PARA__L0": 20,
      "__PARA__L1": 64,
      "__PIPE__L2": "off",
      "__PARA__L2": 12,
      "__PARA__L3": 220
    },
    "res_util": {
      "util-URAM": 0,
      "util-BRAM": 0,
      "util-DSP": 0,
      "util-LUT": 0,
      "util-FF": 0,
      "total-URAM": 0,
      "total-BRAM": 0,
      "total-DSP": 0,
      "total-LUT": 0,
      "total-FF": 0
    },
    "valid": false
  },
  "__PARA__L0-25.__PARA__L1-64.__PARA__L2-12.__PARA__L3-220.__PIPE__L0-NA.__PIPE__L2-off": {
    "perf": 0.0,
    "point": {
      "__PIPE__L0": "",
      "__PARA__L0": 25,
      "__PARA__L1": 64,
      "__PIPE__L2": "off",
      "__PARA__L2": 12,
      "__PARA__L3": 220
    },
    "res_util": {
      "util-URAM": 0,
      "util-BRAM": 0,
      "util-DSP": 0,
      "util-LUT": 0,
      "util-FF": 0,
      "total-URAM": 0,
      "total-BRAM": 0,
      "total-DSP": 0,
      "total-LUT": 0,
      "total-FF": 0
    },
    "valid": false
  },
  "__PARA__L0-32.__PARA__L1-64.__PARA__L2-12.__PARA__L3-220.__PIPE__L0-NA.__PIPE__L2-off": {
    "perf": 0.0,
    "point": {
      "__PIPE__L0": "",
      "__PARA__L0": 32,
      "__PARA__L1": 64,
      "__PIPE__L2": "off",
      "__PARA__L2": 12,
      "__PARA__L3": 220
    },
    "res_util": {
      "util-URAM": 0,
      "util-BRAM": 0,
      "util-DSP": 0,
      "util-LUT": 0,
      "util-FF": 0,
      "total-URAM": 0,
      "total-BRAM": 0,
      "total-DSP": 0,
      "total-LUT": 0,
      "total-FF": 0
    },
    "valid": false
  },
  "__PARA__L0-40.__PARA__L1-64.__PARA__L2-12.__PARA__L3-220.__PIPE__L0-NA.__PIPE__L2-off": {
    "perf": 0.0,
    "point": {
      "__PIPE__L0": "",
      "__PARA__L0": 40,
      "__PARA__L1": 64,
      "__PIPE__L2": "off",
      "__PARA__L2": 12,
      "__PARA__L3": 220
    },
    "res_util": {
      "util-URAM": 0,
      "util-BRAM": 0,
      "util-DSP": 0,
      "util-LUT": 0,
      "util-FF": 0,
      "total-URAM": 0,
      "total-BRAM": 0,
      "total-DSP": 0,
      "total-LUT": 0,
      "total-FF": 0
    },
    "valid": false
  },
  "__PARA__L0-50.__PARA__L1-64.__PARA__L2-12.__PARA__L3-220.__PIPE__L0-NA.__PIPE__L2-off": {
    "perf": 0.0,
    "point": {
      "__PIPE__L0": "",
      "__PARA__L0": 50,
      "__PARA__L1": 64,
      "__PIPE__L2": "off",
      "__PARA__L2": 12,
      "__PARA__L3": 220
    },
    "res_util": {
      "util-URAM": 0,
      "util-BRAM": 0,
      "util-DSP": 0,
      "util-LUT": 0,
      "util-FF": 0,
      "total-URAM": 0,
      "total-BRAM": 0,
      "total-DSP": 0,
      "total-LUT": 0,
      "total-FF": 0
    },
    "valid": false
  },
  "__PARA__L0-64.__PARA__L1-64.__PARA__L2-12.__PARA__L3-220.__PIPE__L0-NA.__PIPE__L2-off": {
    "perf": 0.0,
    "point": {
      "__PIPE__L0": "",
      "__PARA__L0": 64,
      "__PARA__L1": 64,
      "__PIPE__L2": "off",
      "__PARA__L2": 12,
      "__PARA__L3": 220
    },
    "res_util": {
      "util-URAM": 0,
      "util-BRAM": 0,
      "util-DSP": 0,
      "util-LUT": 0,
      "util-FF": 0,
      "total-URAM": 0,
      "total-BRAM": 0,
      "total-DSP": 0,
      "total-LUT": 0,
      "total-FF": 0
    },
    "valid": false
  },
  "__PARA__L0-100.__PARA__L1-64.__PARA__L2-12.__PARA__L3-220.__PIPE__L0-NA.__PIPE__L2-off": {
    "perf": 0.0,
    "point": {
      "__PIPE__L0": "",
      "__PARA__L0": 100,
      "__PARA__L1": 64,
      "__PIPE__L2": "off",
      "__PARA__L2": 12,
      "__PARA__L3": 220
    },
    "res_util": {
      "util-URAM": 0,
      "util-BRAM": 0,
      "util-DSP": 0,
      "util-LUT": 0,
      "util-FF": 0,
      "total-URAM": 0,
      "total-BRAM": 0,
      "total-DSP": 0,
      "total-LUT": 0,
      "total-FF": 0
    },
    "valid": false
  },
  "__PARA__L0-128.__PARA__L1-64.__PARA__L2-12.__PARA__L3-220.__PIPE__L0-NA.__PIPE__L2-off": {
    "perf": 0.0,
    "point": {
      "__PIPE__L0": "",
      "__PARA__L0": 128,
      "__PARA__L1": 64,
      "__PIPE__L2": "off",
      "__PARA__L2": 12,
      "__PARA__L3": 220
    },
    "res_util": {
      "util-URAM": 0,
      "util-BRAM": 0,
      "util-DSP": 0,
      "util-LUT": 0,
      "util-FF": 0,
      "total-URAM": 0,
      "total-BRAM": 0,
      "total-DSP": 0,
      "total-LUT": 0,
      "total-FF": 0
    },
    "valid": false
  },
  "__PARA__L0-200.__PARA__L1-64.__PARA__L2-12.__PARA__L3-220.__PIPE__L0-NA.__PIPE__L2-off": {
    "perf": 0.0,
    "point": {
      "__PIPE__L0": "",
      "__PARA__L0": 200,
      "__PARA__L1": 64,
      "__PIPE__L2": "off",
      "__PARA__L2": 12,
      "__PARA__L3": 220
    },
    "res_util": {
      "util-URAM": 0,
      "util-BRAM": 0,
      "util-DSP": 0,
      "util-LUT": 0,
      "util-FF": 0,
      "total-URAM": 0,
      "total-BRAM": 0,
      "total-DSP": 0,
      "total-LUT": 0,
      "total-FF": 0
    },
    "valid": false
  },
  "__PARA__L0-1.__PARA__L1-64.__PARA__L2-12.__PARA__L3-220.__PIPE__L0-off.__PIPE__L2-off": {
    "perf": 0.0,
    "point": {
      "__PIPE__L0": "off",
      "__PARA__L0": 1,
      "__PARA__L1": 64,
      "__PIPE__L2": "off",
      "__PARA__L2": 12,
      "__PARA__L3": 220
    },
    "res_util": {
      "util-URAM": 0,
      "util-BRAM": 0,
      "util-DSP": 0,
      "util-LUT": 0,
      "util-FF": 0,
      "total-URAM": 0,
      "total-BRAM": 0,
      "total-DSP": 0,
      "total-LUT": 0,
      "total-FF": 0
    },
    "valid": false
  },
  "__PARA__L0-1.__PARA__L1-64.__PARA__L2-12.__PARA__L3-220.__PIPE__L0-   .__PIPE__L2-off": {
    "perf": 0.0,
    "point": {
      "__PIPE__L0": "   ",
      "__PARA__L0": 1,
      "__PARA__L1": 64,
      "__PIPE__L2": "off",
      "__PARA__L2": 12,
      "__PARA__L3": 220
    },
    "res_util": {
      "util-URAM": 0,
      "util-BRAM": 0,
      "util-DSP": 0,
      "util-LUT": 0,
      "util-FF": 0,
      "total-URAM": 0,
      "total-BRAM": 0,
      "total-DSP": 0,
      "total-LUT": 0,
      "total-FF": 0
    },
    "valid": false
  },
  "__PARA__L0-2.__PARA__L1-64.__PARA__L2-12.__PARA__L3-220.__PIPE__L0-NA.__PIPE__L2-   ": {
    "perf": 0.0,
    "point": {
      "__PIPE__L0": "",
      "__PARA__L0": 2,
      "__PARA__L1": 64,
      "__PIPE__L2": "   ",
      "__PARA__L2": 12,
      "__PARA__L3": 220
    },
    "res_util": {
      "util-URAM": 0,
      "util-BRAM": 0,
      "util-DSP": 0,
      "util-LUT": 0,
      "util-FF": 0,
      "total-URAM": 0,
      "total-BRAM": 0,
      "total-DSP": 0,
      "total-LUT": 0,
      "total-FF": 0
    },
    "valid": false
  },
  "__PARA__L0-4.__PARA__L1-64.__PARA__L2-12.__PARA__L3-220.__PIPE__L0-NA.__PIPE__L2-   ": {
    "perf": 0.0,
    "point": {
      "__PIPE__L0": "",
      "__PARA__L0": 4,
      "__PARA__L1": 64,
      "__PIPE__L2": "   ",
      "__PARA__L2": 12,
      "__PARA__L3": 220
    },
    "res_util": {
      "util-URAM": 0,
      "util-BRAM": 0,
      "util-DSP": 0,
      "util-LUT": 0,
      "util-FF": 0,
      "total-URAM": 0,
      "total-BRAM": 0,
      "total-DSP": 0,
      "total-LUT": 0,
      "total-FF": 0
    },
    "valid": false
  },
  "__PARA__L0-5.__PARA__L1-64.__PARA__L2-12.__PARA__L3-220.__PIPE__L0-NA.__PIPE__L2-   ": {
    "perf": 0.0,
    "point": {
      "__PIPE__L0": "",
      "__PARA__L0": 5,
      "__PARA__L1": 64,
      "__PIPE__L2": "   ",
      "__PARA__L2": 12,
      "__PARA__L3": 220
    },
    "res_util": {
      "util-URAM": 0,
      "util-BRAM": 0,
      "util-DSP": 0,
      "util-LUT": 0,
      "util-FF": 0,
      "total-URAM": 0,
      "total-BRAM": 0,
      "total-DSP": 0,
      "total-LUT": 0,
      "total-FF": 0
    },
    "valid": false
  },
  "__PARA__L0-8.__PARA__L1-64.__PARA__L2-12.__PARA__L3-220.__PIPE__L0-NA.__PIPE__L2-   ": {
    "perf": 0.0,
    "point": {
      "__PIPE__L0": "",
      "__PARA__L0": 8,
      "__PARA__L1": 64,
      "__PIPE__L2": "   ",
      "__PARA__L2": 12,
      "__PARA__L3": 220
    },
    "res_util": {
      "util-URAM": 0,
      "util-BRAM": 0,
      "util-DSP": 0,
      "util-LUT": 0,
      "util-FF": 0,
      "total-URAM": 0,
      "total-BRAM": 0,
      "total-DSP": 0,
      "total-LUT": 0,
      "total-FF": 0
    },
    "valid": false
  },
  "__PARA__L0-10.__PARA__L1-64.__PARA__L2-12.__PARA__L3-220.__PIPE__L0-NA.__PIPE__L2-   ": {
    "perf": 0.0,
    "point": {
      "__PIPE__L0": "",
      "__PARA__L0": 10,
      "__PARA__L1": 64,
      "__PIPE__L2": "   ",
      "__PARA__L2": 12,
      "__PARA__L3": 220
    },
    "res_util": {
      "util-URAM": 0,
      "util-BRAM": 0,
      "util-DSP": 0,
      "util-LUT": 0,
      "util-FF": 0,
      "total-URAM": 0,
      "total-BRAM": 0,
      "total-DSP": 0,
      "total-LUT": 0,
      "total-FF": 0
    },
    "valid": false
  },
  "__PARA__L0-16.__PARA__L1-64.__PARA__L2-12.__PARA__L3-220.__PIPE__L0-NA.__PIPE__L2-   ": {
    "perf": 0.0,
    "point": {
      "__PIPE__L0": "",
      "__PARA__L0": 16,
      "__PARA__L1": 64,
      "__PIPE__L2": "   ",
      "__PARA__L2": 12,
      "__PARA__L3": 220
    },
    "res_util": {
      "util-URAM": 0,
      "util-BRAM": 0,
      "util-DSP": 0,
      "util-LUT": 0,
      "util-FF": 0,
      "total-URAM": 0,
      "total-BRAM": 0,
      "total-DSP": 0,
      "total-LUT": 0,
      "total-FF": 0
    },
    "valid": false
  },
  "__PARA__L0-20.__PARA__L1-64.__PARA__L2-12.__PARA__L3-220.__PIPE__L0-NA.__PIPE__L2-   ": {
    "perf": 0.0,
    "point": {
      "__PIPE__L0": "",
      "__PARA__L0": 20,
      "__PARA__L1": 64,
      "__PIPE__L2": "   ",
      "__PARA__L2": 12,
      "__PARA__L3": 220
    },
    "res_util": {
      "util-URAM": 0,
      "util-BRAM": 0,
      "util-DSP": 0,
      "util-LUT": 0,
      "util-FF": 0,
      "total-URAM": 0,
      "total-BRAM": 0,
      "total-DSP": 0,
      "total-LUT": 0,
      "total-FF": 0
    },
    "valid": false
  },
  "__PARA__L0-25.__PARA__L1-64.__PARA__L2-12.__PARA__L3-220.__PIPE__L0-NA.__PIPE__L2-   ": {
    "perf": 0.0,
    "point": {
      "__PIPE__L0": "",
      "__PARA__L0": 25,
      "__PARA__L1": 64,
      "__PIPE__L2": "   ",
      "__PARA__L2": 12,
      "__PARA__L3": 220
    },
    "res_util": {
      "util-URAM": 0,
      "util-BRAM": 0,
      "util-DSP": 0,
      "util-LUT": 0,
      "util-FF": 0,
      "total-URAM": 0,
      "total-BRAM": 0,
      "total-DSP": 0,
      "total-LUT": 0,
      "total-FF": 0
    },
    "valid": false
  },
  "__PARA__L0-32.__PARA__L1-64.__PARA__L2-12.__PARA__L3-220.__PIPE__L0-NA.__PIPE__L2-   ": {
    "perf": 0.0,
    "point": {
      "__PIPE__L0": "",
      "__PARA__L0": 32,
      "__PARA__L1": 64,
      "__PIPE__L2": "   ",
      "__PARA__L2": 12,
      "__PARA__L3": 220
    },
    "res_util": {
      "util-URAM": 0,
      "util-BRAM": 0,
      "util-DSP": 0,
      "util-LUT": 0,
      "util-FF": 0,
      "total-URAM": 0,
      "total-BRAM": 0,
      "total-DSP": 0,
      "total-LUT": 0,
      "total-FF": 0
    },
    "valid": false
  },
  "__PARA__L0-40.__PARA__L1-64.__PARA__L2-12.__PARA__L3-220.__PIPE__L0-NA.__PIPE__L2-   ": {
    "perf": 0.0,
    "point": {
      "__PIPE__L0": "",
      "__PARA__L0": 40,
      "__PARA__L1": 64,
      "__PIPE__L2": "   ",
      "__PARA__L2": 12,
      "__PARA__L3": 220
    },
    "res_util": {
      "util-URAM": 0,
      "util-BRAM": 0,
      "util-DSP": 0,
      "util-LUT": 0,
      "util-FF": 0,
      "total-URAM": 0,
      "total-BRAM": 0,
      "total-DSP": 0,
      "total-LUT": 0,
      "total-FF": 0
    },
    "valid": false
  },
  "__PARA__L0-50.__PARA__L1-64.__PARA__L2-12.__PARA__L3-220.__PIPE__L0-NA.__PIPE__L2-   ": {
    "perf": 0.0,
    "point": {
      "__PIPE__L0": "",
      "__PARA__L0": 50,
      "__PARA__L1": 64,
      "__PIPE__L2": "   ",
      "__PARA__L2": 12,
      "__PARA__L3": 220
    },
    "res_util": {
      "util-URAM": 0,
      "util-BRAM": 0,
      "util-DSP": 0,
      "util-LUT": 0,
      "util-FF": 0,
      "total-URAM": 0,
      "total-BRAM": 0,
      "total-DSP": 0,
      "total-LUT": 0,
      "total-FF": 0
    },
    "valid": false
  },
  "__PARA__L0-64.__PARA__L1-64.__PARA__L2-12.__PARA__L3-220.__PIPE__L0-NA.__PIPE__L2-   ": {
    "perf": 0.0,
    "point": {
      "__PIPE__L0": "",
      "__PARA__L0": 64,
      "__PARA__L1": 64,
      "__PIPE__L2": "   ",
      "__PARA__L2": 12,
      "__PARA__L3": 220
    },
    "res_util": {
      "util-URAM": 0,
      "util-BRAM": 0,
      "util-DSP": 0,
      "util-LUT": 0,
      "util-FF": 0,
      "total-URAM": 0,
      "total-BRAM": 0,
      "total-DSP": 0,
      "total-LUT": 0,
      "total-FF": 0
    },
    "valid": false
  },
  "__PARA__L0-100.__PARA__L1-64.__PARA__L2-12.__PARA__L3-220.__PIPE__L0-NA.__PIPE__L2-   ": {
    "perf": 0.0,
    "point": {
      "__PIPE__L0": "",
      "__PARA__L0": 100,
      "__PARA__L1": 64,
      "__PIPE__L2": "   ",
      "__PARA__L2": 12,
      "__PARA__L3": 220
    },
    "res_util": {
      "util-URAM": 0,
      "util-BRAM": 0,
      "util-DSP": 0,
      "util-LUT": 0,
      "util-FF": 0,
      "total-URAM": 0,
      "total-BRAM": 0,
      "total-DSP": 0,
      "total-LUT": 0,
      "total-FF": 0
    },
    "valid": false
  },
  "__PARA__L0-128.__PARA__L1-64.__PARA__L2-12.__PARA__L3-220.__PIPE__L0-NA.__PIPE__L2-   ": {
    "perf": 0.0,
    "point": {
      "__PIPE__L0": "",
      "__PARA__L0": 128,
      "__PARA__L1": 64,
      "__PIPE__L2": "   ",
      "__PARA__L2": 12,
      "__PARA__L3": 220
    },
    "res_util": {
      "util-URAM": 0,
      "util-BRAM": 0,
      "util-DSP": 0,
      "util-LUT": 0,
      "util-FF": 0,
      "total-URAM": 0,
      "total-BRAM": 0,
      "total-DSP": 0,
      "total-LUT": 0,
      "total-FF": 0
    },
    "valid": false
  },
  "__PARA__L0-200.__PARA__L1-64.__PARA__L2-12.__PARA__L3-220.__PIPE__L0-NA.__PIPE__L2-   ": {
    "perf": 0.0,
    "point": {
      "__PIPE__L0": "",
      "__PARA__L0": 200,
      "__PARA__L1": 64,
      "__PIPE__L2": "   ",
      "__PARA__L2": 12,
      "__PARA__L3": 220
    },
    "res_util": {
      "util-URAM": 0,
      "util-BRAM": 0,
      "util-DSP": 0,
      "util-LUT": 0,
      "util-FF": 0,
      "total-URAM": 0,
      "total-BRAM": 0,
      "total-DSP": 0,
      "total-LUT": 0,
      "total-FF": 0
    },
    "valid": false
  },
  "__PARA__L0-1.__PARA__L1-64.__PARA__L2-12.__PARA__L3-220.__PIPE__L0-off.__PIPE__L2-   ": {
    "perf": 0.0,
    "point": {
      "__PIPE__L0": "off",
      "__PARA__L0": 1,
      "__PARA__L1": 64,
      "__PIPE__L2": "   ",
      "__PARA__L2": 12,
      "__PARA__L3": 220
    },
    "res_util": {
      "util-URAM": 0,
      "util-BRAM": 0,
      "util-DSP": 0,
      "util-LUT": 0,
      "util-FF": 0,
      "total-URAM": 0,
      "total-BRAM": 0,
      "total-DSP": 0,
      "total-LUT": 0,
      "total-FF": 0
    },
    "valid": false
  },
  "__PARA__L0-1.__PARA__L1-64.__PARA__L2-12.__PARA__L3-220.__PIPE__L0-   .__PIPE__L2-   ": {
    "perf": 0.0,
    "point": {
      "__PIPE__L0": "   ",
      "__PARA__L0": 1,
      "__PARA__L1": 64,
      "__PIPE__L2": "   ",
      "__PARA__L2": 12,
      "__PARA__L3": 220
    },
    "res_util": {
      "util-URAM": 0,
      "util-BRAM": 0,
      "util-DSP": 0,
      "util-LUT": 0,
      "util-FF": 0,
      "total-URAM": 0,
      "total-BRAM": 0,
      "total-DSP": 0,
      "total-LUT": 0,
      "total-FF": 0
    },
    "valid": false
  },
  "__PARA__L0-1.__PARA__L1-55.__PARA__L2-12.__PARA__L3-220.__PIPE__L0-NA.__PIPE__L2-off": {
    "perf": 134218.0,
    "point": {
      "__PIPE__L0": "",
      "__PARA__L0": 1,
      "__PARA__L1": 55,
      "__PIPE__L2": "off",
      "__PARA__L2": 12,
      "__PARA__L3": 220
    },
    "res_util": {
      "util-URAM": 0.0,
      "util-BRAM": 0.19506172839506172,
      "util-DSP": 0.946588693957115,
      "util-LUT": 0.7600092479812334,
      "util-FF": 0.6667991834709253,
      "total-URAM": 0,
      "total-BRAM": 632,
      "total-DSP": 4856,
      "total-LUT": 673885,
      "total-FF": 1182475
    },
    "valid": true
  },
  "__PARA__L0-1.__PARA__L1-55.__PARA__L2-12.__PARA__L3-220.__PIPE__L0-NA.__PIPE__L2-   ": {
    "perf": 134218.0,
    "point": {
      "__PIPE__L0": "",
      "__PARA__L0": 1,
      "__PARA__L1": 55,
      "__PIPE__L2": "   ",
      "__PARA__L2": 12,
      "__PARA__L3": 220
    },
    "res_util": {
      "util-URAM": 0.0,
      "util-BRAM": 0.19506172839506172,
      "util-DSP": 0.946588693957115,
      "util-LUT": 0.7600092479812334,
      "util-FF": 0.6667991834709253,
      "total-URAM": 0,
      "total-BRAM": 632,
      "total-DSP": 4856,
      "total-LUT": 673885,
      "total-FF": 1182475
    },
    "valid": true
  },
  "__PARA__L0-2.__PARA__L1-55.__PARA__L2-12.__PARA__L3-220.__PIPE__L0-NA.__PIPE__L2-off": {
    "perf": 0.0,
    "point": {
      "__PIPE__L0": "",
      "__PARA__L0": 2,
      "__PARA__L1": 55,
      "__PIPE__L2": "off",
      "__PARA__L2": 12,
      "__PARA__L3": 220
    },
    "res_util": {
      "util-URAM": 0,
      "util-BRAM": 0,
      "util-DSP": 0,
      "util-LUT": 0,
      "util-FF": 0,
      "total-URAM": 0,
      "total-BRAM": 0,
      "total-DSP": 0,
      "total-LUT": 0,
      "total-FF": 0
    },
    "valid": false
  },
  "__PARA__L0-4.__PARA__L1-55.__PARA__L2-12.__PARA__L3-220.__PIPE__L0-NA.__PIPE__L2-off": {
    "perf": 0.0,
    "point": {
      "__PIPE__L0": "",
      "__PARA__L0": 4,
      "__PARA__L1": 55,
      "__PIPE__L2": "off",
      "__PARA__L2": 12,
      "__PARA__L3": 220
    },
    "res_util": {
      "util-URAM": 0,
      "util-BRAM": 0,
      "util-DSP": 0,
      "util-LUT": 0,
      "util-FF": 0,
      "total-URAM": 0,
      "total-BRAM": 0,
      "total-DSP": 0,
      "total-LUT": 0,
      "total-FF": 0
    },
    "valid": false
  },
  "__PARA__L0-5.__PARA__L1-55.__PARA__L2-12.__PARA__L3-220.__PIPE__L0-NA.__PIPE__L2-off": {
    "perf": 0.0,
    "point": {
      "__PIPE__L0": "",
      "__PARA__L0": 5,
      "__PARA__L1": 55,
      "__PIPE__L2": "off",
      "__PARA__L2": 12,
      "__PARA__L3": 220
    },
    "res_util": {
      "util-URAM": 0,
      "util-BRAM": 0,
      "util-DSP": 0,
      "util-LUT": 0,
      "util-FF": 0,
      "total-URAM": 0,
      "total-BRAM": 0,
      "total-DSP": 0,
      "total-LUT": 0,
      "total-FF": 0
    },
    "valid": false
  },
  "__PARA__L0-8.__PARA__L1-55.__PARA__L2-12.__PARA__L3-220.__PIPE__L0-NA.__PIPE__L2-off": {
    "perf": 0.0,
    "point": {
      "__PIPE__L0": "",
      "__PARA__L0": 8,
      "__PARA__L1": 55,
      "__PIPE__L2": "off",
      "__PARA__L2": 12,
      "__PARA__L3": 220
    },
    "res_util": {
      "util-URAM": 0,
      "util-BRAM": 0,
      "util-DSP": 0,
      "util-LUT": 0,
      "util-FF": 0,
      "total-URAM": 0,
      "total-BRAM": 0,
      "total-DSP": 0,
      "total-LUT": 0,
      "total-FF": 0
    },
    "valid": false
  },
  "__PARA__L0-10.__PARA__L1-55.__PARA__L2-12.__PARA__L3-220.__PIPE__L0-NA.__PIPE__L2-off": {
    "perf": 0.0,
    "point": {
      "__PIPE__L0": "",
      "__PARA__L0": 10,
      "__PARA__L1": 55,
      "__PIPE__L2": "off",
      "__PARA__L2": 12,
      "__PARA__L3": 220
    },
    "res_util": {
      "util-URAM": 0,
      "util-BRAM": 0,
      "util-DSP": 0,
      "util-LUT": 0,
      "util-FF": 0,
      "total-URAM": 0,
      "total-BRAM": 0,
      "total-DSP": 0,
      "total-LUT": 0,
      "total-FF": 0
    },
    "valid": false
  },
  "__PARA__L0-16.__PARA__L1-55.__PARA__L2-12.__PARA__L3-220.__PIPE__L0-NA.__PIPE__L2-off": {
    "perf": 0.0,
    "point": {
      "__PIPE__L0": "",
      "__PARA__L0": 16,
      "__PARA__L1": 55,
      "__PIPE__L2": "off",
      "__PARA__L2": 12,
      "__PARA__L3": 220
    },
    "res_util": {
      "util-URAM": 0,
      "util-BRAM": 0,
      "util-DSP": 0,
      "util-LUT": 0,
      "util-FF": 0,
      "total-URAM": 0,
      "total-BRAM": 0,
      "total-DSP": 0,
      "total-LUT": 0,
      "total-FF": 0
    },
    "valid": false
  },
  "__PARA__L0-20.__PARA__L1-55.__PARA__L2-12.__PARA__L3-220.__PIPE__L0-NA.__PIPE__L2-off": {
    "perf": 0.0,
    "point": {
      "__PIPE__L0": "",
      "__PARA__L0": 20,
      "__PARA__L1": 55,
      "__PIPE__L2": "off",
      "__PARA__L2": 12,
      "__PARA__L3": 220
    },
    "res_util": {
      "util-URAM": 0,
      "util-BRAM": 0,
      "util-DSP": 0,
      "util-LUT": 0,
      "util-FF": 0,
      "total-URAM": 0,
      "total-BRAM": 0,
      "total-DSP": 0,
      "total-LUT": 0,
      "total-FF": 0
    },
    "valid": false
  },
  "__PARA__L0-25.__PARA__L1-55.__PARA__L2-12.__PARA__L3-220.__PIPE__L0-NA.__PIPE__L2-off": {
    "perf": 0.0,
    "point": {
      "__PIPE__L0": "",
      "__PARA__L0": 25,
      "__PARA__L1": 55,
      "__PIPE__L2": "off",
      "__PARA__L2": 12,
      "__PARA__L3": 220
    },
    "res_util": {
      "util-URAM": 0,
      "util-BRAM": 0,
      "util-DSP": 0,
      "util-LUT": 0,
      "util-FF": 0,
      "total-URAM": 0,
      "total-BRAM": 0,
      "total-DSP": 0,
      "total-LUT": 0,
      "total-FF": 0
    },
    "valid": false
  },
  "__PARA__L0-32.__PARA__L1-55.__PARA__L2-12.__PARA__L3-220.__PIPE__L0-NA.__PIPE__L2-off": {
    "perf": 0.0,
    "point": {
      "__PIPE__L0": "",
      "__PARA__L0": 32,
      "__PARA__L1": 55,
      "__PIPE__L2": "off",
      "__PARA__L2": 12,
      "__PARA__L3": 220
    },
    "res_util": {
      "util-URAM": 0,
      "util-BRAM": 0,
      "util-DSP": 0,
      "util-LUT": 0,
      "util-FF": 0,
      "total-URAM": 0,
      "total-BRAM": 0,
      "total-DSP": 0,
      "total-LUT": 0,
      "total-FF": 0
    },
    "valid": false
  },
  "__PARA__L0-40.__PARA__L1-55.__PARA__L2-12.__PARA__L3-220.__PIPE__L0-NA.__PIPE__L2-off": {
    "perf": 0.0,
    "point": {
      "__PIPE__L0": "",
      "__PARA__L0": 40,
      "__PARA__L1": 55,
      "__PIPE__L2": "off",
      "__PARA__L2": 12,
      "__PARA__L3": 220
    },
    "res_util": {
      "util-URAM": 0,
      "util-BRAM": 0,
      "util-DSP": 0,
      "util-LUT": 0,
      "util-FF": 0,
      "total-URAM": 0,
      "total-BRAM": 0,
      "total-DSP": 0,
      "total-LUT": 0,
      "total-FF": 0
    },
    "valid": false
  },
  "__PARA__L0-50.__PARA__L1-55.__PARA__L2-12.__PARA__L3-220.__PIPE__L0-NA.__PIPE__L2-off": {
    "perf": 0.0,
    "point": {
      "__PIPE__L0": "",
      "__PARA__L0": 50,
      "__PARA__L1": 55,
      "__PIPE__L2": "off",
      "__PARA__L2": 12,
      "__PARA__L3": 220
    },
    "res_util": {
      "util-URAM": 0,
      "util-BRAM": 0,
      "util-DSP": 0,
      "util-LUT": 0,
      "util-FF": 0,
      "total-URAM": 0,
      "total-BRAM": 0,
      "total-DSP": 0,
      "total-LUT": 0,
      "total-FF": 0
    },
    "valid": false
  },
  "__PARA__L0-64.__PARA__L1-55.__PARA__L2-12.__PARA__L3-220.__PIPE__L0-NA.__PIPE__L2-off": {
    "perf": 0.0,
    "point": {
      "__PIPE__L0": "",
      "__PARA__L0": 64,
      "__PARA__L1": 55,
      "__PIPE__L2": "off",
      "__PARA__L2": 12,
      "__PARA__L3": 220
    },
    "res_util": {
      "util-URAM": 0,
      "util-BRAM": 0,
      "util-DSP": 0,
      "util-LUT": 0,
      "util-FF": 0,
      "total-URAM": 0,
      "total-BRAM": 0,
      "total-DSP": 0,
      "total-LUT": 0,
      "total-FF": 0
    },
    "valid": false
  },
  "__PARA__L0-100.__PARA__L1-55.__PARA__L2-12.__PARA__L3-220.__PIPE__L0-NA.__PIPE__L2-off": {
    "perf": 0.0,
    "point": {
      "__PIPE__L0": "",
      "__PARA__L0": 100,
      "__PARA__L1": 55,
      "__PIPE__L2": "off",
      "__PARA__L2": 12,
      "__PARA__L3": 220
    },
    "res_util": {
      "util-URAM": 0,
      "util-BRAM": 0,
      "util-DSP": 0,
      "util-LUT": 0,
      "util-FF": 0,
      "total-URAM": 0,
      "total-BRAM": 0,
      "total-DSP": 0,
      "total-LUT": 0,
      "total-FF": 0
    },
    "valid": false
  },
  "__PARA__L0-128.__PARA__L1-55.__PARA__L2-12.__PARA__L3-220.__PIPE__L0-NA.__PIPE__L2-off": {
    "perf": 0.0,
    "point": {
      "__PIPE__L0": "",
      "__PARA__L0": 128,
      "__PARA__L1": 55,
      "__PIPE__L2": "off",
      "__PARA__L2": 12,
      "__PARA__L3": 220
    },
    "res_util": {
      "util-URAM": 0,
      "util-BRAM": 0,
      "util-DSP": 0,
      "util-LUT": 0,
      "util-FF": 0,
      "total-URAM": 0,
      "total-BRAM": 0,
      "total-DSP": 0,
      "total-LUT": 0,
      "total-FF": 0
    },
    "valid": false
  },
  "__PARA__L0-200.__PARA__L1-55.__PARA__L2-12.__PARA__L3-220.__PIPE__L0-NA.__PIPE__L2-off": {
    "perf": 0.0,
    "point": {
      "__PIPE__L0": "",
      "__PARA__L0": 200,
      "__PARA__L1": 55,
      "__PIPE__L2": "off",
      "__PARA__L2": 12,
      "__PARA__L3": 220
    },
    "res_util": {
      "util-URAM": 0,
      "util-BRAM": 0,
      "util-DSP": 0,
      "util-LUT": 0,
      "util-FF": 0,
      "total-URAM": 0,
      "total-BRAM": 0,
      "total-DSP": 0,
      "total-LUT": 0,
      "total-FF": 0
    },
    "valid": false
  },
  "__PARA__L0-1.__PARA__L1-55.__PARA__L2-12.__PARA__L3-220.__PIPE__L0-off.__PIPE__L2-off": {
    "perf": 0.0,
    "point": {
      "__PIPE__L0": "off",
      "__PARA__L0": 1,
      "__PARA__L1": 55,
      "__PIPE__L2": "off",
      "__PARA__L2": 12,
      "__PARA__L3": 220
    },
    "res_util": {
      "util-URAM": 0,
      "util-BRAM": 0,
      "util-DSP": 0,
      "util-LUT": 0,
      "util-FF": 0,
      "total-URAM": 0,
      "total-BRAM": 0,
      "total-DSP": 0,
      "total-LUT": 0,
      "total-FF": 0
    },
    "valid": false
  },
  "__PARA__L0-1.__PARA__L1-55.__PARA__L2-12.__PARA__L3-220.__PIPE__L0-   .__PIPE__L2-off": {
    "perf": 0.0,
    "point": {
      "__PIPE__L0": "   ",
      "__PARA__L0": 1,
      "__PARA__L1": 55,
      "__PIPE__L2": "off",
      "__PARA__L2": 12,
      "__PARA__L3": 220
    },
    "res_util": {
      "util-URAM": 0,
      "util-BRAM": 0,
      "util-DSP": 0,
      "util-LUT": 0,
      "util-FF": 0,
      "total-URAM": 0,
      "total-BRAM": 0,
      "total-DSP": 0,
      "total-LUT": 0,
      "total-FF": 0
    },
    "valid": false
  },
  "__PARA__L0-2.__PARA__L1-55.__PARA__L2-12.__PARA__L3-220.__PIPE__L0-NA.__PIPE__L2-   ": {
    "perf": 0.0,
    "point": {
      "__PIPE__L0": "",
      "__PARA__L0": 2,
      "__PARA__L1": 55,
      "__PIPE__L2": "   ",
      "__PARA__L2": 12,
      "__PARA__L3": 220
    },
    "res_util": {
      "util-URAM": 0,
      "util-BRAM": 0,
      "util-DSP": 0,
      "util-LUT": 0,
      "util-FF": 0,
      "total-URAM": 0,
      "total-BRAM": 0,
      "total-DSP": 0,
      "total-LUT": 0,
      "total-FF": 0
    },
    "valid": false
  },
  "__PARA__L0-4.__PARA__L1-55.__PARA__L2-12.__PARA__L3-220.__PIPE__L0-NA.__PIPE__L2-   ": {
    "perf": 0.0,
    "point": {
      "__PIPE__L0": "",
      "__PARA__L0": 4,
      "__PARA__L1": 55,
      "__PIPE__L2": "   ",
      "__PARA__L2": 12,
      "__PARA__L3": 220
    },
    "res_util": {
      "util-URAM": 0,
      "util-BRAM": 0,
      "util-DSP": 0,
      "util-LUT": 0,
      "util-FF": 0,
      "total-URAM": 0,
      "total-BRAM": 0,
      "total-DSP": 0,
      "total-LUT": 0,
      "total-FF": 0
    },
    "valid": false
  },
  "__PARA__L0-5.__PARA__L1-55.__PARA__L2-12.__PARA__L3-220.__PIPE__L0-NA.__PIPE__L2-   ": {
    "perf": 0.0,
    "point": {
      "__PIPE__L0": "",
      "__PARA__L0": 5,
      "__PARA__L1": 55,
      "__PIPE__L2": "   ",
      "__PARA__L2": 12,
      "__PARA__L3": 220
    },
    "res_util": {
      "util-URAM": 0,
      "util-BRAM": 0,
      "util-DSP": 0,
      "util-LUT": 0,
      "util-FF": 0,
      "total-URAM": 0,
      "total-BRAM": 0,
      "total-DSP": 0,
      "total-LUT": 0,
      "total-FF": 0
    },
    "valid": false
  },
  "__PARA__L0-8.__PARA__L1-55.__PARA__L2-12.__PARA__L3-220.__PIPE__L0-NA.__PIPE__L2-   ": {
    "perf": 0.0,
    "point": {
      "__PIPE__L0": "",
      "__PARA__L0": 8,
      "__PARA__L1": 55,
      "__PIPE__L2": "   ",
      "__PARA__L2": 12,
      "__PARA__L3": 220
    },
    "res_util": {
      "util-URAM": 0,
      "util-BRAM": 0,
      "util-DSP": 0,
      "util-LUT": 0,
      "util-FF": 0,
      "total-URAM": 0,
      "total-BRAM": 0,
      "total-DSP": 0,
      "total-LUT": 0,
      "total-FF": 0
    },
    "valid": false
  },
  "__PARA__L0-10.__PARA__L1-55.__PARA__L2-12.__PARA__L3-220.__PIPE__L0-NA.__PIPE__L2-   ": {
    "perf": 0.0,
    "point": {
      "__PIPE__L0": "",
      "__PARA__L0": 10,
      "__PARA__L1": 55,
      "__PIPE__L2": "   ",
      "__PARA__L2": 12,
      "__PARA__L3": 220
    },
    "res_util": {
      "util-URAM": 0,
      "util-BRAM": 0,
      "util-DSP": 0,
      "util-LUT": 0,
      "util-FF": 0,
      "total-URAM": 0,
      "total-BRAM": 0,
      "total-DSP": 0,
      "total-LUT": 0,
      "total-FF": 0
    },
    "valid": false
  },
  "__PARA__L0-16.__PARA__L1-55.__PARA__L2-12.__PARA__L3-220.__PIPE__L0-NA.__PIPE__L2-   ": {
    "perf": 0.0,
    "point": {
      "__PIPE__L0": "",
      "__PARA__L0": 16,
      "__PARA__L1": 55,
      "__PIPE__L2": "   ",
      "__PARA__L2": 12,
      "__PARA__L3": 220
    },
    "res_util": {
      "util-URAM": 0,
      "util-BRAM": 0,
      "util-DSP": 0,
      "util-LUT": 0,
      "util-FF": 0,
      "total-URAM": 0,
      "total-BRAM": 0,
      "total-DSP": 0,
      "total-LUT": 0,
      "total-FF": 0
    },
    "valid": false
  },
  "__PARA__L0-20.__PARA__L1-55.__PARA__L2-12.__PARA__L3-220.__PIPE__L0-NA.__PIPE__L2-   ": {
    "perf": 0.0,
    "point": {
      "__PIPE__L0": "",
      "__PARA__L0": 20,
      "__PARA__L1": 55,
      "__PIPE__L2": "   ",
      "__PARA__L2": 12,
      "__PARA__L3": 220
    },
    "res_util": {
      "util-URAM": 0,
      "util-BRAM": 0,
      "util-DSP": 0,
      "util-LUT": 0,
      "util-FF": 0,
      "total-URAM": 0,
      "total-BRAM": 0,
      "total-DSP": 0,
      "total-LUT": 0,
      "total-FF": 0
    },
    "valid": false
  },
  "__PARA__L0-25.__PARA__L1-55.__PARA__L2-12.__PARA__L3-220.__PIPE__L0-NA.__PIPE__L2-   ": {
    "perf": 0.0,
    "point": {
      "__PIPE__L0": "",
      "__PARA__L0": 25,
      "__PARA__L1": 55,
      "__PIPE__L2": "   ",
      "__PARA__L2": 12,
      "__PARA__L3": 220
    },
    "res_util": {
      "util-URAM": 0,
      "util-BRAM": 0,
      "util-DSP": 0,
      "util-LUT": 0,
      "util-FF": 0,
      "total-URAM": 0,
      "total-BRAM": 0,
      "total-DSP": 0,
      "total-LUT": 0,
      "total-FF": 0
    },
    "valid": false
  },
  "__PARA__L0-32.__PARA__L1-55.__PARA__L2-12.__PARA__L3-220.__PIPE__L0-NA.__PIPE__L2-   ": {
    "perf": 0.0,
    "point": {
      "__PIPE__L0": "",
      "__PARA__L0": 32,
      "__PARA__L1": 55,
      "__PIPE__L2": "   ",
      "__PARA__L2": 12,
      "__PARA__L3": 220
    },
    "res_util": {
      "util-URAM": 0,
      "util-BRAM": 0,
      "util-DSP": 0,
      "util-LUT": 0,
      "util-FF": 0,
      "total-URAM": 0,
      "total-BRAM": 0,
      "total-DSP": 0,
      "total-LUT": 0,
      "total-FF": 0
    },
    "valid": false
  },
  "__PARA__L0-40.__PARA__L1-55.__PARA__L2-12.__PARA__L3-220.__PIPE__L0-NA.__PIPE__L2-   ": {
    "perf": 0.0,
    "point": {
      "__PIPE__L0": "",
      "__PARA__L0": 40,
      "__PARA__L1": 55,
      "__PIPE__L2": "   ",
      "__PARA__L2": 12,
      "__PARA__L3": 220
    },
    "res_util": {
      "util-URAM": 0,
      "util-BRAM": 0,
      "util-DSP": 0,
      "util-LUT": 0,
      "util-FF": 0,
      "total-URAM": 0,
      "total-BRAM": 0,
      "total-DSP": 0,
      "total-LUT": 0,
      "total-FF": 0
    },
    "valid": false
  },
  "__PARA__L0-50.__PARA__L1-55.__PARA__L2-12.__PARA__L3-220.__PIPE__L0-NA.__PIPE__L2-   ": {
    "perf": 0.0,
    "point": {
      "__PIPE__L0": "",
      "__PARA__L0": 50,
      "__PARA__L1": 55,
      "__PIPE__L2": "   ",
      "__PARA__L2": 12,
      "__PARA__L3": 220
    },
    "res_util": {
      "util-URAM": 0,
      "util-BRAM": 0,
      "util-DSP": 0,
      "util-LUT": 0,
      "util-FF": 0,
      "total-URAM": 0,
      "total-BRAM": 0,
      "total-DSP": 0,
      "total-LUT": 0,
      "total-FF": 0
    },
    "valid": false
  },
  "__PARA__L0-64.__PARA__L1-55.__PARA__L2-12.__PARA__L3-220.__PIPE__L0-NA.__PIPE__L2-   ": {
    "perf": 0.0,
    "point": {
      "__PIPE__L0": "",
      "__PARA__L0": 64,
      "__PARA__L1": 55,
      "__PIPE__L2": "   ",
      "__PARA__L2": 12,
      "__PARA__L3": 220
    },
    "res_util": {
      "util-URAM": 0,
      "util-BRAM": 0,
      "util-DSP": 0,
      "util-LUT": 0,
      "util-FF": 0,
      "total-URAM": 0,
      "total-BRAM": 0,
      "total-DSP": 0,
      "total-LUT": 0,
      "total-FF": 0
    },
    "valid": false
  },
  "__PARA__L0-100.__PARA__L1-55.__PARA__L2-12.__PARA__L3-220.__PIPE__L0-NA.__PIPE__L2-   ": {
    "perf": 0.0,
    "point": {
      "__PIPE__L0": "",
      "__PARA__L0": 100,
      "__PARA__L1": 55,
      "__PIPE__L2": "   ",
      "__PARA__L2": 12,
      "__PARA__L3": 220
    },
    "res_util": {
      "util-URAM": 0,
      "util-BRAM": 0,
      "util-DSP": 0,
      "util-LUT": 0,
      "util-FF": 0,
      "total-URAM": 0,
      "total-BRAM": 0,
      "total-DSP": 0,
      "total-LUT": 0,
      "total-FF": 0
    },
    "valid": false
  },
  "__PARA__L0-128.__PARA__L1-55.__PARA__L2-12.__PARA__L3-220.__PIPE__L0-NA.__PIPE__L2-   ": {
    "perf": 0.0,
    "point": {
      "__PIPE__L0": "",
      "__PARA__L0": 128,
      "__PARA__L1": 55,
      "__PIPE__L2": "   ",
      "__PARA__L2": 12,
      "__PARA__L3": 220
    },
    "res_util": {
      "util-URAM": 0,
      "util-BRAM": 0,
      "util-DSP": 0,
      "util-LUT": 0,
      "util-FF": 0,
      "total-URAM": 0,
      "total-BRAM": 0,
      "total-DSP": 0,
      "total-LUT": 0,
      "total-FF": 0
    },
    "valid": false
  },
  "__PARA__L0-200.__PARA__L1-55.__PARA__L2-12.__PARA__L3-220.__PIPE__L0-NA.__PIPE__L2-   ": {
    "perf": 0.0,
    "point": {
      "__PIPE__L0": "",
      "__PARA__L0": 200,
      "__PARA__L1": 55,
      "__PIPE__L2": "   ",
      "__PARA__L2": 12,
      "__PARA__L3": 220
    },
    "res_util": {
      "util-URAM": 0,
      "util-BRAM": 0,
      "util-DSP": 0,
      "util-LUT": 0,
      "util-FF": 0,
      "total-URAM": 0,
      "total-BRAM": 0,
      "total-DSP": 0,
      "total-LUT": 0,
      "total-FF": 0
    },
    "valid": false
  },
  "__PARA__L0-1.__PARA__L1-55.__PARA__L2-12.__PARA__L3-220.__PIPE__L0-off.__PIPE__L2-   ": {
    "perf": 0.0,
    "point": {
      "__PIPE__L0": "off",
      "__PARA__L0": 1,
      "__PARA__L1": 55,
      "__PIPE__L2": "   ",
      "__PARA__L2": 12,
      "__PARA__L3": 220
    },
    "res_util": {
      "util-URAM": 0,
      "util-BRAM": 0,
      "util-DSP": 0,
      "util-LUT": 0,
      "util-FF": 0,
      "total-URAM": 0,
      "total-BRAM": 0,
      "total-DSP": 0,
      "total-LUT": 0,
      "total-FF": 0
    },
    "valid": false
  },
  "__PARA__L0-1.__PARA__L1-55.__PARA__L2-12.__PARA__L3-220.__PIPE__L0-   .__PIPE__L2-   ": {
    "perf": 0.0,
    "point": {
      "__PIPE__L0": "   ",
      "__PARA__L0": 1,
      "__PARA__L1": 55,
      "__PIPE__L2": "   ",
      "__PARA__L2": 12,
      "__PARA__L3": 220
    },
    "res_util": {
      "util-URAM": 0,
      "util-BRAM": 0,
      "util-DSP": 0,
      "util-LUT": 0,
      "util-FF": 0,
      "total-URAM": 0,
      "total-BRAM": 0,
      "total-DSP": 0,
      "total-LUT": 0,
      "total-FF": 0
    },
    "valid": false
  },
  "__PARA__L0-1.__PARA__L1-44.__PARA__L2-12.__PARA__L3-220.__PIPE__L0-NA.__PIPE__L2-off": {
    "perf": 0.0,
    "point": {
      "__PIPE__L0": "",
      "__PARA__L0": 1,
      "__PARA__L1": 44,
      "__PIPE__L2": "off",
      "__PARA__L2": 12,
      "__PARA__L3": 220
    },
    "res_util": {
      "util-URAM": 0,
      "util-BRAM": 0,
      "util-DSP": 0,
      "util-LUT": 0,
      "util-FF": 0,
      "total-URAM": 0,
      "total-BRAM": 0,
      "total-DSP": 0,
      "total-LUT": 0,
      "total-FF": 0
    },
    "valid": false
  },
  "__PARA__L0-1.__PARA__L1-44.__PARA__L2-12.__PARA__L3-220.__PIPE__L0-NA.__PIPE__L2-   ": {
    "perf": 0.0,
    "point": {
      "__PIPE__L0": "",
      "__PARA__L0": 1,
      "__PARA__L1": 44,
      "__PIPE__L2": "   ",
      "__PARA__L2": 12,
      "__PARA__L3": 220
    },
    "res_util": {
      "util-URAM": 0,
      "util-BRAM": 0,
      "util-DSP": 0,
      "util-LUT": 0,
      "util-FF": 0,
      "total-URAM": 0,
      "total-BRAM": 0,
      "total-DSP": 0,
      "total-LUT": 0,
      "total-FF": 0
    },
    "valid": false
  },
  "__PARA__L0-1.__PARA__L1-110.__PARA__L2-12.__PARA__L3-220.__PIPE__L0-NA.__PIPE__L2-off": {
    "perf": 0.0,
    "point": {
      "__PIPE__L0": "",
      "__PARA__L0": 1,
      "__PARA__L1": 110,
      "__PIPE__L2": "off",
      "__PARA__L2": 12,
      "__PARA__L3": 220
    },
    "res_util": {
      "util-URAM": 0,
      "util-BRAM": 0,
      "util-DSP": 0,
      "util-LUT": 0,
      "util-FF": 0,
      "total-URAM": 0,
      "total-BRAM": 0,
      "total-DSP": 0,
      "total-LUT": 0,
      "total-FF": 0
    },
    "valid": false
  },
  "__PARA__L0-1.__PARA__L1-110.__PARA__L2-12.__PARA__L3-220.__PIPE__L0-NA.__PIPE__L2-   ": {
    "perf": 0.0,
    "point": {
      "__PIPE__L0": "",
      "__PARA__L0": 1,
      "__PARA__L1": 110,
      "__PIPE__L2": "   ",
      "__PARA__L2": 12,
      "__PARA__L3": 220
    },
    "res_util": {
      "util-URAM": 0,
      "util-BRAM": 0,
      "util-DSP": 0,
      "util-LUT": 0,
      "util-FF": 0,
      "total-URAM": 0,
      "total-BRAM": 0,
      "total-DSP": 0,
      "total-LUT": 0,
      "total-FF": 0
    },
    "valid": false
  },
  "__PARA__L0-1.__PARA__L1-32.__PARA__L2-12.__PARA__L3-220.__PIPE__L0-NA.__PIPE__L2-off": {
    "perf": 0.0,
    "point": {
      "__PIPE__L0": "",
      "__PARA__L0": 1,
      "__PARA__L1": 32,
      "__PIPE__L2": "off",
      "__PARA__L2": 12,
      "__PARA__L3": 220
    },
    "res_util": {
      "util-URAM": 0,
      "util-BRAM": 0,
      "util-DSP": 0,
      "util-LUT": 0,
      "util-FF": 0,
      "total-URAM": 0,
      "total-BRAM": 0,
      "total-DSP": 0,
      "total-LUT": 0,
      "total-FF": 0
    },
    "valid": false
  },
  "__PARA__L0-1.__PARA__L1-32.__PARA__L2-12.__PARA__L3-220.__PIPE__L0-NA.__PIPE__L2-   ": {
    "perf": 0.0,
    "point": {
      "__PIPE__L0": "",
      "__PARA__L0": 1,
      "__PARA__L1": 32,
      "__PIPE__L2": "   ",
      "__PARA__L2": 12,
      "__PARA__L3": 220
    },
    "res_util": {
      "util-URAM": 0,
      "util-BRAM": 0,
      "util-DSP": 0,
      "util-LUT": 0,
      "util-FF": 0,
      "total-URAM": 0,
      "total-BRAM": 0,
      "total-DSP": 0,
      "total-LUT": 0,
      "total-FF": 0
    },
    "valid": false
  },
  "__PARA__L0-1.__PARA__L1-128.__PARA__L2-12.__PARA__L3-220.__PIPE__L0-NA.__PIPE__L2-off": {
    "perf": 0.0,
    "point": {
      "__PIPE__L0": "",
      "__PARA__L0": 1,
      "__PARA__L1": 128,
      "__PIPE__L2": "off",
      "__PARA__L2": 12,
      "__PARA__L3": 220
    },
    "res_util": {
      "util-URAM": 0,
      "util-BRAM": 0,
      "util-DSP": 0,
      "util-LUT": 0,
      "util-FF": 0,
      "total-URAM": 0,
      "total-BRAM": 0,
      "total-DSP": 0,
      "total-LUT": 0,
      "total-FF": 0
    },
    "valid": false
  },
  "__PARA__L0-1.__PARA__L1-128.__PARA__L2-12.__PARA__L3-220.__PIPE__L0-NA.__PIPE__L2-   ": {
    "perf": 0.0,
    "point": {
      "__PIPE__L0": "",
      "__PARA__L0": 1,
      "__PARA__L1": 128,
      "__PIPE__L2": "   ",
      "__PARA__L2": 12,
      "__PARA__L3": 220
    },
    "res_util": {
      "util-URAM": 0,
      "util-BRAM": 0,
      "util-DSP": 0,
      "util-LUT": 0,
      "util-FF": 0,
      "total-URAM": 0,
      "total-BRAM": 0,
      "total-DSP": 0,
      "total-LUT": 0,
      "total-FF": 0
    },
    "valid": false
  },
  "__PARA__L0-1.__PARA__L1-22.__PARA__L2-12.__PARA__L3-220.__PIPE__L0-NA.__PIPE__L2-off": {
    "perf": 0.0,
    "point": {
      "__PIPE__L0": "",
      "__PARA__L0": 1,
      "__PARA__L1": 22,
      "__PIPE__L2": "off",
      "__PARA__L2": 12,
      "__PARA__L3": 220
    },
    "res_util": {
      "util-URAM": 0,
      "util-BRAM": 0,
      "util-DSP": 0,
      "util-LUT": 0,
      "util-FF": 0,
      "total-URAM": 0,
      "total-BRAM": 0,
      "total-DSP": 0,
      "total-LUT": 0,
      "total-FF": 0
    },
    "valid": false
  },
  "__PARA__L0-1.__PARA__L1-22.__PARA__L2-12.__PARA__L3-220.__PIPE__L0-NA.__PIPE__L2-   ": {
    "perf": 0.0,
    "point": {
      "__PIPE__L0": "",
      "__PARA__L0": 1,
      "__PARA__L1": 22,
      "__PIPE__L2": "   ",
      "__PARA__L2": 12,
      "__PARA__L3": 220
    },
    "res_util": {
      "util-URAM": 0,
      "util-BRAM": 0,
      "util-DSP": 0,
      "util-LUT": 0,
      "util-FF": 0,
      "total-URAM": 0,
      "total-BRAM": 0,
      "total-DSP": 0,
      "total-LUT": 0,
      "total-FF": 0
    },
    "valid": false
  },
  "__PARA__L0-1.__PARA__L1-20.__PARA__L2-12.__PARA__L3-220.__PIPE__L0-NA.__PIPE__L2-off": {
    "perf": 0.0,
    "point": {
      "__PIPE__L0": "",
      "__PARA__L0": 1,
      "__PARA__L1": 20,
      "__PIPE__L2": "off",
      "__PARA__L2": 12,
      "__PARA__L3": 220
    },
    "res_util": {
      "util-URAM": 0,
      "util-BRAM": 0,
      "util-DSP": 0,
      "util-LUT": 0,
      "util-FF": 0,
      "total-URAM": 0,
      "total-BRAM": 0,
      "total-DSP": 0,
      "total-LUT": 0,
      "total-FF": 0
    },
    "valid": false
  },
  "__PARA__L0-1.__PARA__L1-20.__PARA__L2-12.__PARA__L3-220.__PIPE__L0-NA.__PIPE__L2-   ": {
    "perf": 0.0,
    "point": {
      "__PIPE__L0": "",
      "__PARA__L0": 1,
      "__PARA__L1": 20,
      "__PIPE__L2": "   ",
      "__PARA__L2": 12,
      "__PARA__L3": 220
    },
    "res_util": {
      "util-URAM": 0,
      "util-BRAM": 0,
      "util-DSP": 0,
      "util-LUT": 0,
      "util-FF": 0,
      "total-URAM": 0,
      "total-BRAM": 0,
      "total-DSP": 0,
      "total-LUT": 0,
      "total-FF": 0
    },
    "valid": false
  },
  "__PARA__L0-1.__PARA__L1-16.__PARA__L2-12.__PARA__L3-220.__PIPE__L0-NA.__PIPE__L2-off": {
    "perf": 0.0,
    "point": {
      "__PIPE__L0": "",
      "__PARA__L0": 1,
      "__PARA__L1": 16,
      "__PIPE__L2": "off",
      "__PARA__L2": 12,
      "__PARA__L3": 220
    },
    "res_util": {
      "util-URAM": 0,
      "util-BRAM": 0,
      "util-DSP": 0,
      "util-LUT": 0,
      "util-FF": 0,
      "total-URAM": 0,
      "total-BRAM": 0,
      "total-DSP": 0,
      "total-LUT": 0,
      "total-FF": 0
    },
    "valid": false
  },
  "__PARA__L0-1.__PARA__L1-16.__PARA__L2-12.__PARA__L3-220.__PIPE__L0-NA.__PIPE__L2-   ": {
    "perf": 0.0,
    "point": {
      "__PIPE__L0": "",
      "__PARA__L0": 1,
      "__PARA__L1": 16,
      "__PIPE__L2": "   ",
      "__PARA__L2": 12,
      "__PARA__L3": 220
    },
    "res_util": {
      "util-URAM": 0,
      "util-BRAM": 0,
      "util-DSP": 0,
      "util-LUT": 0,
      "util-FF": 0,
      "total-URAM": 0,
      "total-BRAM": 0,
      "total-DSP": 0,
      "total-LUT": 0,
      "total-FF": 0
    },
    "valid": false
  },
  "__PARA__L0-1.__PARA__L1-11.__PARA__L2-12.__PARA__L3-220.__PIPE__L0-NA.__PIPE__L2-off": {
    "perf": 0.0,
    "point": {
      "__PIPE__L0": "",
      "__PARA__L0": 1,
      "__PARA__L1": 11,
      "__PIPE__L2": "off",
      "__PARA__L2": 12,
      "__PARA__L3": 220
    },
    "res_util": {
      "util-URAM": 0,
      "util-BRAM": 0,
      "util-DSP": 0,
      "util-LUT": 0,
      "util-FF": 0,
      "total-URAM": 0,
      "total-BRAM": 0,
      "total-DSP": 0,
      "total-LUT": 0,
      "total-FF": 0
    },
    "valid": false
  },
  "__PARA__L0-1.__PARA__L1-11.__PARA__L2-12.__PARA__L3-220.__PIPE__L0-NA.__PIPE__L2-   ": {
    "perf": 0.0,
    "point": {
      "__PIPE__L0": "",
      "__PARA__L0": 1,
      "__PARA__L1": 11,
      "__PIPE__L2": "   ",
      "__PARA__L2": 12,
      "__PARA__L3": 220
    },
    "res_util": {
      "util-URAM": 0,
      "util-BRAM": 0,
      "util-DSP": 0,
      "util-LUT": 0,
      "util-FF": 0,
      "total-URAM": 0,
      "total-BRAM": 0,
      "total-DSP": 0,
      "total-LUT": 0,
      "total-FF": 0
    },
    "valid": false
  },
  "__PARA__L0-1.__PARA__L1-10.__PARA__L2-12.__PARA__L3-220.__PIPE__L0-NA.__PIPE__L2-off": {
    "perf": 0.0,
    "point": {
      "__PIPE__L0": "",
      "__PARA__L0": 1,
      "__PARA__L1": 10,
      "__PIPE__L2": "off",
      "__PARA__L2": 12,
      "__PARA__L3": 220
    },
    "res_util": {
      "util-URAM": 0,
      "util-BRAM": 0,
      "util-DSP": 0,
      "util-LUT": 0,
      "util-FF": 0,
      "total-URAM": 0,
      "total-BRAM": 0,
      "total-DSP": 0,
      "total-LUT": 0,
      "total-FF": 0
    },
    "valid": false
  },
  "__PARA__L0-1.__PARA__L1-10.__PARA__L2-12.__PARA__L3-220.__PIPE__L0-NA.__PIPE__L2-   ": {
    "perf": 0.0,
    "point": {
      "__PIPE__L0": "",
      "__PARA__L0": 1,
      "__PARA__L1": 10,
      "__PIPE__L2": "   ",
      "__PARA__L2": 12,
      "__PARA__L3": 220
    },
    "res_util": {
      "util-URAM": 0,
      "util-BRAM": 0,
      "util-DSP": 0,
      "util-LUT": 0,
      "util-FF": 0,
      "total-URAM": 0,
      "total-BRAM": 0,
      "total-DSP": 0,
      "total-LUT": 0,
      "total-FF": 0
    },
    "valid": false
  },
  "__PARA__L0-1.__PARA__L1-8.__PARA__L2-12.__PARA__L3-220.__PIPE__L0-NA.__PIPE__L2-off": {
    "perf": 0.0,
    "point": {
      "__PIPE__L0": "",
      "__PARA__L0": 1,
      "__PARA__L1": 8,
      "__PIPE__L2": "off",
      "__PARA__L2": 12,
      "__PARA__L3": 220
    },
    "res_util": {
      "util-URAM": 0,
      "util-BRAM": 0,
      "util-DSP": 0,
      "util-LUT": 0,
      "util-FF": 0,
      "total-URAM": 0,
      "total-BRAM": 0,
      "total-DSP": 0,
      "total-LUT": 0,
      "total-FF": 0
    },
    "valid": false
  },
  "__PARA__L0-1.__PARA__L1-8.__PARA__L2-12.__PARA__L3-220.__PIPE__L0-NA.__PIPE__L2-   ": {
    "perf": 0.0,
    "point": {
      "__PIPE__L0": "",
      "__PARA__L0": 1,
      "__PARA__L1": 8,
      "__PIPE__L2": "   ",
      "__PARA__L2": 12,
      "__PARA__L3": 220
    },
    "res_util": {
      "util-URAM": 0,
      "util-BRAM": 0,
      "util-DSP": 0,
      "util-LUT": 0,
      "util-FF": 0,
      "total-URAM": 0,
      "total-BRAM": 0,
      "total-DSP": 0,
      "total-LUT": 0,
      "total-FF": 0
    },
    "valid": false
  },
  "__PARA__L0-1.__PARA__L1-5.__PARA__L2-12.__PARA__L3-220.__PIPE__L0-NA.__PIPE__L2-off": {
    "perf": 0.0,
    "point": {
      "__PIPE__L0": "",
      "__PARA__L0": 1,
      "__PARA__L1": 5,
      "__PIPE__L2": "off",
      "__PARA__L2": 12,
      "__PARA__L3": 220
    },
    "res_util": {
      "util-URAM": 0,
      "util-BRAM": 0,
      "util-DSP": 0,
      "util-LUT": 0,
      "util-FF": 0,
      "total-URAM": 0,
      "total-BRAM": 0,
      "total-DSP": 0,
      "total-LUT": 0,
      "total-FF": 0
    },
    "valid": false
  },
  "__PARA__L0-1.__PARA__L1-5.__PARA__L2-12.__PARA__L3-220.__PIPE__L0-NA.__PIPE__L2-   ": {
    "perf": 0.0,
    "point": {
      "__PIPE__L0": "",
      "__PARA__L0": 1,
      "__PARA__L1": 5,
      "__PIPE__L2": "   ",
      "__PARA__L2": 12,
      "__PARA__L3": 220
    },
    "res_util": {
      "util-URAM": 0,
      "util-BRAM": 0,
      "util-DSP": 0,
      "util-LUT": 0,
      "util-FF": 0,
      "total-URAM": 0,
      "total-BRAM": 0,
      "total-DSP": 0,
      "total-LUT": 0,
      "total-FF": 0
    },
    "valid": false
  },
  "__PARA__L0-1.__PARA__L1-4.__PARA__L2-12.__PARA__L3-220.__PIPE__L0-NA.__PIPE__L2-off": {
    "perf": 0.0,
    "point": {
      "__PIPE__L0": "",
      "__PARA__L0": 1,
      "__PARA__L1": 4,
      "__PIPE__L2": "off",
      "__PARA__L2": 12,
      "__PARA__L3": 220
    },
    "res_util": {
      "util-URAM": 0,
      "util-BRAM": 0,
      "util-DSP": 0,
      "util-LUT": 0,
      "util-FF": 0,
      "total-URAM": 0,
      "total-BRAM": 0,
      "total-DSP": 0,
      "total-LUT": 0,
      "total-FF": 0
    },
    "valid": false
  },
  "__PARA__L0-1.__PARA__L1-4.__PARA__L2-12.__PARA__L3-220.__PIPE__L0-NA.__PIPE__L2-   ": {
    "perf": 0.0,
    "point": {
      "__PIPE__L0": "",
      "__PARA__L0": 1,
      "__PARA__L1": 4,
      "__PIPE__L2": "   ",
      "__PARA__L2": 12,
      "__PARA__L3": 220
    },
    "res_util": {
      "util-URAM": 0,
      "util-BRAM": 0,
      "util-DSP": 0,
      "util-LUT": 0,
      "util-FF": 0,
      "total-URAM": 0,
      "total-BRAM": 0,
      "total-DSP": 0,
      "total-LUT": 0,
      "total-FF": 0
    },
    "valid": false
  },
  "__PARA__L0-1.__PARA__L1-2.__PARA__L2-12.__PARA__L3-220.__PIPE__L0-NA.__PIPE__L2-off": {
    "perf": 0.0,
    "point": {
      "__PIPE__L0": "",
      "__PARA__L0": 1,
      "__PARA__L1": 2,
      "__PIPE__L2": "off",
      "__PARA__L2": 12,
      "__PARA__L3": 220
    },
    "res_util": {
      "util-URAM": 0,
      "util-BRAM": 0,
      "util-DSP": 0,
      "util-LUT": 0,
      "util-FF": 0,
      "total-URAM": 0,
      "total-BRAM": 0,
      "total-DSP": 0,
      "total-LUT": 0,
      "total-FF": 0
    },
    "valid": false
  },
  "__PARA__L0-1.__PARA__L1-2.__PARA__L2-12.__PARA__L3-220.__PIPE__L0-NA.__PIPE__L2-   ": {
    "perf": 0.0,
    "point": {
      "__PIPE__L0": "",
      "__PARA__L0": 1,
      "__PARA__L1": 2,
      "__PIPE__L2": "   ",
      "__PARA__L2": 12,
      "__PARA__L3": 220
    },
    "res_util": {
      "util-URAM": 0,
      "util-BRAM": 0,
      "util-DSP": 0,
      "util-LUT": 0,
      "util-FF": 0,
      "total-URAM": 0,
      "total-BRAM": 0,
      "total-DSP": 0,
      "total-LUT": 0,
      "total-FF": 0
    },
    "valid": false
  },
  "__PARA__L0-1.__PARA__L1-1.__PARA__L2-12.__PARA__L3-220.__PIPE__L0-NA.__PIPE__L2-off": {
    "perf": 0.0,
    "point": {
      "__PIPE__L0": "",
      "__PARA__L0": 1,
      "__PARA__L1": 1,
      "__PIPE__L2": "off",
      "__PARA__L2": 12,
      "__PARA__L3": 220
    },
    "res_util": {
      "util-URAM": 0,
      "util-BRAM": 0,
      "util-DSP": 0,
      "util-LUT": 0,
      "util-FF": 0,
      "total-URAM": 0,
      "total-BRAM": 0,
      "total-DSP": 0,
      "total-LUT": 0,
      "total-FF": 0
    },
    "valid": false
  },
  "__PARA__L0-1.__PARA__L1-1.__PARA__L2-12.__PARA__L3-220.__PIPE__L0-NA.__PIPE__L2-   ": {
    "perf": 0.0,
    "point": {
      "__PIPE__L0": "",
      "__PARA__L0": 1,
      "__PARA__L1": 1,
      "__PIPE__L2": "   ",
      "__PARA__L2": 12,
      "__PARA__L3": 220
    },
    "res_util": {
      "util-URAM": 0,
      "util-BRAM": 0,
      "util-DSP": 0,
      "util-LUT": 0,
      "util-FF": 0,
      "total-URAM": 0,
      "total-BRAM": 0,
      "total-DSP": 0,
      "total-LUT": 0,
      "total-FF": 0
    },
    "valid": false
  }
}