{
  "__PARA__L0-1.__PARA__L1-1.__PIPE__L0-NA": {
    "perf": 437788.0,
    "point": {
      "__PIPE__L0": "",
      "__PARA__L0": 1,
      "__PARA__L1": 1
    },
    "res_util": {
      "util-URAM": 0.0,
      "util-BRAM": 0.021604938271604937,
      "util-DSP": 0.0023391812865497076,
      "util-LUT": 0.0023435737808454008,
      "util-FF": 0.0014244146704560834,
      "total-URAM": 0,
      "total-BRAM": 70,
      "total-DSP": 12,
      "total-LUT": 2078,
      "total-FF": 2526
    },
    "valid": true
  },
  "__PARA__L0-1.__PARA__L1-2.__PIPE__L0-NA": {
    "perf": 250295.0,
    "point": {
      "__PIPE__L0": "",
      "__PARA__L0": 1,
      "__PARA__L1": 2
    },
    "res_util": {
      "util-URAM": 0.0,
      "util-BRAM": 0.021604938271604937,
      "util-DSP": 0.0021442495126705653,
      "util-LUT": 0.00256913429873235,
      "util-FF": 0.0017261018631298778,
      "total-URAM": 0,
      "total-BRAM": 70,
      "total-DSP": 11,
      "total-LUT": 2278,
      "total-FF": 3061
    },
    "valid": true
  },
  "__PARA__L0-1.__PARA__L1-4.__PIPE__L0-NA": {
    "perf": 425038.0,
    "point": {
      "__PIPE__L0": "",
      "__PARA__L0": 1,
      "__PARA__L1": 4
    },
    "res_util": {
      "util-URAM": 0.0,
      "util-BRAM": 0.04197530864197531,
      "util-DSP": 0.00253411306042885,
      "util-LUT": 0.003448820318491451,
      "util-FF": 0.0021163215590742994,
      "total-URAM": 0,
      "total-BRAM": 136,
      "total-DSP": 13,
      "total-LUT": 3058,
      "total-FF": 3753
    },
    "valid": true
  },
  "__PARA__L0-1.__PARA__L1-5.__PIPE__L0-NA": {
    "perf": 137806.0,
    "point": {
      "__PIPE__L0": "",
      "__PARA__L0": 1,
      "__PARA__L1": 5
    },
    "res_util": {
      "util-URAM": 0.0,
      "util-BRAM": 0.1,
      "util-DSP": 0.004873294346978557,
      "util-LUT": 0.005228492804619479,
      "util-FF": 0.003252018766635088,
      "total-URAM": 0,
      "total-BRAM": 324,
      "total-DSP": 25,
      "total-LUT": 4636,
      "total-FF": 5767
    },
    "valid": true
  },
  "__PARA__L0-1.__PARA__L1-8.__PIPE__L0-NA": {
    "perf": 438797.0,
    "point": {
      "__PIPE__L0": "",
      "__PARA__L0": 1,
      "__PARA__L1": 8
    },
    "res_util": {
      "util-URAM": 0.0,
      "util-BRAM": 0.08024691358024691,
      "util-DSP": 0.0021442495126705653,
      "util-LUT": 0.004565344882031849,
      "util-FF": 0.0028894302341318174,
      "total-URAM": 0,
      "total-BRAM": 260,
      "total-DSP": 11,
      "total-LUT": 4048,
      "total-FF": 5124
    },
    "valid": true
  },
  "__PARA__L0-1.__PARA__L1-10.__PIPE__L0-NA": {
    "perf": 100319.0,
    "point": {
      "__PIPE__L0": "",
      "__PARA__L0": 1,
      "__PARA__L1": 10
    },
    "res_util": {
      "util-URAM": 0.0,
      "util-BRAM": 0.1,
      "util-DSP": 0.008966861598440545,
      "util-LUT": 0.00763635133306266,
      "util-FF": 0.005457436730274733,
      "total-URAM": 0,
      "total-BRAM": 324,
      "total-DSP": 46,
      "total-LUT": 6771,
      "total-FF": 9678
    },
    "valid": true
  },
  "__PARA__L0-1.__PARA__L1-16.__PIPE__L0-NA": {
    "perf": 250810.0,
    "point": {
      "__PIPE__L0": "",
      "__PARA__L0": 1,
      "__PARA__L1": 16
    },
    "res_util": {
      "util-URAM": 0.0,
      "util-BRAM": 0.15925925925925927,
      "util-DSP": 0.003313840155945419,
      "util-LUT": 0.007418685433301755,
      "util-FF": 0.0048800018044841435,
      "total-URAM": 0,
      "total-BRAM": 516,
      "total-DSP": 17,
      "total-LUT": 6578,
      "total-FF": 8654
    },
    "valid": true
  },
  "__PARA__L0-1.__PARA__L1-25.__PIPE__L0-NA": {
    "perf": 77819.0,
    "point": {
      "__PIPE__L0": "",
      "__PARA__L0": 1,
      "__PARA__L1": 25
    },
    "res_util": {
      "util-URAM": 0.06944444444444445,
      "util-BRAM": 0.0012345679012345679,
      "util-DSP": 0.01929824561403509,
      "util-LUT": 0.016813281003293185,
      "util-FF": 0.012310529164974963,
      "total-URAM": 50,
      "total-BRAM": 4,
      "total-DSP": 99,
      "total-LUT": 14908,
      "total-FF": 21831
    },
    "valid": true
  },
  "__PARA__L0-1.__PARA__L1-32.__PIPE__L0-NA": {
    "perf": 156821.0,
    "point": {
      "__PIPE__L0": "",
      "__PARA__L0": 1,
      "__PARA__L1": 32
    },
    "res_util": {
      "util-URAM": 0.044444444444444446,
      "util-BRAM": 0.0012345679012345679,
      "util-DSP": 0.005458089668615985,
      "util-LUT": 0.010932918301980421,
      "util-FF": 0.008239161817115532,
      "total-URAM": 32,
      "total-BRAM": 4,
      "total-DSP": 28,
      "total-LUT": 9694,
      "total-FF": 14611
    },
    "valid": true
  },
  "__PARA__L0-1.__PARA__L1-50.__PIPE__L0-NA": {
    "perf": 70325.0,
    "point": {
      "__PIPE__L0": "",
      "__PARA__L0": 1,
      "__PARA__L1": 50
    },
    "res_util": {
      "util-URAM": 0.06944444444444445,
      "util-BRAM": 0.0012345679012345679,
      "util-DSP": 0.03645224171539961,
      "util-LUT": 0.02648531601028556,
      "util-FF": 0.02241789597148915,
      "total-URAM": 50,
      "total-BRAM": 4,
      "total-DSP": 187,
      "total-LUT": 23484,
      "total-FF": 39755
    },
    "valid": true
  },
  "__PARA__L0-1.__PARA__L1-64.__PIPE__L0-NA": {
    "perf": 109867.0,
    "point": {
      "__PIPE__L0": "",
      "__PARA__L0": 1,
      "__PARA__L1": 64
    },
    "res_util": {
      "util-URAM": 0.08888888888888889,
      "util-BRAM": 0.0012345679012345679,
      "util-DSP": 0.00760233918128655,
      "util-LUT": 0.016841476068029052,
      "util-FF": 0.014078923625208644,
      "total-URAM": 64,
      "total-BRAM": 4,
      "total-DSP": 39,
      "total-LUT": 14933,
      "total-FF": 24967
    },
    "valid": true
  },
  "__PARA__L0-1.__PARA__L1-125.__PIPE__L0-NA": {
    "perf": 65829.0,
    "point": {
      "__PIPE__L0": "",
      "__PARA__L0": 1,
      "__PARA__L1": 125
    },
    "res_util": {
      "util-URAM": 0.0,
      "util-BRAM": 0.30987654320987656,
      "util-DSP": 0.09005847953216374,
      "util-LUT": 0.34650268417016283,
      "util-FF": 0.06145452699959399,
      "total-URAM": 0,
      "total-BRAM": 1004,
      "total-DSP": 462,
      "total-LUT": 307237,
      "total-FF": 108981
    },
    "valid": true
  },
  "__PARA__L0-1.__PARA__L1-128.__PIPE__L0-NA": {
    "perf": 86365.0,
    "point": {
      "__PIPE__L0": "",
      "__PARA__L0": 1,
      "__PARA__L1": 128
    },
    "res_util": {
      "util-URAM": 0.0,
      "util-BRAM": 0.30987654320987656,
      "util-DSP": 0.0152046783625731,
      "util-LUT": 0.06330243154238283,
      "util-FF": 0.03273334235575405,
      "total-URAM": 0,
      "total-BRAM": 1004,
      "total-DSP": 78,
      "total-LUT": 56129,
      "total-FF": 58048
    },
    "valid": true
  },
  "__PARA__L0-1.__PARA__L1-250.__PIPE__L0-NA": {
    "perf": 63196.0,
    "point": {
      "__PIPE__L0": "",
      "__PARA__L0": 1,
      "__PARA__L1": 250
    },
    "res_util": {
      "util-URAM": 0.0,
      "util-BRAM": 0.31049382716049384,
      "util-DSP": 1.0,
      "util-LUT": 0.48476902602968375,
      "util-FF": 0.29863535886678394,
      "total-URAM": 0,
      "total-BRAM": 1006,
      "total-DSP": 5513,
      "total-LUT": 429835,
      "total-FF": 529588
    },
    "valid": false
  },
  "__PARA__L0-2.__PARA__L1-125.__PIPE__L0-NA": {
    "perf": 73010.0,
    "point": {
      "__PIPE__L0": "",
      "__PARA__L0": 2,
      "__PARA__L1": 125
    },
    "res_util": {
      "util-URAM": 0.0,
      "util-BRAM": 0.30987654320987656,
      "util-DSP": 0.18011695906432748,
      "util-LUT": 0.6647133125817657,
      "util-FF": 0.1488733252131547,
      "total-URAM": 0,
      "total-BRAM": 1004,
      "total-DSP": 924,
      "total-LUT": 589388,
      "total-FF": 264006
    },
    "valid": true
  },
  "__PARA__L0-4.__PARA__L1-125.__PIPE__L0-NA": {
    "perf": 73044.0,
    "point": {
      "__PIPE__L0": "",
      "__PARA__L0": 4,
      "__PARA__L1": 125
    },
    "res_util": {
      "util-URAM": 0.0,
      "util-BRAM": 0.30987654320987656,
      "util-DSP": 0.18011695906432748,
      "util-LUT": 1.0,
      "util-FF": 0.21247236883655884,
      "total-URAM": 0,
      "total-BRAM": 1004,
      "total-DSP": 924,
      "total-LUT": 1116706,
      "total-FF": 376790
    },
    "valid": false
  },
  "__PARA__L0-5.__PARA__L1-125.__PIPE__L0-NA": {
    "perf": 67060.0,
    "point": {
      "__PIPE__L0": "",
      "__PARA__L0": 5,
      "__PARA__L1": 125
    },
    "res_util": {
      "util-URAM": 0.0,
      "util-BRAM": 0.30987654320987656,
      "util-DSP": 0.4502923976608187,
      "util-LUT": 1.0,
      "util-FF": 0.357565863671223,
      "total-URAM": 0,
      "total-BRAM": 1004,
      "total-DSP": 2310,
      "total-LUT": 1468845,
      "total-FF": 634093
    },
    "valid": false
  },
  "__PARA__L0-8.__PARA__L1-125.__PIPE__L0-NA": {
    "perf": 68119.0,
    "point": {
      "__PIPE__L0": "",
      "__PARA__L0": 8,
      "__PARA__L1": 125
    },
    "res_util": {
      "util-URAM": 0.0,
      "util-BRAM": 0.30987654320987656,
      "util-DSP": 0.5403508771929825,
      "util-LUT": 1.0,
      "util-FF": 0.49073115441873055,
      "total-URAM": 0,
      "total-BRAM": 1004,
      "total-DSP": 2772,
      "total-LUT": 2278482,
      "total-FF": 870243
    },
    "valid": false
  },
  "__PARA__L0-10.__PARA__L1-125.__PIPE__L0-NA": {
    "perf": 65010.0,
    "point": {
      "__PIPE__L0": "",
      "__PARA__L0": 10,
      "__PARA__L1": 125
    },
    "res_util": {
      "util-URAM": 0.0,
      "util-BRAM": 0.30987654320987656,
      "util-DSP": 0.9005847953216374,
      "util-LUT": 1.0,
      "util-FF": 0.7053762349438354,
      "total-URAM": 0,
      "total-BRAM": 1004,
      "total-DSP": 4620,
      "total-LUT": 2920088,
      "total-FF": 1250886
    },
    "valid": false
  },
  "__PARA__L0-16.__PARA__L1-125.__PIPE__L0-NA": {
    "perf": 65583.0,
    "point": {
      "__PIPE__L0": "",
      "__PARA__L0": 16,
      "__PARA__L1": 125
    },
    "res_util": {
      "util-URAM": 0.0,
      "util-BRAM": 0.30987654320987656,
      "util-DSP": 0.9005847953216374,
      "util-LUT": 1.0,
      "util-FF": 0.8961406595389543,
      "total-URAM": 0,
      "total-BRAM": 1004,
      "total-DSP": 4620,
      "total-LUT": 4477837,
      "total-FF": 1589180
    },
    "valid": false
  },
  "__PARA__L0-25.__PARA__L1-125.__PIPE__L0-NA": {
    "perf": 0.0,
    "point": {
      "__PIPE__L0": "",
      "__PARA__L0": 25,
      "__PARA__L1": 125
    },
    "res_util": {
      "util-URAM": 0,
      "util-BRAM": 0,
      "util-DSP": 0,
      "util-LUT": 0,
      "util-FF": 0,
      "total-URAM": 0,
      "total-BRAM": 0,
      "total-DSP": 0,
      "total-LUT": 0,
      "total-FF": 0
    },
    "valid": false
  },
  "__PARA__L0-32.__PARA__L1-125.__PIPE__L0-NA": {
    "perf": 0.0,
    "point": {
      "__PIPE__L0": "",
      "__PARA__L0": 32,
      "__PARA__L1": 125
    },
    "res_util": {
      "util-URAM": 0,
      "util-BRAM": 0,
      "util-DSP": 0,
      "util-LUT": 0,
      "util-FF": 0,
      "total-URAM": 0,
      "total-BRAM": 0,
      "total-DSP": 0,
      "total-LUT": 0,
      "total-FF": 0
    },
    "valid": false
  },
  "__PARA__L0-50.__PARA__L1-125.__PIPE__L0-NA": {
    "perf": 0.0,
    "point": {
      "__PIPE__L0": "",
      "__PARA__L0": 50,
      "__PARA__L1": 125
    },
    "res_util": {
      "util-URAM": 0,
      "util-BRAM": 0,
      "util-DSP": 0,
      "util-LUT": 0,
      "util-FF": 0,
      "total-URAM": 0,
      "total-BRAM": 0,
      "total-DSP": 0,
      "total-LUT": 0,
      "total-FF": 0
    },
    "valid": false
  },
  "__PARA__L0-64.__PARA__L1-125.__PIPE__L0-NA": {
    "perf": 0.0,
    "point": {
      "__PIPE__L0": "",
      "__PARA__L0": 64,
      "__PARA__L1": 125
    },
    "res_util": {
      "util-URAM": 0,
      "util-BRAM": 0,
      "util-DSP": 0,
      "util-LUT": 0,
      "util-FF": 0,
      "total-URAM": 0,
      "total-BRAM": 0,
      "total-DSP": 0,
      "total-LUT": 0,
      "total-FF": 0
    },
    "valid": false
  },
  "__PARA__L0-125.__PARA__L1-125.__PIPE__L0-NA": {
    "perf": 0.0,
    "point": {
      "__PIPE__L0": "",
      "__PARA__L0": 125,
      "__PARA__L1": 125
    },
    "res_util": {
      "util-URAM": 0,
      "util-BRAM": 0,
      "util-DSP": 0,
      "util-LUT": 0,
      "util-FF": 0,
      "total-URAM": 0,
      "total-BRAM": 0,
      "total-DSP": 0,
      "total-LUT": 0,
      "total-FF": 0
    },
    "valid": false
  },
  "__PARA__L0-128.__PARA__L1-125.__PIPE__L0-NA": {
    "perf": 0.0,
    "point": {
      "__PIPE__L0": "",
      "__PARA__L0": 128,
      "__PARA__L1": 125
    },
    "res_util": {
      "util-URAM": 0,
      "util-BRAM": 0,
      "util-DSP": 0,
      "util-LUT": 0,
      "util-FF": 0,
      "total-URAM": 0,
      "total-BRAM": 0,
      "total-DSP": 0,
      "total-LUT": 0,
      "total-FF": 0
    },
    "valid": false
  },
  "__PARA__L0-250.__PARA__L1-125.__PIPE__L0-NA": {
    "perf": 0.0,
    "point": {
      "__PIPE__L0": "",
      "__PARA__L0": 250,
      "__PARA__L1": 125
    },
    "res_util": {
      "util-URAM": 0,
      "util-BRAM": 0,
      "util-DSP": 0,
      "util-LUT": 0,
      "util-FF": 0,
      "total-URAM": 0,
      "total-BRAM": 0,
      "total-DSP": 0,
      "total-LUT": 0,
      "total-FF": 0
    },
    "valid": false
  },
  "__PARA__L0-1.__PARA__L1-125.__PIPE__L0-off": {
    "perf": 65829.0,
    "point": {
      "__PIPE__L0": "off",
      "__PARA__L0": 1,
      "__PARA__L1": 125
    },
    "res_util": {
      "util-URAM": 0.0,
      "util-BRAM": 0.30987654320987656,
      "util-DSP": 0.09005847953216374,
      "util-LUT": 0.34650268417016283,
      "util-FF": 0.06145452699959399,
      "total-URAM": 0,
      "total-BRAM": 1004,
      "total-DSP": 462,
      "total-LUT": 307237,
      "total-FF": 108981
    },
    "valid": true
  },
  "__PARA__L0-1.__PARA__L1-125.__PIPE__L0-   ": {
    "perf": 63196.0,
    "point": {
      "__PIPE__L0": "   ",
      "__PARA__L0": 1,
      "__PARA__L1": 125
    },
    "res_util": {
      "util-URAM": 0.0,
      "util-BRAM": 0.31049382716049384,
      "util-DSP": 1.0,
      "util-LUT": 0.48476902602968375,
      "util-FF": 0.29863535886678394,
      "total-URAM": 0,
      "total-BRAM": 1006,
      "total-DSP": 5513,
      "total-LUT": 429835,
      "total-FF": 529588
    },
    "valid": false
  },
  "__PARA__L0-2.__PARA__L1-125.__PIPE__L0-off": {
    "perf": 73010.0,
    "point": {
      "__PIPE__L0": "off",
      "__PARA__L0": 2,
      "__PARA__L1": 125
    },
    "res_util": {
      "util-URAM": 0.0,
      "util-BRAM": 0.30987654320987656,
      "util-DSP": 0.18011695906432748,
      "util-LUT": 0.6647133125817657,
      "util-FF": 0.1488733252131547,
      "total-URAM": 0,
      "total-BRAM": 1004,
      "total-DSP": 924,
      "total-LUT": 589388,
      "total-FF": 264006
    },
    "valid": true
  },
  "__PARA__L0-2.__PARA__L1-125.__PIPE__L0-   ": {
    "perf": 63071.0,
    "point": {
      "__PIPE__L0": "   ",
      "__PARA__L0": 2,
      "__PARA__L1": 125
    },
    "res_util": {
      "util-URAM": 0.0,
      "util-BRAM": 0.31049382716049384,
      "util-DSP": 1.0,
      "util-LUT": 0.9505424730455181,
      "util-FF": 0.5874610908106646,
      "total-URAM": 0,
      "total-BRAM": 1006,
      "total-DSP": 11026,
      "total-LUT": 842827,
      "total-FF": 1041780
    },
    "valid": false
  },
  "__PARA__L0-2.__PARA__L1-50.__PIPE__L0-NA": {
    "perf": 84884.0,
    "point": {
      "__PIPE__L0": "",
      "__PARA__L0": 2,
      "__PARA__L1": 50
    },
    "res_util": {
      "util-URAM": 0.06944444444444445,
      "util-BRAM": 0.0012345679012345679,
      "util-DSP": 0.03957115009746589,
      "util-LUT": 0.033679568728289803,
      "util-FF": 0.03556920196688772,
      "total-URAM": 50,
      "total-BRAM": 4,
      "total-DSP": 203,
      "total-LUT": 29863,
      "total-FF": 63077
    },
    "valid": true
  },
  "__PARA__L0-4.__PARA__L1-50.__PIPE__L0-NA": {
    "perf": 84952.0,
    "point": {
      "__PIPE__L0": "",
      "__PARA__L0": 4,
      "__PARA__L1": 50
    },
    "res_util": {
      "util-URAM": 0.06944444444444445,
      "util-BRAM": 0.0012345679012345679,
      "util-DSP": 0.03957115009746589,
      "util-LUT": 0.045447060946451935,
      "util-FF": 0.06145057969053097,
      "total-URAM": 50,
      "total-BRAM": 4,
      "total-DSP": 203,
      "total-LUT": 40297,
      "total-FF": 108974
    },
    "valid": true
  },
  "__PARA__L0-5.__PARA__L1-50.__PIPE__L0-NA": {
    "perf": 83909.0,
    "point": {
      "__PIPE__L0": "",
      "__PARA__L0": 5,
      "__PARA__L1": 50
    },
    "res_util": {
      "util-URAM": 0.06944444444444445,
      "util-BRAM": 0.0012345679012345679,
      "util-DSP": 0.04015594541910331,
      "util-LUT": 0.05186538548292507,
      "util-FF": 0.07456635990436233,
      "total-URAM": 50,
      "total-BRAM": 4,
      "total-DSP": 206,
      "total-LUT": 45988,
      "total-FF": 132233
    },
    "valid": true
  },
  "__PARA__L0-8.__PARA__L1-50.__PIPE__L0-NA": {
    "perf": 84503.0,
    "point": {
      "__PIPE__L0": "",
      "__PARA__L0": 8,
      "__PARA__L1": 50
    },
    "res_util": {
      "util-URAM": 0.06944444444444445,
      "util-BRAM": 0.0012345679012345679,
      "util-DSP": 0.04015594541910331,
      "util-LUT": 0.06943880543149727,
      "util-FF": 0.11330919835791943,
      "total-URAM": 50,
      "total-BRAM": 4,
      "total-DSP": 206,
      "total-LUT": 61570,
      "total-FF": 200938
    },
    "valid": true
  },
  "__PARA__L0-10.__PARA__L1-50.__PIPE__L0-NA": {
    "perf": 83584.0,
    "point": {
      "__PIPE__L0": "",
      "__PARA__L0": 10,
      "__PARA__L1": 50
    },
    "res_util": {
      "util-URAM": 0.06944444444444445,
      "util-BRAM": 0.0012345679012345679,
      "util-DSP": 0.04015594541910331,
      "util-LUT": 0.08061081788243786,
      "util-FF": 0.13900730816077952,
      "total-URAM": 50,
      "total-BRAM": 4,
      "total-DSP": 206,
      "total-LUT": 71476,
      "total-FF": 246510
    },
    "valid": true
  },
  "__PARA__L0-16.__PARA__L1-50.__PIPE__L0-NA": {
    "perf": 84151.0,
    "point": {
      "__PIPE__L0": "",
      "__PARA__L0": 16,
      "__PARA__L1": 50
    },
    "res_util": {
      "util-URAM": 0.06944444444444445,
      "util-BRAM": 0.0012345679012345679,
      "util-DSP": 0.04015594541910331,
      "util-LUT": 0.10947128614607299,
      "util-FF": 0.21635708485586683,
      "total-URAM": 50,
      "total-BRAM": 4,
      "total-DSP": 206,
      "total-LUT": 97066,
      "total-FF": 383679
    },
    "valid": true
  },
  "__PARA__L0-25.__PARA__L1-50.__PIPE__L0-NA": {
    "perf": 83389.0,
    "point": {
      "__PIPE__L0": "",
      "__PARA__L0": 25,
      "__PARA__L1": 50
    },
    "res_util": {
      "util-URAM": 0.06944444444444445,
      "util-BRAM": 0.0012345679012345679,
      "util-DSP": 0.04015594541910331,
      "util-LUT": 0.16035322777101096,
      "util-FF": 0.3323369197455677,
      "total-URAM": 50,
      "total-BRAM": 4,
      "total-DSP": 206,
      "total-LUT": 142182,
      "total-FF": 589353
    },
    "valid": true
  },
  "__PARA__L0-32.__PARA__L1-50.__PIPE__L0-NA": {
    "perf": 83999.0,
    "point": {
      "__PIPE__L0": "",
      "__PARA__L0": 32,
      "__PARA__L1": 50
    },
    "res_util": {
      "util-URAM": 0.06944444444444445,
      "util-BRAM": 0.0012345679012345679,
      "util-DSP": 0.043859649122807015,
      "util-LUT": 0.19351287950557133,
      "util-FF": 0.42326713132133353,
      "total-URAM": 50,
      "total-BRAM": 4,
      "total-DSP": 225,
      "total-LUT": 171584,
      "total-FF": 750605
    },
    "valid": true
  },
  "__PARA__L0-50.__PARA__L1-50.__PIPE__L0-NA": {
    "perf": 83324.0,
    "point": {
      "__PIPE__L0": "",
      "__PARA__L0": 50,
      "__PARA__L1": 50
    },
    "res_util": {
      "util-URAM": 0.06944444444444445,
      "util-BRAM": 0.0012345679012345679,
      "util-DSP": 0.04015594541910331,
      "util-LUT": 0.282095006090134,
      "util-FF": 0.6545461722380115,
      "total-URAM": 50,
      "total-BRAM": 4,
      "total-DSP": 206,
      "total-LUT": 250128,
      "total-FF": 1160746
    },
    "valid": true
  },
  "__PARA__L0-64.__PARA__L1-50.__PIPE__L0-NA": {
    "perf": 83971.0,
    "point": {
      "__PIPE__L0": "",
      "__PARA__L0": 64,
      "__PARA__L1": 50
    },
    "res_util": {
      "util-URAM": 0.06944444444444445,
      "util-BRAM": 0.0012345679012345679,
      "util-DSP": 0.043859649122807015,
      "util-LUT": 0.35377137185906976,
      "util-FF": 0.8353560472774846,
      "total-URAM": 50,
      "total-BRAM": 4,
      "total-DSP": 225,
      "total-LUT": 313682,
      "total-FF": 1481387
    },
    "valid": true
  },
  "__PARA__L0-125.__PARA__L1-50.__PIPE__L0-NA": {
    "perf": 0.0,
    "point": {
      "__PIPE__L0": "",
      "__PARA__L0": 125,
      "__PARA__L1": 50
    },
    "res_util": {
      "util-URAM": 0,
      "util-BRAM": 0,
      "util-DSP": 0,
      "util-LUT": 0,
      "util-FF": 0,
      "total-URAM": 0,
      "total-BRAM": 0,
      "total-DSP": 0,
      "total-LUT": 0,
      "total-FF": 0
    },
    "valid": false
  },
  "__PARA__L0-128.__PARA__L1-50.__PIPE__L0-NA": {
    "perf": 0.0,
    "point": {
      "__PIPE__L0": "",
      "__PARA__L0": 128,
      "__PARA__L1": 50
    },
    "res_util": {
      "util-URAM": 0,
      "util-BRAM": 0,
      "util-DSP": 0,
      "util-LUT": 0,
      "util-FF": 0,
      "total-URAM": 0,
      "total-BRAM": 0,
      "total-DSP": 0,
      "total-LUT": 0,
      "total-FF": 0
    },
    "valid": false
  },
  "__PARA__L0-250.__PARA__L1-50.__PIPE__L0-NA": {
    "perf": 0.0,
    "point": {
      "__PIPE__L0": "",
      "__PARA__L0": 250,
      "__PARA__L1": 50
    },
    "res_util": {
      "util-URAM": 0,
      "util-BRAM": 0,
      "util-DSP": 0,
      "util-LUT": 0,
      "util-FF": 0,
      "total-URAM": 0,
      "total-BRAM": 0,
      "total-DSP": 0,
      "total-LUT": 0,
      "total-FF": 0
    },
    "valid": false
  },
  "__PARA__L0-1.__PARA__L1-50.__PIPE__L0-off": {
    "perf": 70325.0,
    "point": {
      "__PIPE__L0": "off",
      "__PARA__L0": 1,
      "__PARA__L1": 50
    },
    "res_util": {
      "util-URAM": 0.06944444444444445,
      "util-BRAM": 0.0012345679012345679,
      "util-DSP": 0.03645224171539961,
      "util-LUT": 0.02648531601028556,
      "util-FF": 0.02241789597148915,
      "total-URAM": 50,
      "total-BRAM": 4,
      "total-DSP": 187,
      "total-LUT": 23484,
      "total-FF": 39755
    },
    "valid": true
  },
  "__PARA__L0-1.__PARA__L1-50.__PIPE__L0-   ": {
    "perf": 63196.0,
    "point": {
      "__PIPE__L0": "   ",
      "__PARA__L0": 1,
      "__PARA__L1": 50
    },
    "res_util": {
      "util-URAM": 0.0,
      "util-BRAM": 0.31049382716049384,
      "util-DSP": 1.0,
      "util-LUT": 0.48476902602968375,
      "util-FF": 0.29863535886678394,
      "total-URAM": 0,
      "total-BRAM": 1006,
      "total-DSP": 5513,
      "total-LUT": 429835,
      "total-FF": 529588
    },
    "valid": false
  },
  "__PARA__L0-50.__PARA__L1-50.__PIPE__L0-off": {
    "perf": 83324.0,
    "point": {
      "__PIPE__L0": "off",
      "__PARA__L0": 50,
      "__PARA__L1": 50
    },
    "res_util": {
      "util-URAM": 0.06944444444444445,
      "util-BRAM": 0.0012345679012345679,
      "util-DSP": 0.04015594541910331,
      "util-LUT": 0.282095006090134,
      "util-FF": 0.6545461722380115,
      "total-URAM": 50,
      "total-BRAM": 4,
      "total-DSP": 206,
      "total-LUT": 250128,
      "total-FF": 1160746
    },
    "valid": true
  },
  "__PARA__L0-50.__PARA__L1-50.__PIPE__L0-   ": {
    "perf": 0.0,
    "point": {
      "__PIPE__L0": "   ",
      "__PARA__L0": 50,
      "__PARA__L1": 50
    },
    "res_util": {
      "util-URAM": 0,
      "util-BRAM": 0,
      "util-DSP": 0,
      "util-LUT": 0,
      "util-FF": 0,
      "total-URAM": 0,
      "total-BRAM": 0,
      "total-DSP": 0,
      "total-LUT": 0,
      "total-FF": 0
    },
    "valid": false
  },
  "__PARA__L0-25.__PARA__L1-50.__PIPE__L0-off": {
    "perf": 83389.0,
    "point": {
      "__PIPE__L0": "off",
      "__PARA__L0": 25,
      "__PARA__L1": 50
    },
    "res_util": {
      "util-URAM": 0.06944444444444445,
      "util-BRAM": 0.0012345679012345679,
      "util-DSP": 0.04015594541910331,
      "util-LUT": 0.16035322777101096,
      "util-FF": 0.3323369197455677,
      "total-URAM": 50,
      "total-BRAM": 4,
      "total-DSP": 206,
      "total-LUT": 142182,
      "total-FF": 589353
    },
    "valid": true
  },
  "__PARA__L0-25.__PARA__L1-50.__PIPE__L0-   ": {
    "perf": 0.0,
    "point": {
      "__PIPE__L0": "   ",
      "__PARA__L0": 25,
      "__PARA__L1": 50
    },
    "res_util": {
      "util-URAM": 0,
      "util-BRAM": 0,
      "util-DSP": 0,
      "util-LUT": 0,
      "util-FF": 0,
      "total-URAM": 0,
      "total-BRAM": 0,
      "total-DSP": 0,
      "total-LUT": 0,
      "total-FF": 0
    },
    "valid": false
  },
  "__PARA__L0-10.__PARA__L1-50.__PIPE__L0-off": {
    "perf": 83584.0,
    "point": {
      "__PIPE__L0": "off",
      "__PARA__L0": 10,
      "__PARA__L1": 50
    },
    "res_util": {
      "util-URAM": 0.06944444444444445,
      "util-BRAM": 0.0012345679012345679,
      "util-DSP": 0.04015594541910331,
      "util-LUT": 0.08061081788243786,
      "util-FF": 0.13900730816077952,
      "total-URAM": 50,
      "total-BRAM": 4,
      "total-DSP": 206,
      "total-LUT": 71476,
      "total-FF": 246510
    },
    "valid": true
  },
  "__PARA__L0-10.__PARA__L1-50.__PIPE__L0-   ": {
    "perf": 0.0,
    "point": {
      "__PIPE__L0": "   ",
      "__PARA__L0": 10,
      "__PARA__L1": 50
    },
    "res_util": {
      "util-URAM": 0,
      "util-BRAM": 0,
      "util-DSP": 0,
      "util-LUT": 0,
      "util-FF": 0,
      "total-URAM": 0,
      "total-BRAM": 0,
      "total-DSP": 0,
      "total-LUT": 0,
      "total-FF": 0
    },
    "valid": false
  },
  "__PARA__L0-5.__PARA__L1-50.__PIPE__L0-off": {
    "perf": 83909.0,
    "point": {
      "__PIPE__L0": "off",
      "__PARA__L0": 5,
      "__PARA__L1": 50
    },
    "res_util": {
      "util-URAM": 0.06944444444444445,
      "util-BRAM": 0.0012345679012345679,
      "util-DSP": 0.04015594541910331,
      "util-LUT": 0.05186538548292507,
      "util-FF": 0.07456635990436233,
      "total-URAM": 50,
      "total-BRAM": 4,
      "total-DSP": 206,
      "total-LUT": 45988,
      "total-FF": 132233
    },
    "valid": true
  },
  "__PARA__L0-5.__PARA__L1-50.__PIPE__L0-   ": {
    "perf": 63004.0,
    "point": {
      "__PIPE__L0": "   ",
      "__PARA__L0": 5,
      "__PARA__L1": 50
    },
    "res_util": {
      "util-URAM": 0.0,
      "util-BRAM": 0.0006172839506172839,
      "util-DSP": 1.0,
      "util-LUT": 1.0,
      "util-FF": 1.0,
      "total-URAM": 0,
      "total-BRAM": 2,
      "total-DSP": 27565,
      "total-LUT": 2301555,
      "total-FF": 2738866
    },
    "valid": false
  },
  "__PARA__L0-64.__PARA__L1-50.__PIPE__L0-off": {
    "perf": 83971.0,
    "point": {
      "__PIPE__L0": "off",
      "__PARA__L0": 64,
      "__PARA__L1": 50
    },
    "res_util": {
      "util-URAM": 0.06944444444444445,
      "util-BRAM": 0.0012345679012345679,
      "util-DSP": 0.043859649122807015,
      "util-LUT": 0.35377137185906976,
      "util-FF": 0.8353560472774846,
      "total-URAM": 50,
      "total-BRAM": 4,
      "total-DSP": 225,
      "total-LUT": 313682,
      "total-FF": 1481387
    },
    "valid": true
  },
  "__PARA__L0-64.__PARA__L1-50.__PIPE__L0-   ": {
    "perf": 0.0,
    "point": {
      "__PIPE__L0": "   ",
      "__PARA__L0": 64,
      "__PARA__L1": 50
    },
    "res_util": {
      "util-URAM": 0,
      "util-BRAM": 0,
      "util-DSP": 0,
      "util-LUT": 0,
      "util-FF": 0,
      "total-URAM": 0,
      "total-BRAM": 0,
      "total-DSP": 0,
      "total-LUT": 0,
      "total-FF": 0
    },
    "valid": false
  },
  "__PARA__L0-32.__PARA__L1-50.__PIPE__L0-off": {
    "perf": 83999.0,
    "point": {
      "__PIPE__L0": "off",
      "__PARA__L0": 32,
      "__PARA__L1": 50
    },
    "res_util": {
      "util-URAM": 0.06944444444444445,
      "util-BRAM": 0.0012345679012345679,
      "util-DSP": 0.043859649122807015,
      "util-LUT": 0.19351287950557133,
      "util-FF": 0.42326713132133353,
      "total-URAM": 50,
      "total-BRAM": 4,
      "total-DSP": 225,
      "total-LUT": 171584,
      "total-FF": 750605
    },
    "valid": true
  },
  "__PARA__L0-32.__PARA__L1-50.__PIPE__L0-   ": {
    "perf": 0.0,
    "point": {
      "__PIPE__L0": "   ",
      "__PARA__L0": 32,
      "__PARA__L1": 50
    },
    "res_util": {
      "util-URAM": 0,
      "util-BRAM": 0,
      "util-DSP": 0,
      "util-LUT": 0,
      "util-FF": 0,
      "total-URAM": 0,
      "total-BRAM": 0,
      "total-DSP": 0,
      "total-LUT": 0,
      "total-FF": 0
    },
    "valid": false
  },
  "__PARA__L0-16.__PARA__L1-50.__PIPE__L0-off": {
    "perf": 84151.0,
    "point": {
      "__PIPE__L0": "off",
      "__PARA__L0": 16,
      "__PARA__L1": 50
    },
    "res_util": {
      "util-URAM": 0.06944444444444445,
      "util-BRAM": 0.0012345679012345679,
      "util-DSP": 0.04015594541910331,
      "util-LUT": 0.10947128614607299,
      "util-FF": 0.21635708485586683,
      "total-URAM": 50,
      "total-BRAM": 4,
      "total-DSP": 206,
      "total-LUT": 97066,
      "total-FF": 383679
    },
    "valid": true
  },
  "__PARA__L0-16.__PARA__L1-50.__PIPE__L0-   ": {
    "perf": 0.0,
    "point": {
      "__PIPE__L0": "   ",
      "__PARA__L0": 16,
      "__PARA__L1": 50
    },
    "res_util": {
      "util-URAM": 0,
      "util-BRAM": 0,
      "util-DSP": 0,
      "util-LUT": 0,
      "util-FF": 0,
      "total-URAM": 0,
      "total-BRAM": 0,
      "total-DSP": 0,
      "total-LUT": 0,
      "total-FF": 0
    },
    "valid": false
  },
  "__PARA__L0-8.__PARA__L1-50.__PIPE__L0-off": {
    "perf": 84503.0,
    "point": {
      "__PIPE__L0": "off",
      "__PARA__L0": 8,
      "__PARA__L1": 50
    },
    "res_util": {
      "util-URAM": 0.06944444444444445,
      "util-BRAM": 0.0012345679012345679,
      "util-DSP": 0.04015594541910331,
      "util-LUT": 0.06943880543149727,
      "util-FF": 0.11330919835791943,
      "total-URAM": 50,
      "total-BRAM": 4,
      "total-DSP": 206,
      "total-LUT": 61570,
      "total-FF": 200938
    },
    "valid": true
  },
  "__PARA__L0-8.__PARA__L1-50.__PIPE__L0-   ": {
    "perf": 63011.0,
    "point": {
      "__PIPE__L0": "   ",
      "__PARA__L0": 8,
      "__PARA__L1": 50
    },
    "res_util": {
      "util-URAM": 0.0,
      "util-BRAM": 0.0006172839506172839,
      "util-DSP": 1.0,
      "util-LUT": 1.0,
      "util-FF": 1.0,
      "total-URAM": 0,
      "total-BRAM": 2,
      "total-DSP": 22052,
      "total-LUT": 1976668,
      "total-FF": 2584604
    },
    "valid": false
  },
  "__PARA__L0-2.__PARA__L1-50.__PIPE__L0-off": {
    "perf": 84884.0,
    "point": {
      "__PIPE__L0": "off",
      "__PARA__L0": 2,
      "__PARA__L1": 50
    },
    "res_util": {
      "util-URAM": 0.06944444444444445,
      "util-BRAM": 0.0012345679012345679,
      "util-DSP": 0.03957115009746589,
      "util-LUT": 0.033679568728289803,
      "util-FF": 0.03556920196688772,
      "total-URAM": 50,
      "total-BRAM": 4,
      "total-DSP": 203,
      "total-LUT": 29863,
      "total-FF": 63077
    },
    "valid": true
  },
  "__PARA__L0-2.__PARA__L1-50.__PIPE__L0-   ": {
    "perf": 63071.0,
    "point": {
      "__PIPE__L0": "   ",
      "__PARA__L0": 2,
      "__PARA__L1": 50
    },
    "res_util": {
      "util-URAM": 0.0,
      "util-BRAM": 0.31049382716049384,
      "util-DSP": 1.0,
      "util-LUT": 0.9505424730455181,
      "util-FF": 0.5874610908106646,
      "total-URAM": 0,
      "total-BRAM": 1006,
      "total-DSP": 11026,
      "total-LUT": 842827,
      "total-FF": 1041780
    },
    "valid": false
  },
  "__PARA__L0-4.__PARA__L1-50.__PIPE__L0-off": {
    "perf": 84952.0,
    "point": {
      "__PIPE__L0": "off",
      "__PARA__L0": 4,
      "__PARA__L1": 50
    },
    "res_util": {
      "util-URAM": 0.06944444444444445,
      "util-BRAM": 0.0012345679012345679,
      "util-DSP": 0.03957115009746589,
      "util-LUT": 0.045447060946451935,
      "util-FF": 0.06145057969053097,
      "total-URAM": 50,
      "total-BRAM": 4,
      "total-DSP": 203,
      "total-LUT": 40297,
      "total-FF": 108974
    },
    "valid": true
  },
  "__PARA__L0-4.__PARA__L1-50.__PIPE__L0-   ": {
    "perf": 63075.0,
    "point": {
      "__PIPE__L0": "   ",
      "__PARA__L0": 4,
      "__PARA__L1": 50
    },
    "res_util": {
      "util-URAM": 0.0,
      "util-BRAM": 0.6203703703703703,
      "util-DSP": 1.0,
      "util-LUT": 1.0,
      "util-FF": 0.6973412053954076,
      "total-URAM": 0,
      "total-BRAM": 2010,
      "total-DSP": 11026,
      "total-LUT": 924688,
      "total-FF": 1236637
    },
    "valid": false
  },
  "__PARA__L0-2.__PARA__L1-25.__PIPE__L0-NA": {
    "perf": 90634.0,
    "point": {
      "__PIPE__L0": "",
      "__PARA__L0": 2,
      "__PARA__L1": 25
    },
    "res_util": {
      "util-URAM": 0.06944444444444445,
      "util-BRAM": 0.0012345679012345679,
      "util-DSP": 0.022417153996101363,
      "util-LUT": 0.020100825551495467,
      "util-FF": 0.019103284161140432,
      "total-URAM": 50,
      "total-BRAM": 4,
      "total-DSP": 115,
      "total-LUT": 17823,
      "total-FF": 33877
    },
    "valid": true
  },
  "__PARA__L0-4.__PARA__L1-25.__PIPE__L0-NA": {
    "perf": 90748.0,
    "point": {
      "__PIPE__L0": "",
      "__PARA__L0": 4,
      "__PARA__L1": 25
    },
    "res_util": {
      "util-URAM": 0.06944444444444445,
      "util-BRAM": 0.0012345679012345679,
      "util-DSP": 0.022417153996101363,
      "util-LUT": 0.02610750214282492,
      "util-FF": 0.03226304867595976,
      "total-URAM": 50,
      "total-BRAM": 4,
      "total-DSP": 115,
      "total-LUT": 23149,
      "total-FF": 57214
    },
    "valid": true
  },
  "__PARA__L0-5.__PARA__L1-25.__PIPE__L0-NA": {
    "perf": 89659.0,
    "point": {
      "__PIPE__L0": "",
      "__PARA__L0": 5,
      "__PARA__L1": 25
    },
    "res_util": {
      "util-URAM": 0.06944444444444445,
      "util-BRAM": 0.0012345679012345679,
      "util-DSP": 0.02300194931773879,
      "util-LUT": 0.029868723778589797,
      "util-FF": 0.039018022285379164,
      "total-URAM": 50,
      "total-BRAM": 4,
      "total-DSP": 118,
      "total-LUT": 26484,
      "total-FF": 69193
    },
    "valid": true
  },
  "__PARA__L0-8.__PARA__L1-25.__PIPE__L0-NA": {
    "perf": 90391.0,
    "point": {
      "__PIPE__L0": "",
      "__PARA__L0": 8,
      "__PARA__L1": 25
    },
    "res_util": {
      "util-URAM": 0.06944444444444445,
      "util-BRAM": 0.0012345679012345679,
      "util-DSP": 0.02300194931773879,
      "util-LUT": 0.03882234853611224,
      "util-FF": 0.05867844092570036,
      "total-URAM": 50,
      "total-BRAM": 4,
      "total-DSP": 118,
      "total-LUT": 34423,
      "total-FF": 104058
    },
    "valid": true
  },
  "__PARA__L0-10.__PARA__L1-25.__PIPE__L0-NA": {
    "perf": 89334.0,
    "point": {
      "__PIPE__L0": "",
      "__PARA__L0": 10,
      "__PARA__L1": 25
    },
    "res_util": {
      "util-URAM": 0.06944444444444445,
      "util-BRAM": 0.0012345679012345679,
      "util-DSP": 0.02300194931773879,
      "util-LUT": 0.04465872693643705,
      "util-FF": 0.07165493751973655,
      "total-URAM": 50,
      "total-BRAM": 4,
      "total-DSP": 118,
      "total-LUT": 39598,
      "total-FF": 127070
    },
    "valid": true
  },
  "__PARA__L0-16.__PARA__L1-25.__PIPE__L0-NA": {
    "perf": 90039.0,
    "point": {
      "__PIPE__L0": "",
      "__PARA__L0": 16,
      "__PARA__L1": 25
    },
    "res_util": {
      "util-URAM": 0.06944444444444445,
      "util-BRAM": 0.0012345679012345679,
      "util-DSP": 0.02300194931773879,
      "util-LUT": 0.059405873595885776,
      "util-FF": 0.11083987458835205,
      "total-URAM": 50,
      "total-BRAM": 4,
      "total-DSP": 118,
      "total-LUT": 52674,
      "total-FF": 196559
    },
    "valid": true
  },
  "__PARA__L0-25.__PARA__L1-25.__PIPE__L0-NA": {
    "perf": 89139.0,
    "point": {
      "__PIPE__L0": "",
      "__PARA__L0": 25,
      "__PARA__L1": 25
    },
    "res_util": {
      "util-URAM": 0.06944444444444445,
      "util-BRAM": 0.0012345679012345679,
      "util-DSP": 0.02300194931773879,
      "util-LUT": 0.08566111787792664,
      "util-FF": 0.16957245003834528,
      "total-URAM": 50,
      "total-BRAM": 4,
      "total-DSP": 118,
      "total-LUT": 75954,
      "total-FF": 300713
    },
    "valid": true
  },
  "__PARA__L0-32.__PARA__L1-25.__PIPE__L0-NA": {
    "perf": 89887.0,
    "point": {
      "__PIPE__L0": "",
      "__PARA__L0": 32,
      "__PARA__L1": 25
    },
    "res_util": {
      "util-URAM": 0.06944444444444445,
      "util-BRAM": 0.0012345679012345679,
      "util-DSP": 0.026705653021442496,
      "util-LUT": 0.10298642125682321,
      "util-FF": 0.21597701538322733,
      "total-URAM": 50,
      "total-BRAM": 4,
      "total-DSP": 137,
      "total-LUT": 91316,
      "total-FF": 383005
    },
    "valid": true
  },
  "__PARA__L0-50.__PARA__L1-25.__PIPE__L0-NA": {
    "perf": 89074.0,
    "point": {
      "__PIPE__L0": "",
      "__PARA__L0": 50,
      "__PARA__L1": 25
    },
    "res_util": {
      "util-URAM": 0.06944444444444445,
      "util-BRAM": 0.0012345679012345679,
      "util-DSP": 0.02300194931773879,
      "util-LUT": 0.1483477692064781,
      "util-FF": 0.3327615374204899,
      "total-URAM": 50,
      "total-BRAM": 4,
      "total-DSP": 118,
      "total-LUT": 131537,
      "total-FF": 590106
    },
    "valid": true
  },
  "__PARA__L0-64.__PARA__L1-25.__PIPE__L0-NA": {
    "perf": 89859.0,
    "point": {
      "__PIPE__L0": "",
      "__PARA__L0": 64,
      "__PARA__L1": 25
    },
    "res_util": {
      "util-URAM": 0.06944444444444445,
      "util-BRAM": 0.0012345679012345679,
      "util-DSP": 0.026705653021442496,
      "util-LUT": 0.185672395903821,
      "util-FF": 0.4245201199981955,
      "total-URAM": 50,
      "total-BRAM": 4,
      "total-DSP": 137,
      "total-LUT": 164632,
      "total-FF": 752827
    },
    "valid": true
  },
  "__PARA__L0-125.__PARA__L1-25.__PIPE__L0-NA": {
    "perf": 89035.0,
    "point": {
      "__PIPE__L0": "",
      "__PARA__L0": 125,
      "__PARA__L1": 25
    },
    "res_util": {
      "util-URAM": 0.06944444444444445,
      "util-BRAM": 0.0012345679012345679,
      "util-DSP": 0.02300194931773879,
      "util-LUT": 0.3751984932557405,
      "util-FF": 0.8222972210944196,
      "total-URAM": 50,
      "total-BRAM": 4,
      "total-DSP": 118,
      "total-LUT": 332681,
      "total-FF": 1458229
    },
    "valid": true
  },
  "__PARA__L0-128.__PARA__L1-25.__PIPE__L0-NA": {
    "perf": 89941.0,
    "point": {
      "__PIPE__L0": "",
      "__PARA__L0": 128,
      "__PARA__L1": 25
    },
    "res_util": {
      "util-URAM": 0.06944444444444445,
      "util-BRAM": 0.0012345679012345679,
      "util-DSP": 0.026705653021442496,
      "util-LUT": 0.3830660441196373,
      "util-FF": 0.8418696711327649,
      "total-URAM": 50,
      "total-BRAM": 4,
      "total-DSP": 137,
      "total-LUT": 339657,
      "total-FF": 1492938
    },
    "valid": true
  },
  "__PARA__L0-250.__PARA__L1-25.__PIPE__L0-NA": {
    "perf": 0.0,
    "point": {
      "__PIPE__L0": "",
      "__PARA__L0": 250,
      "__PARA__L1": 25
    },
    "res_util": {
      "util-URAM": 0,
      "util-BRAM": 0,
      "util-DSP": 0,
      "util-LUT": 0,
      "util-FF": 0,
      "total-URAM": 0,
      "total-BRAM": 0,
      "total-DSP": 0,
      "total-LUT": 0,
      "total-FF": 0
    },
    "valid": false
  },
  "__PARA__L0-1.__PARA__L1-25.__PIPE__L0-off": {
    "perf": 77819.0,
    "point": {
      "__PIPE__L0": "off",
      "__PARA__L0": 1,
      "__PARA__L1": 25
    },
    "res_util": {
      "util-URAM": 0.06944444444444445,
      "util-BRAM": 0.0012345679012345679,
      "util-DSP": 0.01929824561403509,
      "util-LUT": 0.016813281003293185,
      "util-FF": 0.012310529164974963,
      "total-URAM": 50,
      "total-BRAM": 4,
      "total-DSP": 99,
      "total-LUT": 14908,
      "total-FF": 21831
    },
    "valid": true
  },
  "__PARA__L0-1.__PARA__L1-25.__PIPE__L0-   ": {
    "perf": 63196.0,
    "point": {
      "__PIPE__L0": "   ",
      "__PARA__L0": 1,
      "__PARA__L1": 25
    },
    "res_util": {
      "util-URAM": 0.0,
      "util-BRAM": 0.31049382716049384,
      "util-DSP": 1.0,
      "util-LUT": 0.48476902602968375,
      "util-FF": 0.29863535886678394,
      "total-URAM": 0,
      "total-BRAM": 1006,
      "total-DSP": 5513,
      "total-LUT": 429835,
      "total-FF": 529588
    },
    "valid": false
  },
  "__PARA__L0-125.__PARA__L1-25.__PIPE__L0-off": {
    "perf": 89035.0,
    "point": {
      "__PIPE__L0": "off",
      "__PARA__L0": 125,
      "__PARA__L1": 25
    },
    "res_util": {
      "util-URAM": 0.06944444444444445,
      "util-BRAM": 0.0012345679012345679,
      "util-DSP": 0.02300194931773879,
      "util-LUT": 0.3751984932557405,
      "util-FF": 0.8222972210944196,
      "total-URAM": 50,
      "total-BRAM": 4,
      "total-DSP": 118,
      "total-LUT": 332681,
      "total-FF": 1458229
    },
    "valid": true
  },
  "__PARA__L0-125.__PARA__L1-25.__PIPE__L0-   ": {
    "perf": 0.0,
    "point": {
      "__PIPE__L0": "   ",
      "__PARA__L0": 125,
      "__PARA__L1": 25
    },
    "res_util": {
      "util-URAM": 0,
      "util-BRAM": 0,
      "util-DSP": 0,
      "util-LUT": 0,
      "util-FF": 0,
      "total-URAM": 0,
      "total-BRAM": 0,
      "total-DSP": 0,
      "total-LUT": 0,
      "total-FF": 0
    },
    "valid": false
  },
  "__PARA__L0-50.__PARA__L1-25.__PIPE__L0-off": {
    "perf": 89074.0,
    "point": {
      "__PIPE__L0": "off",
      "__PARA__L0": 50,
      "__PARA__L1": 25
    },
    "res_util": {
      "util-URAM": 0.06944444444444445,
      "util-BRAM": 0.0012345679012345679,
      "util-DSP": 0.02300194931773879,
      "util-LUT": 0.1483477692064781,
      "util-FF": 0.3327615374204899,
      "total-URAM": 50,
      "total-BRAM": 4,
      "total-DSP": 118,
      "total-LUT": 131537,
      "total-FF": 590106
    },
    "valid": true
  },
  "__PARA__L0-50.__PARA__L1-25.__PIPE__L0-   ": {
    "perf": 0.0,
    "point": {
      "__PIPE__L0": "   ",
      "__PARA__L0": 50,
      "__PARA__L1": 25
    },
    "res_util": {
      "util-URAM": 0,
      "util-BRAM": 0,
      "util-DSP": 0,
      "util-LUT": 0,
      "util-FF": 0,
      "total-URAM": 0,
      "total-BRAM": 0,
      "total-DSP": 0,
      "total-LUT": 0,
      "total-FF": 0
    },
    "valid": false
  },
  "__PARA__L0-25.__PARA__L1-25.__PIPE__L0-off": {
    "perf": 89139.0,
    "point": {
      "__PIPE__L0": "off",
      "__PARA__L0": 25,
      "__PARA__L1": 25
    },
    "res_util": {
      "util-URAM": 0.06944444444444445,
      "util-BRAM": 0.0012345679012345679,
      "util-DSP": 0.02300194931773879,
      "util-LUT": 0.08566111787792664,
      "util-FF": 0.16957245003834528,
      "total-URAM": 50,
      "total-BRAM": 4,
      "total-DSP": 118,
      "total-LUT": 75954,
      "total-FF": 300713
    },
    "valid": true
  },
  "__PARA__L0-25.__PARA__L1-25.__PIPE__L0-   ": {
    "perf": 0.0,
    "point": {
      "__PIPE__L0": "   ",
      "__PARA__L0": 25,
      "__PARA__L1": 25
    },
    "res_util": {
      "util-URAM": 0,
      "util-BRAM": 0,
      "util-DSP": 0,
      "util-LUT": 0,
      "util-FF": 0,
      "total-URAM": 0,
      "total-BRAM": 0,
      "total-DSP": 0,
      "total-LUT": 0,
      "total-FF": 0
    },
    "valid": false
  },
  "__PARA__L0-10.__PARA__L1-25.__PIPE__L0-off": {
    "perf": 89334.0,
    "point": {
      "__PIPE__L0": "off",
      "__PARA__L0": 10,
      "__PARA__L1": 25
    },
    "res_util": {
      "util-URAM": 0.06944444444444445,
      "util-BRAM": 0.0012345679012345679,
      "util-DSP": 0.02300194931773879,
      "util-LUT": 0.04465872693643705,
      "util-FF": 0.07165493751973655,
      "total-URAM": 50,
      "total-BRAM": 4,
      "total-DSP": 118,
      "total-LUT": 39598,
      "total-FF": 127070
    },
    "valid": true
  },
  "__PARA__L0-10.__PARA__L1-25.__PIPE__L0-   ": {
    "perf": 0.0,
    "point": {
      "__PIPE__L0": "   ",
      "__PARA__L0": 10,
      "__PARA__L1": 25
    },
    "res_util": {
      "util-URAM": 0,
      "util-BRAM": 0,
      "util-DSP": 0,
      "util-LUT": 0,
      "util-FF": 0,
      "total-URAM": 0,
      "total-BRAM": 0,
      "total-DSP": 0,
      "total-LUT": 0,
      "total-FF": 0
    },
    "valid": false
  },
  "__PARA__L0-5.__PARA__L1-25.__PIPE__L0-off": {
    "perf": 89659.0,
    "point": {
      "__PIPE__L0": "off",
      "__PARA__L0": 5,
      "__PARA__L1": 25
    },
    "res_util": {
      "util-URAM": 0.06944444444444445,
      "util-BRAM": 0.0012345679012345679,
      "util-DSP": 0.02300194931773879,
      "util-LUT": 0.029868723778589797,
      "util-FF": 0.039018022285379164,
      "total-URAM": 50,
      "total-BRAM": 4,
      "total-DSP": 118,
      "total-LUT": 26484,
      "total-FF": 69193
    },
    "valid": true
  },
  "__PARA__L0-5.__PARA__L1-25.__PIPE__L0-   ": {
    "perf": 63004.0,
    "point": {
      "__PIPE__L0": "   ",
      "__PARA__L0": 5,
      "__PARA__L1": 25
    },
    "res_util": {
      "util-URAM": 0.0,
      "util-BRAM": 0.0006172839506172839,
      "util-DSP": 1.0,
      "util-LUT": 1.0,
      "util-FF": 1.0,
      "total-URAM": 0,
      "total-BRAM": 2,
      "total-DSP": 27565,
      "total-LUT": 2301555,
      "total-FF": 2738866
    },
    "valid": false
  },
  "__PARA__L0-64.__PARA__L1-25.__PIPE__L0-off": {
    "perf": 89859.0,
    "point": {
      "__PIPE__L0": "off",
      "__PARA__L0": 64,
      "__PARA__L1": 25
    },
    "res_util": {
      "util-URAM": 0.06944444444444445,
      "util-BRAM": 0.0012345679012345679,
      "util-DSP": 0.026705653021442496,
      "util-LUT": 0.185672395903821,
      "util-FF": 0.4245201199981955,
      "total-URAM": 50,
      "total-BRAM": 4,
      "total-DSP": 137,
      "total-LUT": 164632,
      "total-FF": 752827
    },
    "valid": true
  },
  "__PARA__L0-64.__PARA__L1-25.__PIPE__L0-   ": {
    "perf": 0.0,
    "point": {
      "__PIPE__L0": "   ",
      "__PARA__L0": 64,
      "__PARA__L1": 25
    },
    "res_util": {
      "util-URAM": 0,
      "util-BRAM": 0,
      "util-DSP": 0,
      "util-LUT": 0,
      "util-FF": 0,
      "total-URAM": 0,
      "total-BRAM": 0,
      "total-DSP": 0,
      "total-LUT": 0,
      "total-FF": 0
    },
    "valid": false
  },
  "__PARA__L0-32.__PARA__L1-25.__PIPE__L0-off": {
    "perf": 89887.0,
    "point": {
      "__PIPE__L0": "off",
      "__PARA__L0": 32,
      "__PARA__L1": 25
    },
    "res_util": {
      "util-URAM": 0.06944444444444445,
      "util-BRAM": 0.0012345679012345679,
      "util-DSP": 0.026705653021442496,
      "util-LUT": 0.10298642125682321,
      "util-FF": 0.21597701538322733,
      "total-URAM": 50,
      "total-BRAM": 4,
      "total-DSP": 137,
      "total-LUT": 91316,
      "total-FF": 383005
    },
    "valid": true
  },
  "__PARA__L0-32.__PARA__L1-25.__PIPE__L0-   ": {
    "perf": 0.0,
    "point": {
      "__PIPE__L0": "   ",
      "__PARA__L0": 32,
      "__PARA__L1": 25
    },
    "res_util": {
      "util-URAM": 0,
      "util-BRAM": 0,
      "util-DSP": 0,
      "util-LUT": 0,
      "util-FF": 0,
      "total-URAM": 0,
      "total-BRAM": 0,
      "total-DSP": 0,
      "total-LUT": 0,
      "total-FF": 0
    },
    "valid": false
  },
  "__PARA__L0-128.__PARA__L1-25.__PIPE__L0-off": {
    "perf": 89941.0,
    "point": {
      "__PIPE__L0": "off",
      "__PARA__L0": 128,
      "__PARA__L1": 25
    },
    "res_util": {
      "util-URAM": 0.06944444444444445,
      "util-BRAM": 0.0012345679012345679,
      "util-DSP": 0.026705653021442496,
      "util-LUT": 0.3830660441196373,
      "util-FF": 0.8418696711327649,
      "total-URAM": 50,
      "total-BRAM": 4,
      "total-DSP": 137,
      "total-LUT": 339657,
      "total-FF": 1492938
    },
    "valid": true
  },
  "__PARA__L0-128.__PARA__L1-25.__PIPE__L0-   ": {
    "perf": 0.0,
    "point": {
      "__PIPE__L0": "   ",
      "__PARA__L0": 128,
      "__PARA__L1": 25
    },
    "res_util": {
      "util-URAM": 0,
      "util-BRAM": 0,
      "util-DSP": 0,
      "util-LUT": 0,
      "util-FF": 0,
      "total-URAM": 0,
      "total-BRAM": 0,
      "total-DSP": 0,
      "total-LUT": 0,
      "total-FF": 0
    },
    "valid": false
  },
  "__PARA__L0-16.__PARA__L1-25.__PIPE__L0-off": {
    "perf": 90039.0,
    "point": {
      "__PIPE__L0": "off",
      "__PARA__L0": 16,
      "__PARA__L1": 25
    },
    "res_util": {
      "util-URAM": 0.06944444444444445,
      "util-BRAM": 0.0012345679012345679,
      "util-DSP": 0.02300194931773879,
      "util-LUT": 0.059405873595885776,
      "util-FF": 0.11083987458835205,
      "total-URAM": 50,
      "total-BRAM": 4,
      "total-DSP": 118,
      "total-LUT": 52674,
      "total-FF": 196559
    },
    "valid": true
  },
  "__PARA__L0-16.__PARA__L1-25.__PIPE__L0-   ": {
    "perf": 0.0,
    "point": {
      "__PIPE__L0": "   ",
      "__PARA__L0": 16,
      "__PARA__L1": 25
    },
    "res_util": {
      "util-URAM": 0,
      "util-BRAM": 0,
      "util-DSP": 0,
      "util-LUT": 0,
      "util-FF": 0,
      "total-URAM": 0,
      "total-BRAM": 0,
      "total-DSP": 0,
      "total-LUT": 0,
      "total-FF": 0
    },
    "valid": false
  },
  "__PARA__L0-8.__PARA__L1-25.__PIPE__L0-off": {
    "perf": 90391.0,
    "point": {
      "__PIPE__L0": "off",
      "__PARA__L0": 8,
      "__PARA__L1": 25
    },
    "res_util": {
      "util-URAM": 0.06944444444444445,
      "util-BRAM": 0.0012345679012345679,
      "util-DSP": 0.02300194931773879,
      "util-LUT": 0.03882234853611224,
      "util-FF": 0.05867844092570036,
      "total-URAM": 50,
      "total-BRAM": 4,
      "total-DSP": 118,
      "total-LUT": 34423,
      "total-FF": 104058
    },
    "valid": true
  },
  "__PARA__L0-8.__PARA__L1-25.__PIPE__L0-   ": {
    "perf": 63011.0,
    "point": {
      "__PIPE__L0": "   ",
      "__PARA__L0": 8,
      "__PARA__L1": 25
    },
    "res_util": {
      "util-URAM": 0.0,
      "util-BRAM": 0.0006172839506172839,
      "util-DSP": 1.0,
      "util-LUT": 1.0,
      "util-FF": 1.0,
      "total-URAM": 0,
      "total-BRAM": 2,
      "total-DSP": 22052,
      "total-LUT": 1976668,
      "total-FF": 2584604
    },
    "valid": false
  },
  "__PARA__L0-2.__PARA__L1-25.__PIPE__L0-off": {
    "perf": 90634.0,
    "point": {
      "__PIPE__L0": "off",
      "__PARA__L0": 2,
      "__PARA__L1": 25
    },
    "res_util": {
      "util-URAM": 0.06944444444444445,
      "util-BRAM": 0.0012345679012345679,
      "util-DSP": 0.022417153996101363,
      "util-LUT": 0.020100825551495467,
      "util-FF": 0.019103284161140432,
      "total-URAM": 50,
      "total-BRAM": 4,
      "total-DSP": 115,
      "total-LUT": 17823,
      "total-FF": 33877
    },
    "valid": true
  },
  "__PARA__L0-2.__PARA__L1-25.__PIPE__L0-   ": {
    "perf": 63071.0,
    "point": {
      "__PIPE__L0": "   ",
      "__PARA__L0": 2,
      "__PARA__L1": 25
    },
    "res_util": {
      "util-URAM": 0.0,
      "util-BRAM": 0.31049382716049384,
      "util-DSP": 1.0,
      "util-LUT": 0.9505424730455181,
      "util-FF": 0.5874610908106646,
      "total-URAM": 0,
      "total-BRAM": 1006,
      "total-DSP": 11026,
      "total-LUT": 842827,
      "total-FF": 1041780
    },
    "valid": false
  },
  "__PARA__L0-4.__PARA__L1-25.__PIPE__L0-off": {
    "perf": 90748.0,
    "point": {
      "__PIPE__L0": "off",
      "__PARA__L0": 4,
      "__PARA__L1": 25
    },
    "res_util": {
      "util-URAM": 0.06944444444444445,
      "util-BRAM": 0.0012345679012345679,
      "util-DSP": 0.022417153996101363,
      "util-LUT": 0.02610750214282492,
      "util-FF": 0.03226304867595976,
      "total-URAM": 50,
      "total-BRAM": 4,
      "total-DSP": 115,
      "total-LUT": 23149,
      "total-FF": 57214
    },
    "valid": true
  },
  "__PARA__L0-4.__PARA__L1-25.__PIPE__L0-   ": {
    "perf": 63075.0,
    "point": {
      "__PIPE__L0": "   ",
      "__PARA__L0": 4,
      "__PARA__L1": 25
    },
    "res_util": {
      "util-URAM": 0.0,
      "util-BRAM": 0.6203703703703703,
      "util-DSP": 1.0,
      "util-LUT": 1.0,
      "util-FF": 0.6973412053954076,
      "total-URAM": 0,
      "total-BRAM": 2010,
      "total-DSP": 11026,
      "total-LUT": 924688,
      "total-FF": 1236637
    },
    "valid": false
  },
  "__PARA__L0-2.__PARA__L1-128.__PIPE__L0-NA": {
    "perf": 73260.0,
    "point": {
      "__PIPE__L0": "",
      "__PARA__L0": 2,
      "__PARA__L1": 128
    },
    "res_util": {
      "util-URAM": 0.0,
      "util-BRAM": 0.30987654320987656,
      "util-DSP": 0.10292397660818714,
      "util-LUT": 0.12682704019488428,
      "util-FF": 0.11743526413136644,
      "total-URAM": 0,
      "total-BRAM": 1004,
      "total-DSP": 528,
      "total-LUT": 112455,
      "total-FF": 208255
    },
    "valid": true
  },
  "__PARA__L0-4.__PARA__L1-128.__PIPE__L0-NA": {
    "perf": 73297.0,
    "point": {
      "__PIPE__L0": "",
      "__PARA__L0": 4,
      "__PARA__L1": 128
    },
    "res_util": {
      "util-URAM": 0.0,
      "util-BRAM": 0.30987654320987656,
      "util-DSP": 0.10292397660818714,
      "util-LUT": 0.21340167817025307,
      "util-FF": 0.16644561735913746,
      "total-URAM": 0,
      "total-BRAM": 1004,
      "total-DSP": 528,
      "total-LUT": 189219,
      "total-FF": 295168
    },
    "valid": true
  },
  "__PARA__L0-5.__PARA__L1-128.__PIPE__L0-NA": {
    "perf": 67160.0,
    "point": {
      "__PIPE__L0": "",
      "__PARA__L0": 5,
      "__PARA__L1": 128
    },
    "res_util": {
      "util-URAM": 0.0,
      "util-BRAM": 0.30987654320987656,
      "util-DSP": 0.2573099415204678,
      "util-LUT": 0.31187801687192673,
      "util-FF": 0.27896535390445254,
      "total-URAM": 0,
      "total-BRAM": 1004,
      "total-DSP": 1320,
      "total-LUT": 276536,
      "total-FF": 494706
    },
    "valid": true
  },
  "__PARA__L0-8.__PARA__L1-128.__PIPE__L0-NA": {
    "perf": 68248.0,
    "point": {
      "__PIPE__L0": "",
      "__PARA__L0": 8,
      "__PARA__L1": 128
    },
    "res_util": {
      "util-URAM": 0.0,
      "util-BRAM": 0.30987654320987656,
      "util-DSP": 0.3087719298245614,
      "util-LUT": 0.4478481526593585,
      "util-FF": 0.38182658907384853,
      "total-URAM": 0,
      "total-BRAM": 1004,
      "total-DSP": 1584,
      "total-LUT": 397098,
      "total-FF": 677116
    },
    "valid": true
  },
  "__PARA__L0-10.__PARA__L1-128.__PIPE__L0-NA": {
    "perf": 65060.0,
    "point": {
      "__PIPE__L0": "",
      "__PARA__L0": 10,
      "__PARA__L1": 128
    },
    "res_util": {
      "util-URAM": 0.0,
      "util-BRAM": 0.30987654320987656,
      "util-DSP": 0.5146198830409356,
      "util-LUT": 0.6038300175937203,
      "util-FF": 0.5481791627193576,
      "total-URAM": 0,
      "total-BRAM": 1004,
      "total-DSP": 2640,
      "total-LUT": 535404,
      "total-FF": 972119
    },
    "valid": true
  },
  "__PARA__L0-16.__PARA__L1-128.__PIPE__L0-NA": {
    "perf": 65648.0,
    "point": {
      "__PIPE__L0": "",
      "__PARA__L0": 16,
      "__PARA__L1": 128
    },
    "res_util": {
      "util-URAM": 0.0,
      "util-BRAM": 0.30987654320987656,
      "util-DSP": 0.5146198830409356,
      "util-LUT": 0.8362408084088961,
      "util-FF": 0.6951808995353453,
      "total-URAM": 0,
      "total-BRAM": 1004,
      "total-DSP": 2640,
      "total-LUT": 741478,
      "total-FF": 1232806
    },
    "valid": true
  },
  "__PARA__L0-25.__PARA__L1-128.__PIPE__L0-NA": {
    "perf": 63840.0,
    "point": {
      "__PIPE__L0": "",
      "__PARA__L0": 25,
      "__PARA__L1": 128
    },
    "res_util": {
      "util-URAM": 0.0,
      "util-BRAM": 0.30987654320987656,
      "util-DSP": 1.0,
      "util-LUT": 1.0,
      "util-FF": 1.0,
      "total-URAM": 0,
      "total-BRAM": 1004,
      "total-DSP": 6600,
      "total-LUT": 1303974,
      "total-FF": 2402510
    },
    "valid": false
  },
  "__PARA__L0-32.__PARA__L1-128.__PIPE__L0-NA": {
    "perf": 0.0,
    "point": {
      "__PIPE__L0": "",
      "__PARA__L0": 32,
      "__PARA__L1": 128
    },
    "res_util": {
      "util-URAM": 0,
      "util-BRAM": 0,
      "util-DSP": 0,
      "util-LUT": 0,
      "util-FF": 0,
      "total-URAM": 0,
      "total-BRAM": 0,
      "total-DSP": 0,
      "total-LUT": 0,
      "total-FF": 0
    },
    "valid": false
  },
  "__PARA__L0-50.__PARA__L1-128.__PIPE__L0-NA": {
    "perf": 0.0,
    "point": {
      "__PIPE__L0": "",
      "__PARA__L0": 50,
      "__PARA__L1": 128
    },
    "res_util": {
      "util-URAM": 0,
      "util-BRAM": 0,
      "util-DSP": 0,
      "util-LUT": 0,
      "util-FF": 0,
      "total-URAM": 0,
      "total-BRAM": 0,
      "total-DSP": 0,
      "total-LUT": 0,
      "total-FF": 0
    },
    "valid": false
  },
  "__PARA__L0-64.__PARA__L1-128.__PIPE__L0-NA": {
    "perf": 0.0,
    "point": {
      "__PIPE__L0": "",
      "__PARA__L0": 64,
      "__PARA__L1": 128
    },
    "res_util": {
      "util-URAM": 0,
      "util-BRAM": 0,
      "util-DSP": 0,
      "util-LUT": 0,
      "util-FF": 0,
      "total-URAM": 0,
      "total-BRAM": 0,
      "total-DSP": 0,
      "total-LUT": 0,
      "total-FF": 0
    },
    "valid": false
  },
  "__PARA__L0-125.__PARA__L1-128.__PIPE__L0-NA": {
    "perf": 0.0,
    "point": {
      "__PIPE__L0": "",
      "__PARA__L0": 125,
      "__PARA__L1": 128
    },
    "res_util": {
      "util-URAM": 0,
      "util-BRAM": 0,
      "util-DSP": 0,
      "util-LUT": 0,
      "util-FF": 0,
      "total-URAM": 0,
      "total-BRAM": 0,
      "total-DSP": 0,
      "total-LUT": 0,
      "total-FF": 0
    },
    "valid": false
  },
  "__PARA__L0-128.__PARA__L1-128.__PIPE__L0-NA": {
    "perf": 0.0,
    "point": {
      "__PIPE__L0": "",
      "__PARA__L0": 128,
      "__PARA__L1": 128
    },
    "res_util": {
      "util-URAM": 0,
      "util-BRAM": 0,
      "util-DSP": 0,
      "util-LUT": 0,
      "util-FF": 0,
      "total-URAM": 0,
      "total-BRAM": 0,
      "total-DSP": 0,
      "total-LUT": 0,
      "total-FF": 0
    },
    "valid": false
  },
  "__PARA__L0-250.__PARA__L1-128.__PIPE__L0-NA": {
    "perf": 0.0,
    "point": {
      "__PIPE__L0": "",
      "__PARA__L0": 250,
      "__PARA__L1": 128
    },
    "res_util": {
      "util-URAM": 0,
      "util-BRAM": 0,
      "util-DSP": 0,
      "util-LUT": 0,
      "util-FF": 0,
      "total-URAM": 0,
      "total-BRAM": 0,
      "total-DSP": 0,
      "total-LUT": 0,
      "total-FF": 0
    },
    "valid": false
  },
  "__PARA__L0-10.__PARA__L1-128.__PIPE__L0-off": {
    "perf": 65060.0,
    "point": {
      "__PIPE__L0": "off",
      "__PARA__L0": 10,
      "__PARA__L1": 128
    },
    "res_util": {
      "util-URAM": 0.0,
      "util-BRAM": 0.30987654320987656,
      "util-DSP": 0.5146198830409356,
      "util-LUT": 0.6038300175937203,
      "util-FF": 0.5481791627193576,
      "total-URAM": 0,
      "total-BRAM": 1004,
      "total-DSP": 2640,
      "total-LUT": 535404,
      "total-FF": 972119
    },
    "valid": true
  },
  "__PARA__L0-10.__PARA__L1-128.__PIPE__L0-   ": {
    "perf": 0.0,
    "point": {
      "__PIPE__L0": "   ",
      "__PARA__L0": 10,
      "__PARA__L1": 128
    },
    "res_util": {
      "util-URAM": 0,
      "util-BRAM": 0,
      "util-DSP": 0,
      "util-LUT": 0,
      "util-FF": 0,
      "total-URAM": 0,
      "total-BRAM": 0,
      "total-DSP": 0,
      "total-LUT": 0,
      "total-FF": 0
    },
    "valid": false
  },
  "__PARA__L0-16.__PARA__L1-128.__PIPE__L0-off": {
    "perf": 65648.0,
    "point": {
      "__PIPE__L0": "off",
      "__PARA__L0": 16,
      "__PARA__L1": 128
    },
    "res_util": {
      "util-URAM": 0.0,
      "util-BRAM": 0.30987654320987656,
      "util-DSP": 0.5146198830409356,
      "util-LUT": 0.8362408084088961,
      "util-FF": 0.6951808995353453,
      "total-URAM": 0,
      "total-BRAM": 1004,
      "total-DSP": 2640,
      "total-LUT": 741478,
      "total-FF": 1232806
    },
    "valid": true
  },
  "__PARA__L0-16.__PARA__L1-128.__PIPE__L0-   ": {
    "perf": 0.0,
    "point": {
      "__PIPE__L0": "   ",
      "__PARA__L0": 16,
      "__PARA__L1": 128
    },
    "res_util": {
      "util-URAM": 0,
      "util-BRAM": 0,
      "util-DSP": 0,
      "util-LUT": 0,
      "util-FF": 0,
      "total-URAM": 0,
      "total-BRAM": 0,
      "total-DSP": 0,
      "total-LUT": 0,
      "total-FF": 0
    },
    "valid": false
  },
  "__PARA__L0-5.__PARA__L1-128.__PIPE__L0-off": {
    "perf": 67160.0,
    "point": {
      "__PIPE__L0": "off",
      "__PARA__L0": 5,
      "__PARA__L1": 128
    },
    "res_util": {
      "util-URAM": 0.0,
      "util-BRAM": 0.30987654320987656,
      "util-DSP": 0.2573099415204678,
      "util-LUT": 0.31187801687192673,
      "util-FF": 0.27896535390445254,
      "total-URAM": 0,
      "total-BRAM": 1004,
      "total-DSP": 1320,
      "total-LUT": 276536,
      "total-FF": 494706
    },
    "valid": true
  },
  "__PARA__L0-5.__PARA__L1-128.__PIPE__L0-   ": {
    "perf": 63004.0,
    "point": {
      "__PIPE__L0": "   ",
      "__PARA__L0": 5,
      "__PARA__L1": 128
    },
    "res_util": {
      "util-URAM": 0.0,
      "util-BRAM": 0.0006172839506172839,
      "util-DSP": 1.0,
      "util-LUT": 1.0,
      "util-FF": 1.0,
      "total-URAM": 0,
      "total-BRAM": 2,
      "total-DSP": 27565,
      "total-LUT": 2301555,
      "total-FF": 2738866
    },
    "valid": false
  },
  "__PARA__L0-8.__PARA__L1-128.__PIPE__L0-off": {
    "perf": 68248.0,
    "point": {
      "__PIPE__L0": "off",
      "__PARA__L0": 8,
      "__PARA__L1": 128
    },
    "res_util": {
      "util-URAM": 0.0,
      "util-BRAM": 0.30987654320987656,
      "util-DSP": 0.3087719298245614,
      "util-LUT": 0.4478481526593585,
      "util-FF": 0.38182658907384853,
      "total-URAM": 0,
      "total-BRAM": 1004,
      "total-DSP": 1584,
      "total-LUT": 397098,
      "total-FF": 677116
    },
    "valid": true
  },
  "__PARA__L0-8.__PARA__L1-128.__PIPE__L0-   ": {
    "perf": 63011.0,
    "point": {
      "__PIPE__L0": "   ",
      "__PARA__L0": 8,
      "__PARA__L1": 128
    },
    "res_util": {
      "util-URAM": 0.0,
      "util-BRAM": 0.0006172839506172839,
      "util-DSP": 1.0,
      "util-LUT": 1.0,
      "util-FF": 1.0,
      "total-URAM": 0,
      "total-BRAM": 2,
      "total-DSP": 22052,
      "total-LUT": 1976668,
      "total-FF": 2584604
    },
    "valid": false
  },
  "__PARA__L0-2.__PARA__L1-128.__PIPE__L0-off": {
    "perf": 73260.0,
    "point": {
      "__PIPE__L0": "off",
      "__PARA__L0": 2,
      "__PARA__L1": 128
    },
    "res_util": {
      "util-URAM": 0.0,
      "util-BRAM": 0.30987654320987656,
      "util-DSP": 0.10292397660818714,
      "util-LUT": 0.12682704019488428,
      "util-FF": 0.11743526413136644,
      "total-URAM": 0,
      "total-BRAM": 1004,
      "total-DSP": 528,
      "total-LUT": 112455,
      "total-FF": 208255
    },
    "valid": true
  },
  "__PARA__L0-2.__PARA__L1-128.__PIPE__L0-   ": {
    "perf": 63071.0,
    "point": {
      "__PIPE__L0": "   ",
      "__PARA__L0": 2,
      "__PARA__L1": 128
    },
    "res_util": {
      "util-URAM": 0.0,
      "util-BRAM": 0.31049382716049384,
      "util-DSP": 1.0,
      "util-LUT": 0.9505424730455181,
      "util-FF": 0.5874610908106646,
      "total-URAM": 0,
      "total-BRAM": 1006,
      "total-DSP": 11026,
      "total-LUT": 842827,
      "total-FF": 1041780
    },
    "valid": false
  },
  "__PARA__L0-4.__PARA__L1-128.__PIPE__L0-off": {
    "perf": 73297.0,
    "point": {
      "__PIPE__L0": "off",
      "__PARA__L0": 4,
      "__PARA__L1": 128
    },
    "res_util": {
      "util-URAM": 0.0,
      "util-BRAM": 0.30987654320987656,
      "util-DSP": 0.10292397660818714,
      "util-LUT": 0.21340167817025307,
      "util-FF": 0.16644561735913746,
      "total-URAM": 0,
      "total-BRAM": 1004,
      "total-DSP": 528,
      "total-LUT": 189219,
      "total-FF": 295168
    },
    "valid": true
  },
  "__PARA__L0-4.__PARA__L1-128.__PIPE__L0-   ": {
    "perf": 63075.0,
    "point": {
      "__PIPE__L0": "   ",
      "__PARA__L0": 4,
      "__PARA__L1": 128
    },
    "res_util": {
      "util-URAM": 0.0,
      "util-BRAM": 0.6203703703703703,
      "util-DSP": 1.0,
      "util-LUT": 1.0,
      "util-FF": 0.6973412053954076,
      "total-URAM": 0,
      "total-BRAM": 2010,
      "total-DSP": 11026,
      "total-LUT": 924688,
      "total-FF": 1236637
    },
    "valid": false
  },
  "__PARA__L0-1.__PARA__L1-128.__PIPE__L0-off": {
    "perf": 86365.0,
    "point": {
      "__PIPE__L0": "off",
      "__PARA__L0": 1,
      "__PARA__L1": 128
    },
    "res_util": {
      "util-URAM": 0.0,
      "util-BRAM": 0.30987654320987656,
      "util-DSP": 0.0152046783625731,
      "util-LUT": 0.06330243154238283,
      "util-FF": 0.03273334235575405,
      "total-URAM": 0,
      "total-BRAM": 1004,
      "total-DSP": 78,
      "total-LUT": 56129,
      "total-FF": 58048
    },
    "valid": true
  },
  "__PARA__L0-1.__PARA__L1-128.__PIPE__L0-   ": {
    "perf": 63196.0,
    "point": {
      "__PIPE__L0": "   ",
      "__PARA__L0": 1,
      "__PARA__L1": 128
    },
    "res_util": {
      "util-URAM": 0.0,
      "util-BRAM": 0.31049382716049384,
      "util-DSP": 1.0,
      "util-LUT": 0.48476902602968375,
      "util-FF": 0.29863535886678394,
      "total-URAM": 0,
      "total-BRAM": 1006,
      "total-DSP": 5513,
      "total-LUT": 429835,
      "total-FF": 529588
    },
    "valid": false
  },
  "__PARA__L0-2.__PARA__L1-10.__PIPE__L0-NA": {
    "perf": 111384.0,
    "point": {
      "__PIPE__L0": "",
      "__PARA__L0": 2,
      "__PARA__L1": 10
    },
    "res_util": {
      "util-URAM": 0.0,
      "util-BRAM": 0.1,
      "util-DSP": 0.012085769980506823,
      "util-LUT": 0.00933820544051969,
      "util-FF": 0.008394234673162809,
      "total-URAM": 0,
      "total-BRAM": 324,
      "total-DSP": 62,
      "total-LUT": 8280,
      "total-FF": 14886
    },
    "valid": true
  },
  "__PARA__L0-4.__PARA__L1-10.__PIPE__L0-NA": {
    "perf": 111664.0,
    "point": {
      "__PIPE__L0": "",
      "__PARA__L0": 4,
      "__PARA__L1": 10
    },
    "res_util": {
      "util-URAM": 0.0,
      "util-BRAM": 0.1,
      "util-DSP": 0.012085769980506823,
      "util-LUT": 0.012487030270221501,
      "util-FF": 0.01385223530473226,
      "total-URAM": 0,
      "total-BRAM": 324,
      "total-DSP": 62,
      "total-LUT": 11072,
      "total-FF": 24565
    },
    "valid": true
  },
  "__PARA__L0-5.__PARA__L1-10.__PIPE__L0-NA": {
    "perf": 110409.0,
    "point": {
      "__PIPE__L0": "",
      "__PARA__L0": 5,
      "__PARA__L1": 10
    },
    "res_util": {
      "util-URAM": 0.0,
      "util-BRAM": 0.1,
      "util-DSP": 0.012670565302144249,
      "util-LUT": 0.01475165786980647,
      "util-FF": 0.016742229440158796,
      "total-URAM": 0,
      "total-BRAM": 324,
      "total-DSP": 65,
      "total-LUT": 13080,
      "total-FF": 29690
    },
    "valid": true
  },
  "__PARA__L0-8.__PARA__L1-10.__PIPE__L0-NA": {
    "perf": 111672.0,
    "point": {
      "__PIPE__L0": "",
      "__PARA__L0": 8,
      "__PARA__L1": 10
    },
    "res_util": {
      "util-URAM": 0.0,
      "util-BRAM": 0.1,
      "util-DSP": 0.012670565302144249,
      "util-LUT": 0.01938354310461497,
      "util-FF": 0.024863535886678396,
      "total-URAM": 0,
      "total-BRAM": 324,
      "total-DSP": 65,
      "total-LUT": 17187,
      "total-FF": 44092
    },
    "valid": true
  },
  "__PARA__L0-10.__PARA__L1-10.__PIPE__L0-NA": {
    "perf": 110084.0,
    "point": {
      "__PIPE__L0": "",
      "__PARA__L0": 10,
      "__PARA__L1": 10
    },
    "res_util": {
      "util-URAM": 0.0,
      "util-BRAM": 0.1,
      "util-DSP": 0.012670565302144249,
      "util-LUT": 0.022329363468218524,
      "util-FF": 0.030102742815897504,
      "total-URAM": 0,
      "total-BRAM": 324,
      "total-DSP": 65,
      "total-LUT": 19799,
      "total-FF": 53383
    },
    "valid": true
  },
  "__PARA__L0-16.__PARA__L1-10.__PIPE__L0-NA": {
    "perf": 111304.0,
    "point": {
      "__PIPE__L0": "",
      "__PARA__L0": 16,
      "__PARA__L1": 10
    },
    "res_util": {
      "util-URAM": 0.0,
      "util-BRAM": 0.1,
      "util-DSP": 0.012670565302144249,
      "util-LUT": 0.030083006270582396,
      "util-FF": 0.046107389362565976,
      "total-URAM": 0,
      "total-BRAM": 324,
      "total-DSP": 65,
      "total-LUT": 26674,
      "total-FF": 81765
    },
    "valid": true
  },
  "__PARA__L0-25.__PARA__L1-10.__PIPE__L0-NA": {
    "perf": 109889.0,
    "point": {
      "__PIPE__L0": "",
      "__PARA__L0": 25,
      "__PARA__L1": 10
    },
    "res_util": {
      "util-URAM": 0.0,
      "util-BRAM": 0.1,
      "util-DSP": 0.012670565302144249,
      "util-LUT": 0.04372490639238508,
      "util-FF": 0.07018879415347137,
      "total-URAM": 0,
      "total-BRAM": 324,
      "total-DSP": 65,
      "total-LUT": 38770,
      "total-FF": 124470
    },
    "valid": true
  },
  "__PARA__L0-32.__PARA__L1-10.__PIPE__L0-NA": {
    "perf": 111135.0,
    "point": {
      "__PIPE__L0": "",
      "__PARA__L0": 32,
      "__PARA__L1": 10
    },
    "res_util": {
      "util-URAM": 0.0,
      "util-BRAM": 0.1,
      "util-DSP": 0.012670565302144249,
      "util-LUT": 0.05224319935038571,
      "util-FF": 0.08879866468173411,
      "total-URAM": 0,
      "total-BRAM": 324,
      "total-DSP": 65,
      "total-LUT": 46323,
      "total-FF": 157472
    },
    "valid": true
  },
  "__PARA__L0-50.__PARA__L1-10.__PIPE__L0-NA": {
    "perf": 109824.0,
    "point": {
      "__PIPE__L0": "",
      "__PARA__L0": 50,
      "__PARA__L1": 10
    },
    "res_util": {
      "util-URAM": 0.0,
      "util-BRAM": 0.1,
      "util-DSP": 0.012670565302144249,
      "util-LUT": 0.07698944376776289,
      "util-FF": 0.13699587224252266,
      "total-URAM": 0,
      "total-BRAM": 324,
      "total-DSP": 65,
      "total-LUT": 68265,
      "total-FF": 242943
    },
    "valid": true
  },
  "__PARA__L0-64.__PARA__L1-10.__PIPE__L0-NA": {
    "perf": 111107.0,
    "point": {
      "__PIPE__L0": "",
      "__PARA__L0": 64,
      "__PARA__L1": 10
    },
    "res_util": {
      "util-URAM": 0.0,
      "util-BRAM": 0.1,
      "util-DSP": 0.012670565302144249,
      "util-LUT": 0.09534668651599223,
      "util-FF": 0.17415865926828167,
      "total-URAM": 0,
      "total-BRAM": 324,
      "total-DSP": 65,
      "total-LUT": 84542,
      "total-FF": 308846
    },
    "valid": true
  },
  "__PARA__L0-125.__PARA__L1-10.__PIPE__L0-NA": {
    "perf": 109785.0,
    "point": {
      "__PIPE__L0": "",
      "__PARA__L0": 125,
      "__PARA__L1": 10
    },
    "res_util": {
      "util-URAM": 0.0,
      "util-BRAM": 0.1,
      "util-DSP": 0.012670565302144249,
      "util-LUT": 0.19301890197139893,
      "util-FF": 0.3373973699643614,
      "total-URAM": 0,
      "total-BRAM": 324,
      "total-DSP": 65,
      "total-LUT": 171146,
      "total-FF": 598327
    },
    "valid": true
  },
  "__PARA__L0-128.__PARA__L1-10.__PIPE__L0-NA": {
    "perf": 111189.0,
    "point": {
      "__PIPE__L0": "",
      "__PARA__L0": 128,
      "__PARA__L1": 10
    },
    "res_util": {
      "util-URAM": 0.0,
      "util-BRAM": 0.1,
      "util-DSP": 0.012670565302144249,
      "util-LUT": 0.19570419993684304,
      "util-FF": 0.34483691974556774,
      "total-URAM": 0,
      "total-BRAM": 324,
      "total-DSP": 65,
      "total-LUT": 173527,
      "total-FF": 611520
    },
    "valid": true
  },
  "__PARA__L0-250.__PARA__L1-10.__PIPE__L0-NA": {
    "perf": 109771.0,
    "point": {
      "__PIPE__L0": "",
      "__PARA__L0": 250,
      "__PARA__L1": 10
    },
    "res_util": {
      "util-URAM": 0.0,
      "util-BRAM": 0.1,
      "util-DSP": 0.016374269005847954,
      "util-LUT": 0.3653629268732801,
      "util-FF": 0.6684485947579736,
      "total-URAM": 0,
      "total-BRAM": 324,
      "total-DSP": 84,
      "total-LUT": 323960,
      "total-FF": 1185400
    },
    "valid": true
  },
  "__PARA__L0-1.__PARA__L1-10.__PIPE__L0-off": {
    "perf": 100319.0,
    "point": {
      "__PIPE__L0": "off",
      "__PARA__L0": 1,
      "__PARA__L1": 10
    },
    "res_util": {
      "util-URAM": 0.0,
      "util-BRAM": 0.1,
      "util-DSP": 0.008966861598440545,
      "util-LUT": 0.00763635133306266,
      "util-FF": 0.005457436730274733,
      "total-URAM": 0,
      "total-BRAM": 324,
      "total-DSP": 46,
      "total-LUT": 6771,
      "total-FF": 9678
    },
    "valid": true
  },
  "__PARA__L0-1.__PARA__L1-10.__PIPE__L0-   ": {
    "perf": 63196.0,
    "point": {
      "__PIPE__L0": "   ",
      "__PARA__L0": 1,
      "__PARA__L1": 10
    },
    "res_util": {
      "util-URAM": 0.0,
      "util-BRAM": 0.31049382716049384,
      "util-DSP": 1.0,
      "util-LUT": 0.48476902602968375,
      "util-FF": 0.29863535886678394,
      "total-URAM": 0,
      "total-BRAM": 1006,
      "total-DSP": 5513,
      "total-LUT": 429835,
      "total-FF": 529588
    },
    "valid": false
  },
  "__PARA__L0-250.__PARA__L1-10.__PIPE__L0-off": {
    "perf": 109771.0,
    "point": {
      "__PIPE__L0": "off",
      "__PARA__L0": 250,
      "__PARA__L1": 10
    },
    "res_util": {
      "util-URAM": 0.0,
      "util-BRAM": 0.1,
      "util-DSP": 0.016374269005847954,
      "util-LUT": 0.3653629268732801,
      "util-FF": 0.6684485947579736,
      "total-URAM": 0,
      "total-BRAM": 324,
      "total-DSP": 84,
      "total-LUT": 323960,
      "total-FF": 1185400
    },
    "valid": true
  },
  "__PARA__L0-250.__PARA__L1-10.__PIPE__L0-   ": {
    "perf": 0.0,
    "point": {
      "__PIPE__L0": "   ",
      "__PARA__L0": 250,
      "__PARA__L1": 10
    },
    "res_util": {
      "util-URAM": 0,
      "util-BRAM": 0,
      "util-DSP": 0,
      "util-LUT": 0,
      "util-FF": 0,
      "total-URAM": 0,
      "total-BRAM": 0,
      "total-DSP": 0,
      "total-LUT": 0,
      "total-FF": 0
    },
    "valid": false
  },
  "__PARA__L0-125.__PARA__L1-10.__PIPE__L0-off": {
    "perf": 109785.0,
    "point": {
      "__PIPE__L0": "off",
      "__PARA__L0": 125,
      "__PARA__L1": 10
    },
    "res_util": {
      "util-URAM": 0.0,
      "util-BRAM": 0.1,
      "util-DSP": 0.012670565302144249,
      "util-LUT": 0.19301890197139893,
      "util-FF": 0.3373973699643614,
      "total-URAM": 0,
      "total-BRAM": 324,
      "total-DSP": 65,
      "total-LUT": 171146,
      "total-FF": 598327
    },
    "valid": true
  },
  "__PARA__L0-125.__PARA__L1-10.__PIPE__L0-   ": {
    "perf": 0.0,
    "point": {
      "__PIPE__L0": "   ",
      "__PARA__L0": 125,
      "__PARA__L1": 10
    },
    "res_util": {
      "util-URAM": 0,
      "util-BRAM": 0,
      "util-DSP": 0,
      "util-LUT": 0,
      "util-FF": 0,
      "total-URAM": 0,
      "total-BRAM": 0,
      "total-DSP": 0,
      "total-LUT": 0,
      "total-FF": 0
    },
    "valid": false
  },
  "__PARA__L0-50.__PARA__L1-10.__PIPE__L0-off": {
    "perf": 109824.0,
    "point": {
      "__PIPE__L0": "off",
      "__PARA__L0": 50,
      "__PARA__L1": 10
    },
    "res_util": {
      "util-URAM": 0.0,
      "util-BRAM": 0.1,
      "util-DSP": 0.012670565302144249,
      "util-LUT": 0.07698944376776289,
      "util-FF": 0.13699587224252266,
      "total-URAM": 0,
      "total-BRAM": 324,
      "total-DSP": 65,
      "total-LUT": 68265,
      "total-FF": 242943
    },
    "valid": true
  },
  "__PARA__L0-50.__PARA__L1-10.__PIPE__L0-   ": {
    "perf": 0.0,
    "point": {
      "__PIPE__L0": "   ",
      "__PARA__L0": 50,
      "__PARA__L1": 10
    },
    "res_util": {
      "util-URAM": 0,
      "util-BRAM": 0,
      "util-DSP": 0,
      "util-LUT": 0,
      "util-FF": 0,
      "total-URAM": 0,
      "total-BRAM": 0,
      "total-DSP": 0,
      "total-LUT": 0,
      "total-FF": 0
    },
    "valid": false
  },
  "__PARA__L0-25.__PARA__L1-10.__PIPE__L0-off": {
    "perf": 109889.0,
    "point": {
      "__PIPE__L0": "off",
      "__PARA__L0": 25,
      "__PARA__L1": 10
    },
    "res_util": {
      "util-URAM": 0.0,
      "util-BRAM": 0.1,
      "util-DSP": 0.012670565302144249,
      "util-LUT": 0.04372490639238508,
      "util-FF": 0.07018879415347137,
      "total-URAM": 0,
      "total-BRAM": 324,
      "total-DSP": 65,
      "total-LUT": 38770,
      "total-FF": 124470
    },
    "valid": true
  },
  "__PARA__L0-25.__PARA__L1-10.__PIPE__L0-   ": {
    "perf": 0.0,
    "point": {
      "__PIPE__L0": "   ",
      "__PARA__L0": 25,
      "__PARA__L1": 10
    },
    "res_util": {
      "util-URAM": 0,
      "util-BRAM": 0,
      "util-DSP": 0,
      "util-LUT": 0,
      "util-FF": 0,
      "total-URAM": 0,
      "total-BRAM": 0,
      "total-DSP": 0,
      "total-LUT": 0,
      "total-FF": 0
    },
    "valid": false
  },
  "__PARA__L0-10.__PARA__L1-10.__PIPE__L0-off": {
    "perf": 110084.0,
    "point": {
      "__PIPE__L0": "off",
      "__PARA__L0": 10,
      "__PARA__L1": 10
    },
    "res_util": {
      "util-URAM": 0.0,
      "util-BRAM": 0.1,
      "util-DSP": 0.012670565302144249,
      "util-LUT": 0.022329363468218524,
      "util-FF": 0.030102742815897504,
      "total-URAM": 0,
      "total-BRAM": 324,
      "total-DSP": 65,
      "total-LUT": 19799,
      "total-FF": 53383
    },
    "valid": true
  },
  "__PARA__L0-10.__PARA__L1-10.__PIPE__L0-   ": {
    "perf": 0.0,
    "point": {
      "__PIPE__L0": "   ",
      "__PARA__L0": 10,
      "__PARA__L1": 10
    },
    "res_util": {
      "util-URAM": 0,
      "util-BRAM": 0,
      "util-DSP": 0,
      "util-LUT": 0,
      "util-FF": 0,
      "total-URAM": 0,
      "total-BRAM": 0,
      "total-DSP": 0,
      "total-LUT": 0,
      "total-FF": 0
    },
    "valid": false
  },
  "__PARA__L0-5.__PARA__L1-10.__PIPE__L0-off": {
    "perf": 110409.0,
    "point": {
      "__PIPE__L0": "off",
      "__PARA__L0": 5,
      "__PARA__L1": 10
    },
    "res_util": {
      "util-URAM": 0.0,
      "util-BRAM": 0.1,
      "util-DSP": 0.012670565302144249,
      "util-LUT": 0.01475165786980647,
      "util-FF": 0.016742229440158796,
      "total-URAM": 0,
      "total-BRAM": 324,
      "total-DSP": 65,
      "total-LUT": 13080,
      "total-FF": 29690
    },
    "valid": true
  },
  "__PARA__L0-5.__PARA__L1-10.__PIPE__L0-   ": {
    "perf": 63004.0,
    "point": {
      "__PIPE__L0": "   ",
      "__PARA__L0": 5,
      "__PARA__L1": 10
    },
    "res_util": {
      "util-URAM": 0.0,
      "util-BRAM": 0.0006172839506172839,
      "util-DSP": 1.0,
      "util-LUT": 1.0,
      "util-FF": 1.0,
      "total-URAM": 0,
      "total-BRAM": 2,
      "total-DSP": 27565,
      "total-LUT": 2301555,
      "total-FF": 2738866
    },
    "valid": false
  },
  "__PARA__L0-64.__PARA__L1-10.__PIPE__L0-off": {
    "perf": 111107.0,
    "point": {
      "__PIPE__L0": "off",
      "__PARA__L0": 64,
      "__PARA__L1": 10
    },
    "res_util": {
      "util-URAM": 0.0,
      "util-BRAM": 0.1,
      "util-DSP": 0.012670565302144249,
      "util-LUT": 0.09534668651599223,
      "util-FF": 0.17415865926828167,
      "total-URAM": 0,
      "total-BRAM": 324,
      "total-DSP": 65,
      "total-LUT": 84542,
      "total-FF": 308846
    },
    "valid": true
  },
  "__PARA__L0-64.__PARA__L1-10.__PIPE__L0-   ": {
    "perf": 0.0,
    "point": {
      "__PIPE__L0": "   ",
      "__PARA__L0": 64,
      "__PARA__L1": 10
    },
    "res_util": {
      "util-URAM": 0,
      "util-BRAM": 0,
      "util-DSP": 0,
      "util-LUT": 0,
      "util-FF": 0,
      "total-URAM": 0,
      "total-BRAM": 0,
      "total-DSP": 0,
      "total-LUT": 0,
      "total-FF": 0
    },
    "valid": false
  },
  "__PARA__L0-32.__PARA__L1-10.__PIPE__L0-off": {
    "perf": 111135.0,
    "point": {
      "__PIPE__L0": "off",
      "__PARA__L0": 32,
      "__PARA__L1": 10
    },
    "res_util": {
      "util-URAM": 0.0,
      "util-BRAM": 0.1,
      "util-DSP": 0.012670565302144249,
      "util-LUT": 0.05224319935038571,
      "util-FF": 0.08879866468173411,
      "total-URAM": 0,
      "total-BRAM": 324,
      "total-DSP": 65,
      "total-LUT": 46323,
      "total-FF": 157472
    },
    "valid": true
  },
  "__PARA__L0-32.__PARA__L1-10.__PIPE__L0-   ": {
    "perf": 0.0,
    "point": {
      "__PIPE__L0": "   ",
      "__PARA__L0": 32,
      "__PARA__L1": 10
    },
    "res_util": {
      "util-URAM": 0,
      "util-BRAM": 0,
      "util-DSP": 0,
      "util-LUT": 0,
      "util-FF": 0,
      "total-URAM": 0,
      "total-BRAM": 0,
      "total-DSP": 0,
      "total-LUT": 0,
      "total-FF": 0
    },
    "valid": false
  },
  "__PARA__L0-128.__PARA__L1-10.__PIPE__L0-off": {
    "perf": 111189.0,
    "point": {
      "__PIPE__L0": "off",
      "__PARA__L0": 128,
      "__PARA__L1": 10
    },
    "res_util": {
      "util-URAM": 0.0,
      "util-BRAM": 0.1,
      "util-DSP": 0.012670565302144249,
      "util-LUT": 0.19570419993684304,
      "util-FF": 0.34483691974556774,
      "total-URAM": 0,
      "total-BRAM": 324,
      "total-DSP": 65,
      "total-LUT": 173527,
      "total-FF": 611520
    },
    "valid": true
  },
  "__PARA__L0-128.__PARA__L1-10.__PIPE__L0-   ": {
    "perf": 0.0,
    "point": {
      "__PIPE__L0": "   ",
      "__PARA__L0": 128,
      "__PARA__L1": 10
    },
    "res_util": {
      "util-URAM": 0,
      "util-BRAM": 0,
      "util-DSP": 0,
      "util-LUT": 0,
      "util-FF": 0,
      "total-URAM": 0,
      "total-BRAM": 0,
      "total-DSP": 0,
      "total-LUT": 0,
      "total-FF": 0
    },
    "valid": false
  },
  "__PARA__L0-16.__PARA__L1-10.__PIPE__L0-off": {
    "perf": 111304.0,
    "point": {
      "__PIPE__L0": "off",
      "__PARA__L0": 16,
      "__PARA__L1": 10
    },
    "res_util": {
      "util-URAM": 0.0,
      "util-BRAM": 0.1,
      "util-DSP": 0.012670565302144249,
      "util-LUT": 0.030083006270582396,
      "util-FF": 0.046107389362565976,
      "total-URAM": 0,
      "total-BRAM": 324,
      "total-DSP": 65,
      "total-LUT": 26674,
      "total-FF": 81765
    },
    "valid": true
  },
  "__PARA__L0-16.__PARA__L1-10.__PIPE__L0-   ": {
    "perf": 0.0,
    "point": {
      "__PIPE__L0": "   ",
      "__PARA__L0": 16,
      "__PARA__L1": 10
    },
    "res_util": {
      "util-URAM": 0,
      "util-BRAM": 0,
      "util-DSP": 0,
      "util-LUT": 0,
      "util-FF": 0,
      "total-URAM": 0,
      "total-BRAM": 0,
      "total-DSP": 0,
      "total-LUT": 0,
      "total-FF": 0
    },
    "valid": false
  },
  "__PARA__L0-2.__PARA__L1-10.__PIPE__L0-off": {
    "perf": 111384.0,
    "point": {
      "__PIPE__L0": "off",
      "__PARA__L0": 2,
      "__PARA__L1": 10
    },
    "res_util": {
      "util-URAM": 0.0,
      "util-BRAM": 0.1,
      "util-DSP": 0.012085769980506823,
      "util-LUT": 0.00933820544051969,
      "util-FF": 0.008394234673162809,
      "total-URAM": 0,
      "total-BRAM": 324,
      "total-DSP": 62,
      "total-LUT": 8280,
      "total-FF": 14886
    },
    "valid": true
  },
  "__PARA__L0-2.__PARA__L1-10.__PIPE__L0-   ": {
    "perf": 63071.0,
    "point": {
      "__PIPE__L0": "   ",
      "__PARA__L0": 2,
      "__PARA__L1": 10
    },
    "res_util": {
      "util-URAM": 0.0,
      "util-BRAM": 0.31049382716049384,
      "util-DSP": 1.0,
      "util-LUT": 0.9505424730455181,
      "util-FF": 0.5874610908106646,
      "total-URAM": 0,
      "total-BRAM": 1006,
      "total-DSP": 11026,
      "total-LUT": 842827,
      "total-FF": 1041780
    },
    "valid": false
  },
  "__PARA__L0-4.__PARA__L1-10.__PIPE__L0-off": {
    "perf": 111664.0,
    "point": {
      "__PIPE__L0": "off",
      "__PARA__L0": 4,
      "__PARA__L1": 10
    },
    "res_util": {
      "util-URAM": 0.0,
      "util-BRAM": 0.1,
      "util-DSP": 0.012085769980506823,
      "util-LUT": 0.012487030270221501,
      "util-FF": 0.01385223530473226,
      "total-URAM": 0,
      "total-BRAM": 324,
      "total-DSP": 62,
      "total-LUT": 11072,
      "total-FF": 24565
    },
    "valid": true
  },
  "__PARA__L0-4.__PARA__L1-10.__PIPE__L0-   ": {
    "perf": 63075.0,
    "point": {
      "__PIPE__L0": "   ",
      "__PARA__L0": 4,
      "__PARA__L1": 10
    },
    "res_util": {
      "util-URAM": 0.0,
      "util-BRAM": 0.6203703703703703,
      "util-DSP": 1.0,
      "util-LUT": 1.0,
      "util-FF": 0.6973412053954076,
      "total-URAM": 0,
      "total-BRAM": 2010,
      "total-DSP": 11026,
      "total-LUT": 924688,
      "total-FF": 1236637
    },
    "valid": false
  },
  "__PARA__L0-8.__PARA__L1-10.__PIPE__L0-off": {
    "perf": 111672.0,
    "point": {
      "__PIPE__L0": "off",
      "__PARA__L0": 8,
      "__PARA__L1": 10
    },
    "res_util": {
      "util-URAM": 0.0,
      "util-BRAM": 0.1,
      "util-DSP": 0.012670565302144249,
      "util-LUT": 0.01938354310461497,
      "util-FF": 0.024863535886678396,
      "total-URAM": 0,
      "total-BRAM": 324,
      "total-DSP": 65,
      "total-LUT": 17187,
      "total-FF": 44092
    },
    "valid": true
  },
  "__PARA__L0-8.__PARA__L1-10.__PIPE__L0-   ": {
    "perf": 0.0,
    "point": {
      "__PIPE__L0": "   ",
      "__PARA__L0": 8,
      "__PARA__L1": 10
    },
    "res_util": {
      "util-URAM": 0,
      "util-BRAM": 0,
      "util-DSP": 0,
      "util-LUT": 0,
      "util-FF": 0,
      "total-URAM": 0,
      "total-BRAM": 0,
      "total-DSP": 0,
      "total-LUT": 0,
      "total-FF": 0
    },
    "valid": false
  },
  "__PARA__L0-2.__PARA__L1-64.__PIPE__L0-NA": {
    "perf": 87259.0,
    "point": {
      "__PIPE__L0": "",
      "__PARA__L0": 2,
      "__PARA__L1": 64
    },
    "res_util": {
      "util-URAM": 0.08888888888888889,
      "util-BRAM": 0.0012345679012345679,
      "util-DSP": 0.02884990253411306,
      "util-LUT": 0.03159651734560383,
      "util-FF": 0.03436019759101367,
      "total-URAM": 64,
      "total-BRAM": 4,
      "total-DSP": 148,
      "total-LUT": 28016,
      "total-FF": 60933
    },
    "valid": true
  },
  "__PARA__L0-4.__PARA__L1-64.__PIPE__L0-NA": {
    "perf": 87408.0,
    "point": {
      "__PIPE__L0": "",
      "__PARA__L0": 4,
      "__PARA__L1": 64
    },
    "res_util": {
      "util-URAM": 0.08888888888888889,
      "util-BRAM": 0.0012345679012345679,
      "util-DSP": 0.02884990253411306,
      "util-LUT": 0.04519217756123968,
      "util-FF": 0.061159042721162085,
      "total-URAM": 64,
      "total-BRAM": 4,
      "total-DSP": 148,
      "total-LUT": 40071,
      "total-FF": 108457
    },
    "valid": true
  },
  "__PARA__L0-5.__PARA__L1-64.__PIPE__L0-NA": {
    "perf": 86359.0,
    "point": {
      "__PIPE__L0": "",
      "__PARA__L0": 5,
      "__PARA__L1": 64
    },
    "res_util": {
      "util-URAM": 0.08888888888888889,
      "util-BRAM": 0.0012345679012345679,
      "util-DSP": 0.029434697855750487,
      "util-LUT": 0.05253304461587044,
      "util-FF": 0.07472876347724094,
      "total-URAM": 64,
      "total-BRAM": 4,
      "total-DSP": 151,
      "total-LUT": 46580,
      "total-FF": 132521
    },
    "valid": true
  },
  "__PARA__L0-8.__PARA__L1-64.__PIPE__L0-NA": {
    "perf": 87063.0,
    "point": {
      "__PIPE__L0": "",
      "__PARA__L0": 8,
      "__PARA__L1": 64
    },
    "res_util": {
      "util-URAM": 0.08888888888888889,
      "util-BRAM": 0.0012345679012345679,
      "util-DSP": 0.029434697855750487,
      "util-LUT": 0.07291356520954573,
      "util-FF": 0.11485710741191862,
      "total-URAM": 64,
      "total-BRAM": 4,
      "total-DSP": 151,
      "total-LUT": 64651,
      "total-FF": 203683
    },
    "valid": true
  },
  "__PARA__L0-10.__PARA__L1-64.__PIPE__L0-NA": {
    "perf": 86059.0,
    "point": {
      "__PIPE__L0": "",
      "__PARA__L0": 10,
      "__PARA__L1": 64
    },
    "res_util": {
      "util-URAM": 0.08888888888888889,
      "util-BRAM": 0.0012345679012345679,
      "util-DSP": 0.029434697855750487,
      "util-LUT": 0.08584382189741507,
      "util-FF": 0.1414568953850318,
      "total-URAM": 64,
      "total-BRAM": 4,
      "total-DSP": 151,
      "total-LUT": 76116,
      "total-FF": 250854
    },
    "valid": true
  },
  "__PARA__L0-16.__PARA__L1-64.__PIPE__L0-NA": {
    "perf": 86711.0,
    "point": {
      "__PIPE__L0": "",
      "__PARA__L0": 16,
      "__PARA__L1": 64
    },
    "res_util": {
      "util-URAM": 0.08888888888888889,
      "util-BRAM": 0.0012345679012345679,
      "util-DSP": 0.029434697855750487,
      "util-LUT": 0.1195076013894528,
      "util-FF": 0.22157655523977082,
      "total-URAM": 64,
      "total-BRAM": 4,
      "total-DSP": 151,
      "total-LUT": 105965,
      "total-FF": 392935
    },
    "valid": true
  },
  "__PARA__L0-25.__PARA__L1-64.__PIPE__L0-NA": {
    "perf": 85879.0,
    "point": {
      "__PIPE__L0": "",
      "__PARA__L0": 25,
      "__PARA__L1": 64
    },
    "res_util": {
      "util-URAM": 0.08888888888888889,
      "util-BRAM": 0.0012345679012345679,
      "util-DSP": 0.029434697855750487,
      "util-LUT": 0.17837664095276762,
      "util-FF": 0.3416458023187621,
      "total-URAM": 64,
      "total-BRAM": 4,
      "total-DSP": 151,
      "total-LUT": 158163,
      "total-FF": 605861
    },
    "valid": true
  },
  "__PARA__L0-32.__PARA__L1-64.__PIPE__L0-NA": {
    "perf": 86559.0,
    "point": {
      "__PIPE__L0": "",
      "__PARA__L0": 32,
      "__PARA__L1": 64
    },
    "res_util": {
      "util-URAM": 0.08888888888888889,
      "util-BRAM": 0.0012345679012345679,
      "util-DSP": 0.03313840155945419,
      "util-LUT": 0.21692944467000497,
      "util-FF": 0.4356814183245365,
      "total-URAM": 64,
      "total-BRAM": 4,
      "total-DSP": 170,
      "total-LUT": 192347,
      "total-FF": 772620
    },
    "valid": true
  }
}