{
  "__PARA__L0-1.__PARA__L1-1.__PARA__L2-1.__PARA__L4-1.__PARA__L5-1.__PIPE__L0-NA.__PIPE__L1-NA.__PIPE__L2-NA.__PIPE__L4-NA.__PIPE__L5-NA": {
    "perf": 486366.0,
    "point": {
      "__PIPE__L0": "",
      "__PARA__L0": 1,
      "__PIPE__L1": "",
      "__PARA__L1": 1,
      "__PIPE__L2": "",
      "__PARA__L2": 1,
      "__PIPE__L4": "",
      "__PARA__L4": 1,
      "__PIPE__L5": "",
      "__PARA__L5": 1
    },
    "res_util": {
      "util-URAM": 0.0,
      "util-BRAM": 0.03333333333333333,
      "util-DSP": 0.013060428849902534,
      "util-LUT": 0.0246266973428971,
      "util-FF": 0.00878896557946497,
      "total-URAM": 0,
      "total-BRAM": 108,
      "total-DSP": 67,
      "total-LUT": 21836,
      "total-FF": 15586
    },
    "valid": true
  },
  "__PARA__L0-1.__PARA__L1-1.__PARA__L2-2.__PARA__L4-1.__PARA__L5-1.__PIPE__L0-NA.__PIPE__L1-NA.__PIPE__L2-NA.__PIPE__L4-NA.__PIPE__L5-NA": {
    "perf": 259503.0,
    "point": {
      "__PIPE__L0": "",
      "__PARA__L0": 1,
      "__PIPE__L1": "",
      "__PARA__L1": 1,
      "__PIPE__L2": "",
      "__PARA__L2": 2,
      "__PIPE__L4": "",
      "__PARA__L4": 1,
      "__PIPE__L5": "",
      "__PARA__L5": 1
    },
    "res_util": {
      "util-URAM": 0.0,
      "util-BRAM": 0.07407407407407407,
      "util-DSP": 0.4152046783625731,
      "util-LUT": 0.34707335228041686,
      "util-FF": 0.15365633599494743,
      "total-URAM": 0,
      "total-BRAM": 240,
      "total-DSP": 2130,
      "total-LUT": 307743,
      "total-FF": 272488
    },
    "valid": true
  },
  "__PARA__L0-1.__PARA__L1-1.__PARA__L2-3.__PARA__L4-1.__PARA__L5-1.__PIPE__L0-NA.__PIPE__L1-NA.__PIPE__L2-NA.__PIPE__L4-NA.__PIPE__L5-NA": {
    "perf": 257343.0,
    "point": {
      "__PIPE__L0": "",
      "__PARA__L0": 1,
      "__PIPE__L1": "",
      "__PARA__L1": 1,
      "__PIPE__L2": "",
      "__PARA__L2": 3,
      "__PIPE__L4": "",
      "__PARA__L4": 1,
      "__PIPE__L5": "",
      "__PARA__L5": 1
    },
    "res_util": {
      "util-URAM": 0.0,
      "util-BRAM": 0.0,
      "util-DSP": 0.6226120857699805,
      "util-LUT": 0.5457910407362295,
      "util-FF": 0.23364235124283844,
      "total-URAM": 0,
      "total-BRAM": 0,
      "total-DSP": 3194,
      "total-LUT": 483942,
      "total-FF": 414332
    },
    "valid": true
  },
  "__PARA__L0-1.__PARA__L1-1.__PARA__L2-4.__PARA__L4-1.__PARA__L5-1.__PIPE__L0-NA.__PIPE__L1-NA.__PIPE__L2-NA.__PIPE__L4-NA.__PIPE__L5-NA": {
    "perf": 336903.0,
    "point": {
      "__PIPE__L0": "",
      "__PARA__L0": 1,
      "__PIPE__L1": "",
      "__PARA__L1": 1,
      "__PIPE__L2": "",
      "__PARA__L2": 4,
      "__PIPE__L4": "",
      "__PARA__L4": 1,
      "__PIPE__L5": "",
      "__PARA__L5": 1
    },
    "res_util": {
      "util-URAM": 0.0,
      "util-BRAM": 0.0,
      "util-DSP": 0.845224171539961,
      "util-LUT": 0.6831923580096539,
      "util-FF": 0.3164371588397167,
      "total-URAM": 0,
      "total-BRAM": 0,
      "total-DSP": 4336,
      "total-LUT": 605773,
      "total-FF": 561157
    },
    "valid": true
  },
  "__PARA__L0-1.__PARA__L1-1.__PARA__L2-6.__PARA__L4-1.__PARA__L5-1.__PIPE__L0-NA.__PIPE__L1-NA.__PIPE__L2-NA.__PIPE__L4-NA.__PIPE__L5-NA": {
    "perf": 0.0,
    "point": {
      "__PIPE__L0": "",
      "__PARA__L0": 1,
      "__PIPE__L1": "",
      "__PARA__L1": 1,
      "__PIPE__L2": "",
      "__PARA__L2": 6,
      "__PIPE__L4": "",
      "__PARA__L4": 1,
      "__PIPE__L5": "",
      "__PARA__L5": 1
    },
    "res_util": {
      "util-URAM": 0,
      "util-BRAM": 0,
      "util-DSP": 0,
      "util-LUT": 0,
      "util-FF": 0,
      "total-URAM": 0,
      "total-BRAM": 0,
      "total-DSP": 0,
      "total-LUT": 0,
      "total-FF": 0
    },
    "valid": false
  },
  "__PARA__L0-1.__PARA__L1-1.__PARA__L2-8.__PARA__L4-1.__PARA__L5-1.__PIPE__L0-NA.__PIPE__L1-NA.__PIPE__L2-NA.__PIPE__L4-NA.__PIPE__L5-NA": {
    "perf": 285741.0,
    "point": {
      "__PIPE__L0": "",
      "__PARA__L0": 1,
      "__PIPE__L1": "",
      "__PARA__L1": 1,
      "__PIPE__L2": "",
      "__PARA__L2": 8,
      "__PIPE__L4": "",
      "__PARA__L4": 1,
      "__PIPE__L5": "",
      "__PARA__L5": 1
    },
    "res_util": {
      "util-URAM": 0.0,
      "util-BRAM": 0.0,
      "util-DSP": 1.0,
      "util-LUT": 1.0,
      "util-FF": 0.7204481887490414,
      "total-URAM": 0,
      "total-BRAM": 0,
      "total-DSP": 8500,
      "total-LUT": 1316125,
      "total-FF": 1277614
    },
    "valid": false
  },
  "__PARA__L0-1.__PARA__L1-1.__PARA__L2-9.__PARA__L4-1.__PARA__L5-1.__PIPE__L0-NA.__PIPE__L1-NA.__PIPE__L2-NA.__PIPE__L4-NA.__PIPE__L5-NA": {
    "perf": 0.0,
    "point": {
      "__PIPE__L0": "",
      "__PARA__L0": 1,
      "__PIPE__L1": "",
      "__PARA__L1": 1,
      "__PIPE__L2": "",
      "__PARA__L2": 9,
      "__PIPE__L4": "",
      "__PARA__L4": 1,
      "__PIPE__L5": "",
      "__PARA__L5": 1
    },
    "res_util": {
      "util-URAM": 0,
      "util-BRAM": 0,
      "util-DSP": 0,
      "util-LUT": 0,
      "util-FF": 0,
      "total-URAM": 0,
      "total-BRAM": 0,
      "total-DSP": 0,
      "total-LUT": 0,
      "total-FF": 0
    },
    "valid": false
  },
  "__PARA__L0-1.__PARA__L1-1.__PARA__L2-16.__PARA__L4-1.__PARA__L5-1.__PIPE__L0-NA.__PIPE__L1-NA.__PIPE__L2-NA.__PIPE__L4-NA.__PIPE__L5-NA": {
    "perf": 0.0,
    "point": {
      "__PIPE__L0": "",
      "__PARA__L0": 1,
      "__PIPE__L1": "",
      "__PARA__L1": 1,
      "__PIPE__L2": "",
      "__PARA__L2": 16,
      "__PIPE__L4": "",
      "__PARA__L4": 1,
      "__PIPE__L5": "",
      "__PARA__L5": 1
    },
    "res_util": {
      "util-URAM": 0,
      "util-BRAM": 0,
      "util-DSP": 0,
      "util-LUT": 0,
      "util-FF": 0,
      "total-URAM": 0,
      "total-BRAM": 0,
      "total-DSP": 0,
      "total-LUT": 0,
      "total-FF": 0
    },
    "valid": false
  },
  "__PARA__L0-1.__PARA__L1-1.__PARA__L2-18.__PARA__L4-1.__PARA__L5-1.__PIPE__L0-NA.__PIPE__L1-NA.__PIPE__L2-NA.__PIPE__L4-NA.__PIPE__L5-NA": {
    "perf": 0.0,
    "point": {
      "__PIPE__L0": "",
      "__PARA__L0": 1,
      "__PIPE__L1": "",
      "__PARA__L1": 1,
      "__PIPE__L2": "",
      "__PARA__L2": 18,
      "__PIPE__L4": "",
      "__PARA__L4": 1,
      "__PIPE__L5": "",
      "__PARA__L5": 1
    },
    "res_util": {
      "util-URAM": 0,
      "util-BRAM": 0,
      "util-DSP": 0,
      "util-LUT": 0,
      "util-FF": 0,
      "total-URAM": 0,
      "total-BRAM": 0,
      "total-DSP": 0,
      "total-LUT": 0,
      "total-FF": 0
    },
    "valid": false
  },
  "__PARA__L0-1.__PARA__L1-1.__PARA__L2-3.__PARA__L4-1.__PARA__L5-2.__PIPE__L0-NA.__PIPE__L1-NA.__PIPE__L2-NA.__PIPE__L4-NA.__PIPE__L5-NA": {
    "perf": 0.0,
    "point": {
      "__PIPE__L0": "",
      "__PARA__L0": 1,
      "__PIPE__L1": "",
      "__PARA__L1": 1,
      "__PIPE__L2": "",
      "__PARA__L2": 3,
      "__PIPE__L4": "",
      "__PARA__L4": 1,
      "__PIPE__L5": "",
      "__PARA__L5": 2
    },
    "res_util": {
      "util-URAM": 0,
      "util-BRAM": 0,
      "util-DSP": 0,
      "util-LUT": 0,
      "util-FF": 0,
      "total-URAM": 0,
      "total-BRAM": 0,
      "total-DSP": 0,
      "total-LUT": 0,
      "total-FF": 0
    },
    "valid": false
  },
  "__PARA__L0-1.__PARA__L1-1.__PARA__L2-3.__PARA__L4-1.__PARA__L5-3.__PIPE__L0-NA.__PIPE__L1-NA.__PIPE__L2-NA.__PIPE__L4-NA.__PIPE__L5-NA": {
    "perf": 0.0,
    "point": {
      "__PIPE__L0": "",
      "__PARA__L0": 1,
      "__PIPE__L1": "",
      "__PARA__L1": 1,
      "__PIPE__L2": "",
      "__PARA__L2": 3,
      "__PIPE__L4": "",
      "__PARA__L4": 1,
      "__PIPE__L5": "",
      "__PARA__L5": 3
    },
    "res_util": {
      "util-URAM": 0,
      "util-BRAM": 0,
      "util-DSP": 0,
      "util-LUT": 0,
      "util-FF": 0,
      "total-URAM": 0,
      "total-BRAM": 0,
      "total-DSP": 0,
      "total-LUT": 0,
      "total-FF": 0
    },
    "valid": false
  },
  "__PARA__L0-1.__PARA__L1-1.__PARA__L2-3.__PARA__L4-1.__PARA__L5-4.__PIPE__L0-NA.__PIPE__L1-NA.__PIPE__L2-NA.__PIPE__L4-NA.__PIPE__L5-NA": {
    "perf": 0.0,
    "point": {
      "__PIPE__L0": "",
      "__PARA__L0": 1,
      "__PIPE__L1": "",
      "__PARA__L1": 1,
      "__PIPE__L2": "",
      "__PARA__L2": 3,
      "__PIPE__L4": "",
      "__PARA__L4": 1,
      "__PIPE__L5": "",
      "__PARA__L5": 4
    },
    "res_util": {
      "util-URAM": 0,
      "util-BRAM": 0,
      "util-DSP": 0,
      "util-LUT": 0,
      "util-FF": 0,
      "total-URAM": 0,
      "total-BRAM": 0,
      "total-DSP": 0,
      "total-LUT": 0,
      "total-FF": 0
    },
    "valid": false
  },
  "__PARA__L0-1.__PARA__L1-1.__PARA__L2-3.__PARA__L4-1.__PARA__L5-6.__PIPE__L0-NA.__PIPE__L1-NA.__PIPE__L2-NA.__PIPE__L4-NA.__PIPE__L5-NA": {
    "perf": 0.0,
    "point": {
      "__PIPE__L0": "",
      "__PARA__L0": 1,
      "__PIPE__L1": "",
      "__PARA__L1": 1,
      "__PIPE__L2": "",
      "__PARA__L2": 3,
      "__PIPE__L4": "",
      "__PARA__L4": 1,
      "__PIPE__L5": "",
      "__PARA__L5": 6
    },
    "res_util": {
      "util-URAM": 0,
      "util-BRAM": 0,
      "util-DSP": 0,
      "util-LUT": 0,
      "util-FF": 0,
      "total-URAM": 0,
      "total-BRAM": 0,
      "total-DSP": 0,
      "total-LUT": 0,
      "total-FF": 0
    },
    "valid": false
  },
  "__PARA__L0-1.__PARA__L1-1.__PARA__L2-3.__PARA__L4-1.__PARA__L5-8.__PIPE__L0-NA.__PIPE__L1-NA.__PIPE__L2-NA.__PIPE__L4-NA.__PIPE__L5-NA": {
    "perf": 0.0,
    "point": {
      "__PIPE__L0": "",
      "__PARA__L0": 1,
      "__PIPE__L1": "",
      "__PARA__L1": 1,
      "__PIPE__L2": "",
      "__PARA__L2": 3,
      "__PIPE__L4": "",
      "__PARA__L4": 1,
      "__PIPE__L5": "",
      "__PARA__L5": 8
    },
    "res_util": {
      "util-URAM": 0,
      "util-BRAM": 0,
      "util-DSP": 0,
      "util-LUT": 0,
      "util-FF": 0,
      "total-URAM": 0,
      "total-BRAM": 0,
      "total-DSP": 0,
      "total-LUT": 0,
      "total-FF": 0
    },
    "valid": false
  },
  "__PARA__L0-1.__PARA__L1-1.__PARA__L2-3.__PARA__L4-1.__PARA__L5-9.__PIPE__L0-NA.__PIPE__L1-NA.__PIPE__L2-NA.__PIPE__L4-NA.__PIPE__L5-NA": {
    "perf": 0.0,
    "point": {
      "__PIPE__L0": "",
      "__PARA__L0": 1,
      "__PIPE__L1": "",
      "__PARA__L1": 1,
      "__PIPE__L2": "",
      "__PARA__L2": 3,
      "__PIPE__L4": "",
      "__PARA__L4": 1,
      "__PIPE__L5": "",
      "__PARA__L5": 9
    },
    "res_util": {
      "util-URAM": 0,
      "util-BRAM": 0,
      "util-DSP": 0,
      "util-LUT": 0,
      "util-FF": 0,
      "total-URAM": 0,
      "total-BRAM": 0,
      "total-DSP": 0,
      "total-LUT": 0,
      "total-FF": 0
    },
    "valid": false
  },
  "__PARA__L0-1.__PARA__L1-1.__PARA__L2-3.__PARA__L4-1.__PARA__L5-16.__PIPE__L0-NA.__PIPE__L1-NA.__PIPE__L2-NA.__PIPE__L4-NA.__PIPE__L5-NA": {
    "perf": 0.0,
    "point": {
      "__PIPE__L0": "",
      "__PARA__L0": 1,
      "__PIPE__L1": "",
      "__PARA__L1": 1,
      "__PIPE__L2": "",
      "__PARA__L2": 3,
      "__PIPE__L4": "",
      "__PARA__L4": 1,
      "__PIPE__L5": "",
      "__PARA__L5": 16
    },
    "res_util": {
      "util-URAM": 0,
      "util-BRAM": 0,
      "util-DSP": 0,
      "util-LUT": 0,
      "util-FF": 0,
      "total-URAM": 0,
      "total-BRAM": 0,
      "total-DSP": 0,
      "total-LUT": 0,
      "total-FF": 0
    },
    "valid": false
  },
  "__PARA__L0-1.__PARA__L1-1.__PARA__L2-3.__PARA__L4-1.__PARA__L5-18.__PIPE__L0-NA.__PIPE__L1-NA.__PIPE__L2-NA.__PIPE__L4-NA.__PIPE__L5-NA": {
    "perf": 0.0,
    "point": {
      "__PIPE__L0": "",
      "__PARA__L0": 1,
      "__PIPE__L1": "",
      "__PARA__L1": 1,
      "__PIPE__L2": "",
      "__PARA__L2": 3,
      "__PIPE__L4": "",
      "__PARA__L4": 1,
      "__PIPE__L5": "",
      "__PARA__L5": 18
    },
    "res_util": {
      "util-URAM": 0,
      "util-BRAM": 0,
      "util-DSP": 0,
      "util-LUT": 0,
      "util-FF": 0,
      "total-URAM": 0,
      "total-BRAM": 0,
      "total-DSP": 0,
      "total-LUT": 0,
      "total-FF": 0
    },
    "valid": false
  },
  "__PARA__L0-1.__PARA__L1-1.__PARA__L2-3.__PARA__L4-1.__PARA__L5-1.__PIPE__L0-NA.__PIPE__L1-NA.__PIPE__L2-NA.__PIPE__L4-NA.__PIPE__L5-off": {
    "perf": 257343.0,
    "point": {
      "__PIPE__L0": "",
      "__PARA__L0": 1,
      "__PIPE__L1": "",
      "__PARA__L1": 1,
      "__PIPE__L2": "",
      "__PARA__L2": 3,
      "__PIPE__L4": "",
      "__PARA__L4": 1,
      "__PIPE__L5": "off",
      "__PARA__L5": 1
    },
    "res_util": {
      "util-URAM": 0.0,
      "util-BRAM": 0.0,
      "util-DSP": 0.6226120857699805,
      "util-LUT": 0.5457910407362295,
      "util-FF": 0.23364235124283844,
      "total-URAM": 0,
      "total-BRAM": 0,
      "total-DSP": 3194,
      "total-LUT": 483942,
      "total-FF": 414332
    },
    "valid": true
  },
  "__PARA__L0-1.__PARA__L1-1.__PARA__L2-3.__PARA__L4-1.__PARA__L5-1.__PIPE__L0-NA.__PIPE__L1-NA.__PIPE__L2-NA.__PIPE__L4-NA.__PIPE__L5-   ": {
    "perf": 36983.0,
    "point": {
      "__PIPE__L0": "",
      "__PARA__L0": 1,
      "__PIPE__L1": "",
      "__PARA__L1": 1,
      "__PIPE__L2": "",
      "__PARA__L2": 3,
      "__PIPE__L4": "",
      "__PARA__L4": 1,
      "__PIPE__L5": "   ",
      "__PARA__L5": 1
    },
    "res_util": {
      "util-URAM": 0.0,
      "util-BRAM": 0.0,
      "util-DSP": 0.6226120857699805,
      "util-LUT": 0.559263770469617,
      "util-FF": 0.24755830739387377,
      "total-URAM": 0,
      "total-BRAM": 0,
      "total-DSP": 3194,
      "total-LUT": 495888,
      "total-FF": 439010
    },
    "valid": true
  },
  "__PARA__L0-1.__PARA__L1-1.__PARA__L2-3.__PARA__L4-2.__PARA__L5-1.__PIPE__L0-NA.__PIPE__L1-NA.__PIPE__L2-NA.__PIPE__L4-NA.__PIPE__L5-   ": {
    "perf": 0.0,
    "point": {
      "__PIPE__L0": "",
      "__PARA__L0": 1,
      "__PIPE__L1": "",
      "__PARA__L1": 1,
      "__PIPE__L2": "",
      "__PARA__L2": 3,
      "__PIPE__L4": "",
      "__PARA__L4": 2,
      "__PIPE__L5": "   ",
      "__PARA__L5": 1
    },
    "res_util": {
      "util-URAM": 0,
      "util-BRAM": 0,
      "util-DSP": 0,
      "util-LUT": 0,
      "util-FF": 0,
      "total-URAM": 0,
      "total-BRAM": 0,
      "total-DSP": 0,
      "total-LUT": 0,
      "total-FF": 0
    },
    "valid": false
  },
  "__PARA__L0-1.__PARA__L1-1.__PARA__L2-3.__PARA__L4-3.__PARA__L5-1.__PIPE__L0-NA.__PIPE__L1-NA.__PIPE__L2-NA.__PIPE__L4-NA.__PIPE__L5-   ": {
    "perf": 68303.0,
    "point": {
      "__PIPE__L0": "",
      "__PARA__L0": 1,
      "__PIPE__L1": "",
      "__PARA__L1": 1,
      "__PIPE__L2": "",
      "__PARA__L2": 3,
      "__PIPE__L4": "",
      "__PARA__L4": 3,
      "__PIPE__L5": "   ",
      "__PARA__L5": 1
    },
    "res_util": {
      "util-URAM": 0.0,
      "util-BRAM": 0.0,
      "util-DSP": 0.6226120857699805,
      "util-LUT": 0.5915437361844182,
      "util-FF": 0.30165053908963774,
      "total-URAM": 0,
      "total-BRAM": 0,
      "total-DSP": 3194,
      "total-LUT": 524510,
      "total-FF": 534935
    },
    "valid": true
  },
  "__PARA__L0-1.__PARA__L1-1.__PARA__L2-3.__PARA__L4-4.__PARA__L5-1.__PIPE__L0-NA.__PIPE__L1-NA.__PIPE__L2-NA.__PIPE__L4-NA.__PIPE__L5-   ": {
    "perf": 0.0,
    "point": {
      "__PIPE__L0": "",
      "__PARA__L0": 1,
      "__PIPE__L1": "",
      "__PARA__L1": 1,
      "__PIPE__L2": "",
      "__PARA__L2": 3,
      "__PIPE__L4": "",
      "__PARA__L4": 4,
      "__PIPE__L5": "   ",
      "__PARA__L5": 1
    },
    "res_util": {
      "util-URAM": 0,
      "util-BRAM": 0,
      "util-DSP": 0,
      "util-LUT": 0,
      "util-FF": 0,
      "total-URAM": 0,
      "total-BRAM": 0,
      "total-DSP": 0,
      "total-LUT": 0,
      "total-FF": 0
    },
    "valid": false
  },
  "__PARA__L0-1.__PARA__L1-1.__PARA__L2-3.__PARA__L4-6.__PARA__L5-1.__PIPE__L0-NA.__PIPE__L1-NA.__PIPE__L2-NA.__PIPE__L4-NA.__PIPE__L5-   ": {
    "perf": 68303.0,
    "point": {
      "__PIPE__L0": "",
      "__PARA__L0": 1,
      "__PIPE__L1": "",
      "__PARA__L1": 1,
      "__PIPE__L2": "",
      "__PARA__L2": 3,
      "__PIPE__L4": "",
      "__PARA__L4": 6,
      "__PIPE__L5": "   ",
      "__PARA__L5": 1
    },
    "res_util": {
      "util-URAM": 0.0,
      "util-BRAM": 0.0,
      "util-DSP": 0.6226120857699805,
      "util-LUT": 0.6509552487932513,
      "util-FF": 0.3727150719538052,
      "total-URAM": 0,
      "total-BRAM": 0,
      "total-DSP": 3194,
      "total-LUT": 577189,
      "total-FF": 660958
    },
    "valid": true
  },
  "__PARA__L0-1.__PARA__L1-1.__PARA__L2-3.__PARA__L4-8.__PARA__L5-1.__PIPE__L0-NA.__PIPE__L1-NA.__PIPE__L2-NA.__PIPE__L4-NA.__PIPE__L5-   ": {
    "perf": 0.0,
    "point": {
      "__PIPE__L0": "",
      "__PARA__L0": 1,
      "__PIPE__L1": "",
      "__PARA__L1": 1,
      "__PIPE__L2": "",
      "__PARA__L2": 3,
      "__PIPE__L4": "",
      "__PARA__L4": 8,
      "__PIPE__L5": "   ",
      "__PARA__L5": 1
    },
    "res_util": {
      "util-URAM": 0,
      "util-BRAM": 0,
      "util-DSP": 0,
      "util-LUT": 0,
      "util-FF": 0,
      "total-URAM": 0,
      "total-BRAM": 0,
      "total-DSP": 0,
      "total-LUT": 0,
      "total-FF": 0
    },
    "valid": false
  },
  "__PARA__L0-1.__PARA__L1-1.__PARA__L2-3.__PARA__L4-9.__PARA__L5-1.__PIPE__L0-NA.__PIPE__L1-NA.__PIPE__L2-NA.__PIPE__L4-NA.__PIPE__L5-   ": {
    "perf": 68303.0,
    "point": {
      "__PIPE__L0": "",
      "__PARA__L0": 1,
      "__PIPE__L1": "",
      "__PARA__L1": 1,
      "__PIPE__L2": "",
      "__PARA__L2": 3,
      "__PIPE__L4": "",
      "__PARA__L4": 9,
      "__PIPE__L5": "   ",
      "__PARA__L5": 1
    },
    "res_util": {
      "util-URAM": 0.0,
      "util-BRAM": 0.0,
      "util-DSP": 0.6226120857699805,
      "util-LUT": 0.7078980015338115,
      "util-FF": 0.44378298822574097,
      "total-URAM": 0,
      "total-BRAM": 0,
      "total-DSP": 3194,
      "total-LUT": 627679,
      "total-FF": 786987
    },
    "valid": true
  },
  "__PARA__L0-1.__PARA__L1-1.__PARA__L2-3.__PARA__L4-16.__PARA__L5-1.__PIPE__L0-NA.__PIPE__L1-NA.__PIPE__L2-NA.__PIPE__L4-NA.__PIPE__L5-   ": {
    "perf": 0.0,
    "point": {
      "__PIPE__L0": "",
      "__PARA__L0": 1,
      "__PIPE__L1": "",
      "__PARA__L1": 1,
      "__PIPE__L2": "",
      "__PARA__L2": 3,
      "__PIPE__L4": "",
      "__PARA__L4": 16,
      "__PIPE__L5": "   ",
      "__PARA__L5": 1
    },
    "res_util": {
      "util-URAM": 0,
      "util-BRAM": 0,
      "util-DSP": 0,
      "util-LUT": 0,
      "util-FF": 0,
      "total-URAM": 0,
      "total-BRAM": 0,
      "total-DSP": 0,
      "total-LUT": 0,
      "total-FF": 0
    },
    "valid": false
  },
  "__PARA__L0-1.__PARA__L1-1.__PARA__L2-3.__PARA__L4-18.__PARA__L5-1.__PIPE__L0-NA.__PIPE__L1-NA.__PIPE__L2-NA.__PIPE__L4-NA.__PIPE__L5-   ": {
    "perf": 0.0,
    "point": {
      "__PIPE__L0": "",
      "__PARA__L0": 1,
      "__PIPE__L1": "",
      "__PARA__L1": 1,
      "__PIPE__L2": "",
      "__PARA__L2": 3,
      "__PIPE__L4": "",
      "__PARA__L4": 18,
      "__PIPE__L5": "   ",
      "__PARA__L5": 1
    },
    "res_util": {
      "util-URAM": 0,
      "util-BRAM": 0,
      "util-DSP": 0,
      "util-LUT": 0,
      "util-FF": 0,
      "total-URAM": 0,
      "total-BRAM": 0,
      "total-DSP": 0,
      "total-LUT": 0,
      "total-FF": 0
    },
    "valid": false
  },
  "__PARA__L0-1.__PARA__L1-1.__PARA__L2-3.__PARA__L4-1.__PARA__L5-1.__PIPE__L0-NA.__PIPE__L1-NA.__PIPE__L2-NA.__PIPE__L4-off.__PIPE__L5-   ": {
    "perf": 36983.0,
    "point": {
      "__PIPE__L0": "",
      "__PARA__L0": 1,
      "__PIPE__L1": "",
      "__PARA__L1": 1,
      "__PIPE__L2": "",
      "__PARA__L2": 3,
      "__PIPE__L4": "off",
      "__PARA__L4": 1,
      "__PIPE__L5": "   ",
      "__PARA__L5": 1
    },
    "res_util": {
      "util-URAM": 0.0,
      "util-BRAM": 0.0,
      "util-DSP": 0.6226120857699805,
      "util-LUT": 0.559263770469617,
      "util-FF": 0.24755830739387377,
      "total-URAM": 0,
      "total-BRAM": 0,
      "total-DSP": 3194,
      "total-LUT": 495888,
      "total-FF": 439010
    },
    "valid": true
  },
  "__PARA__L0-1.__PARA__L1-1.__PARA__L2-3.__PARA__L4-1.__PARA__L5-1.__PIPE__L0-NA.__PIPE__L1-NA.__PIPE__L2-NA.__PIPE__L4-   .__PIPE__L5-   ": {
    "perf": 0.0,
    "point": {
      "__PIPE__L0": "",
      "__PARA__L0": 1,
      "__PIPE__L1": "",
      "__PARA__L1": 1,
      "__PIPE__L2": "",
      "__PARA__L2": 3,
      "__PIPE__L4": "   ",
      "__PARA__L4": 1,
      "__PIPE__L5": "   ",
      "__PARA__L5": 1
    },
    "res_util": {
      "util-URAM": 0,
      "util-BRAM": 0,
      "util-DSP": 0,
      "util-LUT": 0,
      "util-FF": 0,
      "total-URAM": 0,
      "total-BRAM": 0,
      "total-DSP": 0,
      "total-LUT": 0,
      "total-FF": 0
    },
    "valid": false
  },
  "__PARA__L0-1.__PARA__L1-1.__PARA__L2-3.__PARA__L4-1.__PARA__L5-1.__PIPE__L0-NA.__PIPE__L1-NA.__PIPE__L2-off.__PIPE__L4-off.__PIPE__L5-   ": {
    "perf": 36983.0,
    "point": {
      "__PIPE__L0": "",
      "__PARA__L0": 1,
      "__PIPE__L1": "",
      "__PARA__L1": 1,
      "__PIPE__L2": "off",
      "__PARA__L2": 3,
      "__PIPE__L4": "off",
      "__PARA__L4": 1,
      "__PIPE__L5": "   ",
      "__PARA__L5": 1
    },
    "res_util": {
      "util-URAM": 0.0,
      "util-BRAM": 0.0,
      "util-DSP": 0.6226120857699805,
      "util-LUT": 0.559263770469617,
      "util-FF": 0.24755830739387377,
      "total-URAM": 0,
      "total-BRAM": 0,
      "total-DSP": 3194,
      "total-LUT": 495888,
      "total-FF": 439010
    },
    "valid": true
  },
  "__PARA__L0-1.__PARA__L1-1.__PARA__L2-3.__PARA__L4-1.__PARA__L5-1.__PIPE__L0-NA.__PIPE__L1-NA.__PIPE__L2-   .__PIPE__L4-off.__PIPE__L5-   ": {
    "perf": 36983.0,
    "point": {
      "__PIPE__L0": "",
      "__PARA__L0": 1,
      "__PIPE__L1": "",
      "__PARA__L1": 1,
      "__PIPE__L2": "   ",
      "__PARA__L2": 3,
      "__PIPE__L4": "off",
      "__PARA__L4": 1,
      "__PIPE__L5": "   ",
      "__PARA__L5": 1
    },
    "res_util": {
      "util-URAM": 0.0,
      "util-BRAM": 0.0,
      "util-DSP": 0.6226120857699805,
      "util-LUT": 0.559263770469617,
      "util-FF": 0.24755830739387377,
      "total-URAM": 0,
      "total-BRAM": 0,
      "total-DSP": 3194,
      "total-LUT": 495888,
      "total-FF": 439010
    },
    "valid": true
  },
  "__PARA__L0-1.__PARA__L1-2.__PARA__L2-3.__PARA__L4-1.__PARA__L5-1.__PIPE__L0-NA.__PIPE__L1-NA.__PIPE__L2-off.__PIPE__L4-off.__PIPE__L5-   ": {
    "perf": 0.0,
    "point": {
      "__PIPE__L0": "",
      "__PARA__L0": 1,
      "__PIPE__L1": "",
      "__PARA__L1": 2,
      "__PIPE__L2": "off",
      "__PARA__L2": 3,
      "__PIPE__L4": "off",
      "__PARA__L4": 1,
      "__PIPE__L5": "   ",
      "__PARA__L5": 1
    },
    "res_util": {
      "util-URAM": 0,
      "util-BRAM": 0,
      "util-DSP": 0,
      "util-LUT": 0,
      "util-FF": 0,
      "total-URAM": 0,
      "total-BRAM": 0,
      "total-DSP": 0,
      "total-LUT": 0,
      "total-FF": 0
    },
    "valid": false
  },
  "__PARA__L0-1.__PARA__L1-3.__PARA__L2-3.__PARA__L4-1.__PARA__L5-1.__PIPE__L0-NA.__PIPE__L1-NA.__PIPE__L2-off.__PIPE__L4-off.__PIPE__L5-   ": {
    "perf": 68303.0,
    "point": {
      "__PIPE__L0": "",
      "__PARA__L0": 1,
      "__PIPE__L1": "",
      "__PARA__L1": 3,
      "__PIPE__L2": "off",
      "__PARA__L2": 3,
      "__PIPE__L4": "off",
      "__PARA__L4": 1,
      "__PIPE__L5": "   ",
      "__PARA__L5": 1
    },
    "res_util": {
      "util-URAM": 0.0,
      "util-BRAM": 0.0,
      "util-DSP": 0.6226120857699805,
      "util-LUT": 0.6334765642621916,
      "util-FF": 0.32802645824874815,
      "total-URAM": 0,
      "total-BRAM": 0,
      "total-DSP": 3194,
      "total-LUT": 561691,
      "total-FF": 581709
    },
    "valid": true
  },
  "__PARA__L0-1.__PARA__L1-4.__PARA__L2-3.__PARA__L4-1.__PARA__L5-1.__PIPE__L0-NA.__PIPE__L1-NA.__PIPE__L2-off.__PIPE__L4-off.__PIPE__L5-   ": {
    "perf": 0.0,
    "point": {
      "__PIPE__L0": "",
      "__PARA__L0": 1,
      "__PIPE__L1": "",
      "__PARA__L1": 4,
      "__PIPE__L2": "off",
      "__PARA__L2": 3,
      "__PIPE__L4": "off",
      "__PARA__L4": 1,
      "__PIPE__L5": "   ",
      "__PARA__L5": 1
    },
    "res_util": {
      "util-URAM": 0,
      "util-BRAM": 0,
      "util-DSP": 0,
      "util-LUT": 0,
      "util-FF": 0,
      "total-URAM": 0,
      "total-BRAM": 0,
      "total-DSP": 0,
      "total-LUT": 0,
      "total-FF": 0
    },
    "valid": false
  },
  "__PARA__L0-1.__PARA__L1-6.__PARA__L2-3.__PARA__L4-1.__PARA__L5-1.__PIPE__L0-NA.__PIPE__L1-NA.__PIPE__L2-off.__PIPE__L4-off.__PIPE__L5-   ": {
    "perf": 68303.0,
    "point": {
      "__PIPE__L0": "",
      "__PARA__L0": 1,
      "__PIPE__L1": "",
      "__PARA__L1": 6,
      "__PIPE__L2": "off",
      "__PARA__L2": 3,
      "__PIPE__L4": "off",
      "__PARA__L4": 1,
      "__PIPE__L5": "   ",
      "__PARA__L5": 1
    },
    "res_util": {
      "util-URAM": 0.0,
      "util-BRAM": 0.0,
      "util-DSP": 0.6226120857699805,
      "util-LUT": 0.755271349303018,
      "util-FF": 0.4490627960481797,
      "total-URAM": 0,
      "total-BRAM": 0,
      "total-DSP": 3194,
      "total-LUT": 669684,
      "total-FF": 796350
    },
    "valid": true
  },
  "__PARA__L0-1.__PARA__L1-8.__PARA__L2-3.__PARA__L4-1.__PARA__L5-1.__PIPE__L0-NA.__PIPE__L1-NA.__PIPE__L2-off.__PIPE__L4-off.__PIPE__L5-   ": {
    "perf": 0.0,
    "point": {
      "__PIPE__L0": "",
      "__PARA__L0": 1,
      "__PIPE__L1": "",
      "__PARA__L1": 8,
      "__PIPE__L2": "off",
      "__PARA__L2": 3,
      "__PIPE__L4": "off",
      "__PARA__L4": 1,
      "__PIPE__L5": "   ",
      "__PARA__L5": 1
    },
    "res_util": {
      "util-URAM": 0,
      "util-BRAM": 0,
      "util-DSP": 0,
      "util-LUT": 0,
      "util-FF": 0,
      "total-URAM": 0,
      "total-BRAM": 0,
      "total-DSP": 0,
      "total-LUT": 0,
      "total-FF": 0
    },
    "valid": false
  },
  "__PARA__L0-1.__PARA__L1-9.__PARA__L2-3.__PARA__L4-1.__PARA__L5-1.__PIPE__L0-NA.__PIPE__L1-NA.__PIPE__L2-off.__PIPE__L4-off.__PIPE__L5-   ": {
    "perf": 0.0,
    "point": {
      "__PIPE__L0": "",
      "__PARA__L0": 1,
      "__PIPE__L1": "",
      "__PARA__L1": 9,
      "__PIPE__L2": "off",
      "__PARA__L2": 3,
      "__PIPE__L4": "off",
      "__PARA__L4": 1,
      "__PIPE__L5": "   ",
      "__PARA__L5": 1
    },
    "res_util": {
      "util-URAM": 0,
      "util-BRAM": 0,
      "util-DSP": 0,
      "util-LUT": 0,
      "util-FF": 0,
      "total-URAM": 0,
      "total-BRAM": 0,
      "total-DSP": 0,
      "total-LUT": 0,
      "total-FF": 0
    },
    "valid": false
  },
  "__PARA__L0-1.__PARA__L1-16.__PARA__L2-3.__PARA__L4-1.__PARA__L5-1.__PIPE__L0-NA.__PIPE__L1-NA.__PIPE__L2-off.__PIPE__L4-off.__PIPE__L5-   ": {
    "perf": 0.0,
    "point": {
      "__PIPE__L0": "",
      "__PARA__L0": 1,
      "__PIPE__L1": "",
      "__PARA__L1": 16,
      "__PIPE__L2": "off",
      "__PARA__L2": 3,
      "__PIPE__L4": "off",
      "__PARA__L4": 1,
      "__PIPE__L5": "   ",
      "__PARA__L5": 1
    },
    "res_util": {
      "util-URAM": 0,
      "util-BRAM": 0,
      "util-DSP": 0,
      "util-LUT": 0,
      "util-FF": 0,
      "total-URAM": 0,
      "total-BRAM": 0,
      "total-DSP": 0,
      "total-LUT": 0,
      "total-FF": 0
    },
    "valid": false
  },
  "__PARA__L0-1.__PARA__L1-18.__PARA__L2-3.__PARA__L4-1.__PARA__L5-1.__PIPE__L0-NA.__PIPE__L1-NA.__PIPE__L2-off.__PIPE__L4-off.__PIPE__L5-   ": {
    "perf": 0.0,
    "point": {
      "__PIPE__L0": "",
      "__PARA__L0": 1,
      "__PIPE__L1": "",
      "__PARA__L1": 18,
      "__PIPE__L2": "off",
      "__PARA__L2": 3,
      "__PIPE__L4": "off",
      "__PARA__L4": 1,
      "__PIPE__L5": "   ",
      "__PARA__L5": 1
    },
    "res_util": {
      "util-URAM": 0,
      "util-BRAM": 0,
      "util-DSP": 0,
      "util-LUT": 0,
      "util-FF": 0,
      "total-URAM": 0,
      "total-BRAM": 0,
      "total-DSP": 0,
      "total-LUT": 0,
      "total-FF": 0
    },
    "valid": false
  },
  "__PARA__L0-1.__PARA__L1-1.__PARA__L2-3.__PARA__L4-1.__PARA__L5-1.__PIPE__L0-NA.__PIPE__L1-off.__PIPE__L2-off.__PIPE__L4-off.__PIPE__L5-   ": {
    "perf": 0.0,
    "point": {
      "__PIPE__L0": "",
      "__PARA__L0": 1,
      "__PIPE__L1": "off",
      "__PARA__L1": 1,
      "__PIPE__L2": "off",
      "__PARA__L2": 3,
      "__PIPE__L4": "off",
      "__PARA__L4": 1,
      "__PIPE__L5": "   ",
      "__PARA__L5": 1
    },
    "res_util": {
      "util-URAM": 0,
      "util-BRAM": 0,
      "util-DSP": 0,
      "util-LUT": 0,
      "util-FF": 0,
      "total-URAM": 0,
      "total-BRAM": 0,
      "total-DSP": 0,
      "total-LUT": 0,
      "total-FF": 0
    },
    "valid": false
  },
  "__PARA__L0-1.__PARA__L1-1.__PARA__L2-3.__PARA__L4-1.__PARA__L5-1.__PIPE__L0-NA.__PIPE__L1-   .__PIPE__L2-off.__PIPE__L4-off.__PIPE__L5-   ": {
    "perf": 0.0,
    "point": {
      "__PIPE__L0": "",
      "__PARA__L0": 1,
      "__PIPE__L1": "   ",
      "__PARA__L1": 1,
      "__PIPE__L2": "off",
      "__PARA__L2": 3,
      "__PIPE__L4": "off",
      "__PARA__L4": 1,
      "__PIPE__L5": "   ",
      "__PARA__L5": 1
    },
    "res_util": {
      "util-URAM": 0,
      "util-BRAM": 0,
      "util-DSP": 0,
      "util-LUT": 0,
      "util-FF": 0,
      "total-URAM": 0,
      "total-BRAM": 0,
      "total-DSP": 0,
      "total-LUT": 0,
      "total-FF": 0
    },
    "valid": false
  },
  "__PARA__L0-2.__PARA__L1-3.__PARA__L2-3.__PARA__L4-1.__PARA__L5-1.__PIPE__L0-NA.__PIPE__L1-NA.__PIPE__L2-off.__PIPE__L4-off.__PIPE__L5-   ": {
    "perf": 68283.0,
    "point": {
      "__PIPE__L0": "",
      "__PARA__L0": 2,
      "__PIPE__L1": "",
      "__PARA__L1": 3,
      "__PIPE__L2": "off",
      "__PARA__L2": 3,
      "__PIPE__L4": "off",
      "__PARA__L4": 1,
      "__PIPE__L5": "   ",
      "__PARA__L5": 1
    },
    "res_util": {
      "util-URAM": 0.0,
      "util-BRAM": 0.0,
      "util-DSP": 0.6226120857699805,
      "util-LUT": 0.7831111562232147,
      "util-FF": 0.46600013533631074,
      "total-URAM": 0,
      "total-BRAM": 0,
      "total-DSP": 3194,
      "total-LUT": 694369,
      "total-FF": 826386
    },
    "valid": true
  },
  "__PARA__L0-4.__PARA__L1-3.__PARA__L2-3.__PARA__L4-1.__PARA__L5-1.__PIPE__L0-NA.__PIPE__L1-NA.__PIPE__L2-off.__PIPE__L4-off.__PIPE__L5-   ": {
    "perf": 0.0,
    "point": {
      "__PIPE__L0": "",
      "__PARA__L0": 4,
      "__PIPE__L1": "",
      "__PARA__L1": 3,
      "__PIPE__L2": "off",
      "__PARA__L2": 3,
      "__PIPE__L4": "off",
      "__PARA__L4": 1,
      "__PIPE__L5": "   ",
      "__PARA__L5": 1
    },
    "res_util": {
      "util-URAM": 0,
      "util-BRAM": 0,
      "util-DSP": 0,
      "util-LUT": 0,
      "util-FF": 0,
      "total-URAM": 0,
      "total-BRAM": 0,
      "total-DSP": 0,
      "total-LUT": 0,
      "total-FF": 0
    },
    "valid": false
  },
  "__PARA__L0-5.__PARA__L1-3.__PARA__L2-3.__PARA__L4-1.__PARA__L5-1.__PIPE__L0-NA.__PIPE__L1-NA.__PIPE__L2-off.__PIPE__L4-off.__PIPE__L5-   ": {
    "perf": 0.0,
    "point": {
      "__PIPE__L0": "",
      "__PARA__L0": 5,
      "__PIPE__L1": "",
      "__PARA__L1": 3,
      "__PIPE__L2": "off",
      "__PARA__L2": 3,
      "__PIPE__L4": "off",
      "__PARA__L4": 1,
      "__PIPE__L5": "   ",
      "__PARA__L5": 1
    },
    "res_util": {
      "util-URAM": 0,
      "util-BRAM": 0,
      "util-DSP": 0,
      "util-LUT": 0,
      "util-FF": 0,
      "total-URAM": 0,
      "total-BRAM": 0,
      "total-DSP": 0,
      "total-LUT": 0,
      "total-FF": 0
    },
    "valid": false
  },
  "__PARA__L0-8.__PARA__L1-3.__PARA__L2-3.__PARA__L4-1.__PARA__L5-1.__PIPE__L0-NA.__PIPE__L1-NA.__PIPE__L2-off.__PIPE__L4-off.__PIPE__L5-   ": {
    "perf": 0.0,
    "point": {
      "__PIPE__L0": "",
      "__PARA__L0": 8,
      "__PIPE__L1": "",
      "__PARA__L1": 3,
      "__PIPE__L2": "off",
      "__PARA__L2": 3,
      "__PIPE__L4": "off",
      "__PARA__L4": 1,
      "__PIPE__L5": "   ",
      "__PARA__L5": 1
    },
    "res_util": {
      "util-URAM": 0,
      "util-BRAM": 0,
      "util-DSP": 0,
      "util-LUT": 0,
      "util-FF": 0,
      "total-URAM": 0,
      "total-BRAM": 0,
      "total-DSP": 0,
      "total-LUT": 0,
      "total-FF": 0
    },
    "valid": false
  },
  "__PARA__L0-10.__PARA__L1-3.__PARA__L2-3.__PARA__L4-1.__PARA__L5-1.__PIPE__L0-NA.__PIPE__L1-NA.__PIPE__L2-off.__PIPE__L4-off.__PIPE__L5-   ": {
    "perf": 0.0,
    "point": {
      "__PIPE__L0": "",
      "__PARA__L0": 10,
      "__PIPE__L1": "",
      "__PARA__L1": 3,
      "__PIPE__L2": "off",
      "__PARA__L2": 3,
      "__PIPE__L4": "off",
      "__PARA__L4": 1,
      "__PIPE__L5": "   ",
      "__PARA__L5": 1
    },
    "res_util": {
      "util-URAM": 0,
      "util-BRAM": 0,
      "util-DSP": 0,
      "util-LUT": 0,
      "util-FF": 0,
      "total-URAM": 0,
      "total-BRAM": 0,
      "total-DSP": 0,
      "total-LUT": 0,
      "total-FF": 0
    },
    "valid": false
  },
  "__PARA__L0-16.__PARA__L1-3.__PARA__L2-3.__PARA__L4-1.__PARA__L5-1.__PIPE__L0-NA.__PIPE__L1-NA.__PIPE__L2-off.__PIPE__L4-off.__PIPE__L5-   ": {
    "perf": 0.0,
    "point": {
      "__PIPE__L0": "",
      "__PARA__L0": 16,
      "__PIPE__L1": "",
      "__PARA__L1": 3,
      "__PIPE__L2": "off",
      "__PARA__L2": 3,
      "__PIPE__L4": "off",
      "__PARA__L4": 1,
      "__PIPE__L5": "   ",
      "__PARA__L5": 1
    },
    "res_util": {
      "util-URAM": 0,
      "util-BRAM": 0,
      "util-DSP": 0,
      "util-LUT": 0,
      "util-FF": 0,
      "total-URAM": 0,
      "total-BRAM": 0,
      "total-DSP": 0,
      "total-LUT": 0,
      "total-FF": 0
    },
    "valid": false
  },
  "__PARA__L0-20.__PARA__L1-3.__PARA__L2-3.__PARA__L4-1.__PARA__L5-1.__PIPE__L0-NA.__PIPE__L1-NA.__PIPE__L2-off.__PIPE__L4-off.__PIPE__L5-   ": {
    "perf": 0.0,
    "point": {
      "__PIPE__L0": "",
      "__PARA__L0": 20,
      "__PIPE__L1": "",
      "__PARA__L1": 3,
      "__PIPE__L2": "off",
      "__PARA__L2": 3,
      "__PIPE__L4": "off",
      "__PARA__L4": 1,
      "__PIPE__L5": "   ",
      "__PARA__L5": 1
    },
    "res_util": {
      "util-URAM": 0,
      "util-BRAM": 0,
      "util-DSP": 0,
      "util-LUT": 0,
      "util-FF": 0,
      "total-URAM": 0,
      "total-BRAM": 0,
      "total-DSP": 0,
      "total-LUT": 0,
      "total-FF": 0
    },
    "valid": false
  },
  "__PARA__L0-32.__PARA__L1-3.__PARA__L2-3.__PARA__L4-1.__PARA__L5-1.__PIPE__L0-NA.__PIPE__L1-NA.__PIPE__L2-off.__PIPE__L4-off.__PIPE__L5-   ": {
    "perf": 0.0,
    "point": {
      "__PIPE__L0": "",
      "__PARA__L0": 32,
      "__PIPE__L1": "",
      "__PARA__L1": 3,
      "__PIPE__L2": "off",
      "__PARA__L2": 3,
      "__PIPE__L4": "off",
      "__PARA__L4": 1,
      "__PIPE__L5": "   ",
      "__PARA__L5": 1
    },
    "res_util": {
      "util-URAM": 0,
      "util-BRAM": 0,
      "util-DSP": 0,
      "util-LUT": 0,
      "util-FF": 0,
      "total-URAM": 0,
      "total-BRAM": 0,
      "total-DSP": 0,
      "total-LUT": 0,
      "total-FF": 0
    },
    "valid": false
  },
  "__PARA__L0-40.__PARA__L1-3.__PARA__L2-3.__PARA__L4-1.__PARA__L5-1.__PIPE__L0-NA.__PIPE__L1-NA.__PIPE__L2-off.__PIPE__L4-off.__PIPE__L5-   ": {
    "perf": 0.0,
    "point": {
      "__PIPE__L0": "",
      "__PARA__L0": 40,
      "__PIPE__L1": "",
      "__PARA__L1": 3,
      "__PIPE__L2": "off",
      "__PARA__L2": 3,
      "__PIPE__L4": "off",
      "__PARA__L4": 1,
      "__PIPE__L5": "   ",
      "__PARA__L5": 1
    },
    "res_util": {
      "util-URAM": 0,
      "util-BRAM": 0,
      "util-DSP": 0,
      "util-LUT": 0,
      "util-FF": 0,
      "total-URAM": 0,
      "total-BRAM": 0,
      "total-DSP": 0,
      "total-LUT": 0,
      "total-FF": 0
    },
    "valid": false
  },
  "__PARA__L0-2.__PARA__L1-3.__PARA__L2-3.__PARA__L4-1.__PARA__L5-1.__PIPE__L0-off.__PIPE__L1-NA.__PIPE__L2-off.__PIPE__L4-off.__PIPE__L5-   ": {
    "perf": 68283.0,
    "point": {
      "__PIPE__L0": "off",
      "__PARA__L0": 2,
      "__PIPE__L1": "",
      "__PARA__L1": 3,
      "__PIPE__L2": "off",
      "__PARA__L2": 3,
      "__PIPE__L4": "off",
      "__PARA__L4": 1,
      "__PIPE__L5": "   ",
      "__PARA__L5": 1
    },
    "res_util": {
      "util-URAM": 0.0,
      "util-BRAM": 0.0,
      "util-DSP": 0.6226120857699805,
      "util-LUT": 0.7831111562232147,
      "util-FF": 0.46600013533631074,
      "total-URAM": 0,
      "total-BRAM": 0,
      "total-DSP": 3194,
      "total-LUT": 694369,
      "total-FF": 826386
    },
    "valid": true
  },
  "__PARA__L0-2.__PARA__L1-3.__PARA__L2-3.__PARA__L4-1.__PARA__L5-1.__PIPE__L0-   .__PIPE__L1-NA.__PIPE__L2-off.__PIPE__L4-off.__PIPE__L5-   ": {
    "perf": 0.0,
    "point": {
      "__PIPE__L0": "   ",
      "__PARA__L0": 2,
      "__PIPE__L1": "",
      "__PARA__L1": 3,
      "__PIPE__L2": "off",
      "__PARA__L2": 3,
      "__PIPE__L4": "off",
      "__PARA__L4": 1,
      "__PIPE__L5": "   ",
      "__PARA__L5": 1
    },
    "res_util": {
      "util-URAM": 0,
      "util-BRAM": 0,
      "util-DSP": 0,
      "util-LUT": 0,
      "util-FF": 0,
      "total-URAM": 0,
      "total-BRAM": 0,
      "total-DSP": 0,
      "total-LUT": 0,
      "total-FF": 0
    },
    "valid": false
  },
  "__PARA__L0-2.__PARA__L1-3.__PARA__L2-3.__PARA__L4-1.__PARA__L5-1.__PIPE__L0-off.__PIPE__L1-off.__PIPE__L2-off.__PIPE__L4-off.__PIPE__L5-   ": {
    "perf": 68283.0,
    "point": {
      "__PIPE__L0": "off",
      "__PARA__L0": 2,
      "__PIPE__L1": "off",
      "__PARA__L1": 3,
      "__PIPE__L2": "off",
      "__PARA__L2": 3,
      "__PIPE__L4": "off",
      "__PARA__L4": 1,
      "__PIPE__L5": "   ",
      "__PARA__L5": 1
    },
    "res_util": {
      "util-URAM": 0.0,
      "util-BRAM": 0.0,
      "util-DSP": 0.6226120857699805,
      "util-LUT": 0.7831111562232147,
      "util-FF": 0.46600013533631074,
      "total-URAM": 0,
      "total-BRAM": 0,
      "total-DSP": 3194,
      "total-LUT": 694369,
      "total-FF": 826386
    },
    "valid": true
  },
  "__PARA__L0-2.__PARA__L1-3.__PARA__L2-3.__PARA__L4-1.__PARA__L5-1.__PIPE__L0-off.__PIPE__L1-   .__PIPE__L2-off.__PIPE__L4-off.__PIPE__L5-   ": {
    "perf": 0.0,
    "point": {
      "__PIPE__L0": "off",
      "__PARA__L0": 2,
      "__PIPE__L1": "   ",
      "__PARA__L1": 3,
      "__PIPE__L2": "off",
      "__PARA__L2": 3,
      "__PIPE__L4": "off",
      "__PARA__L4": 1,
      "__PIPE__L5": "   ",
      "__PARA__L5": 1
    },
    "res_util": {
      "util-URAM": 0,
      "util-BRAM": 0,
      "util-DSP": 0,
      "util-LUT": 0,
      "util-FF": 0,
      "total-URAM": 0,
      "total-BRAM": 0,
      "total-DSP": 0,
      "total-LUT": 0,
      "total-FF": 0
    },
    "valid": false
  },
  "__PARA__L0-1.__PARA__L1-3.__PARA__L2-3.__PARA__L4-1.__PARA__L5-1.__PIPE__L0-off.__PIPE__L1-NA.__PIPE__L2-off.__PIPE__L4-off.__PIPE__L5-   ": {
    "perf": 68303.0,
    "point": {
      "__PIPE__L0": "off",
      "__PARA__L0": 1,
      "__PIPE__L1": "",
      "__PARA__L1": 3,
      "__PIPE__L2": "off",
      "__PARA__L2": 3,
      "__PIPE__L4": "off",
      "__PARA__L4": 1,
      "__PIPE__L5": "   ",
      "__PARA__L5": 1
    },
    "res_util": {
      "util-URAM": 0.0,
      "util-BRAM": 0.0,
      "util-DSP": 0.6226120857699805,
      "util-LUT": 0.6334765642621916,
      "util-FF": 0.32802645824874815,
      "total-URAM": 0,
      "total-BRAM": 0,
      "total-DSP": 3194,
      "total-LUT": 561691,
      "total-FF": 581709
    },
    "valid": true
  },
  "__PARA__L0-1.__PARA__L1-3.__PARA__L2-3.__PARA__L4-1.__PARA__L5-1.__PIPE__L0-   .__PIPE__L1-NA.__PIPE__L2-off.__PIPE__L4-off.__PIPE__L5-   ": {
    "perf": 0.0,
    "point": {
      "__PIPE__L0": "   ",
      "__PARA__L0": 1,
      "__PIPE__L1": "",
      "__PARA__L1": 3,
      "__PIPE__L2": "off",
      "__PARA__L2": 3,
      "__PIPE__L4": "off",
      "__PARA__L4": 1,
      "__PIPE__L5": "   ",
      "__PARA__L5": 1
    },
    "res_util": {
      "util-URAM": 0,
      "util-BRAM": 0,
      "util-DSP": 0,
      "util-LUT": 0,
      "util-FF": 0,
      "total-URAM": 0,
      "total-BRAM": 0,
      "total-DSP": 0,
      "total-LUT": 0,
      "total-FF": 0
    },
    "valid": false
  },
  "__PARA__L0-1.__PARA__L1-3.__PARA__L2-3.__PARA__L4-1.__PARA__L5-1.__PIPE__L0-off.__PIPE__L1-off.__PIPE__L2-off.__PIPE__L4-off.__PIPE__L5-   ": {
    "perf": 68303.0,
    "point": {
      "__PIPE__L0": "off",
      "__PARA__L0": 1,
      "__PIPE__L1": "off",
      "__PARA__L1": 3,
      "__PIPE__L2": "off",
      "__PARA__L2": 3,
      "__PIPE__L4": "off",
      "__PARA__L4": 1,
      "__PIPE__L5": "   ",
      "__PARA__L5": 1
    },
    "res_util": {
      "util-URAM": 0.0,
      "util-BRAM": 0.0,
      "util-DSP": 0.6226120857699805,
      "util-LUT": 0.6334765642621916,
      "util-FF": 0.32802645824874815,
      "total-URAM": 0,
      "total-BRAM": 0,
      "total-DSP": 3194,
      "total-LUT": 561691,
      "total-FF": 581709
    },
    "valid": true
  },
  "__PARA__L0-1.__PARA__L1-3.__PARA__L2-3.__PARA__L4-1.__PARA__L5-1.__PIPE__L0-off.__PIPE__L1-   .__PIPE__L2-off.__PIPE__L4-off.__PIPE__L5-   ": {
    "perf": 0.0,
    "point": {
      "__PIPE__L0": "off",
      "__PARA__L0": 1,
      "__PIPE__L1": "   ",
      "__PARA__L1": 3,
      "__PIPE__L2": "off",
      "__PARA__L2": 3,
      "__PIPE__L4": "off",
      "__PARA__L4": 1,
      "__PIPE__L5": "   ",
      "__PARA__L5": 1
    },
    "res_util": {
      "util-URAM": 0,
      "util-BRAM": 0,
      "util-DSP": 0,
      "util-LUT": 0,
      "util-FF": 0,
      "total-URAM": 0,
      "total-BRAM": 0,
      "total-DSP": 0,
      "total-LUT": 0,
      "total-FF": 0
    },
    "valid": false
  },
  "__PARA__L0-2.__PARA__L1-6.__PARA__L2-3.__PARA__L4-1.__PARA__L5-1.__PIPE__L0-NA.__PIPE__L1-NA.__PIPE__L2-off.__PIPE__L4-off.__PIPE__L5-   ": {
    "perf": 0.0,
    "point": {
      "__PIPE__L0": "",
      "__PARA__L0": 2,
      "__PIPE__L1": "",
      "__PARA__L1": 6,
      "__PIPE__L2": "off",
      "__PARA__L2": 3,
      "__PIPE__L4": "off",
      "__PARA__L4": 1,
      "__PIPE__L5": "   ",
      "__PARA__L5": 1
    },
    "res_util": {
      "util-URAM": 0,
      "util-BRAM": 0,
      "util-DSP": 0,
      "util-LUT": 0,
      "util-FF": 0,
      "total-URAM": 0,
      "total-BRAM": 0,
      "total-DSP": 0,
      "total-LUT": 0,
      "total-FF": 0
    },
    "valid": false
  },
  "__PARA__L0-4.__PARA__L1-6.__PARA__L2-3.__PARA__L4-1.__PARA__L5-1.__PIPE__L0-NA.__PIPE__L1-NA.__PIPE__L2-off.__PIPE__L4-off.__PIPE__L5-   ": {
    "perf": 0.0,
    "point": {
      "__PIPE__L0": "",
      "__PARA__L0": 4,
      "__PIPE__L1": "",
      "__PARA__L1": 6,
      "__PIPE__L2": "off",
      "__PARA__L2": 3,
      "__PIPE__L4": "off",
      "__PARA__L4": 1,
      "__PIPE__L5": "   ",
      "__PARA__L5": 1
    },
    "res_util": {
      "util-URAM": 0,
      "util-BRAM": 0,
      "util-DSP": 0,
      "util-LUT": 0,
      "util-FF": 0,
      "total-URAM": 0,
      "total-BRAM": 0,
      "total-DSP": 0,
      "total-LUT": 0,
      "total-FF": 0
    },
    "valid": false
  },
  "__PARA__L0-5.__PARA__L1-6.__PARA__L2-3.__PARA__L4-1.__PARA__L5-1.__PIPE__L0-NA.__PIPE__L1-NA.__PIPE__L2-off.__PIPE__L4-off.__PIPE__L5-   ": {
    "perf": 0.0,
    "point": {
      "__PIPE__L0": "",
      "__PARA__L0": 5,
      "__PIPE__L1": "",
      "__PARA__L1": 6,
      "__PIPE__L2": "off",
      "__PARA__L2": 3,
      "__PIPE__L4": "off",
      "__PARA__L4": 1,
      "__PIPE__L5": "   ",
      "__PARA__L5": 1
    },
    "res_util": {
      "util-URAM": 0,
      "util-BRAM": 0,
      "util-DSP": 0,
      "util-LUT": 0,
      "util-FF": 0,
      "total-URAM": 0,
      "total-BRAM": 0,
      "total-DSP": 0,
      "total-LUT": 0,
      "total-FF": 0
    },
    "valid": false
  },
  "__PARA__L0-8.__PARA__L1-6.__PARA__L2-3.__PARA__L4-1.__PARA__L5-1.__PIPE__L0-NA.__PIPE__L1-NA.__PIPE__L2-off.__PIPE__L4-off.__PIPE__L5-   ": {
    "perf": 0.0,
    "point": {
      "__PIPE__L0": "",
      "__PARA__L0": 8,
      "__PIPE__L1": "",
      "__PARA__L1": 6,
      "__PIPE__L2": "off",
      "__PARA__L2": 3,
      "__PIPE__L4": "off",
      "__PARA__L4": 1,
      "__PIPE__L5": "   ",
      "__PARA__L5": 1
    },
    "res_util": {
      "util-URAM": 0,
      "util-BRAM": 0,
      "util-DSP": 0,
      "util-LUT": 0,
      "util-FF": 0,
      "total-URAM": 0,
      "total-BRAM": 0,
      "total-DSP": 0,
      "total-LUT": 0,
      "total-FF": 0
    },
    "valid": false
  },
  "__PARA__L0-10.__PARA__L1-6.__PARA__L2-3.__PARA__L4-1.__PARA__L5-1.__PIPE__L0-NA.__PIPE__L1-NA.__PIPE__L2-off.__PIPE__L4-off.__PIPE__L5-   ": {
    "perf": 0.0,
    "point": {
      "__PIPE__L0": "",
      "__PARA__L0": 10,
      "__PIPE__L1": "",
      "__PARA__L1": 6,
      "__PIPE__L2": "off",
      "__PARA__L2": 3,
      "__PIPE__L4": "off",
      "__PARA__L4": 1,
      "__PIPE__L5": "   ",
      "__PARA__L5": 1
    },
    "res_util": {
      "util-URAM": 0,
      "util-BRAM": 0,
      "util-DSP": 0,
      "util-LUT": 0,
      "util-FF": 0,
      "total-URAM": 0,
      "total-BRAM": 0,
      "total-DSP": 0,
      "total-LUT": 0,
      "total-FF": 0
    },
    "valid": false
  },
  "__PARA__L0-16.__PARA__L1-6.__PARA__L2-3.__PARA__L4-1.__PARA__L5-1.__PIPE__L0-NA.__PIPE__L1-NA.__PIPE__L2-off.__PIPE__L4-off.__PIPE__L5-   ": {
    "perf": 0.0,
    "point": {
      "__PIPE__L0": "",
      "__PARA__L0": 16,
      "__PIPE__L1": "",
      "__PARA__L1": 6,
      "__PIPE__L2": "off",
      "__PARA__L2": 3,
      "__PIPE__L4": "off",
      "__PARA__L4": 1,
      "__PIPE__L5": "   ",
      "__PARA__L5": 1
    },
    "res_util": {
      "util-URAM": 0,
      "util-BRAM": 0,
      "util-DSP": 0,
      "util-LUT": 0,
      "util-FF": 0,
      "total-URAM": 0,
      "total-BRAM": 0,
      "total-DSP": 0,
      "total-LUT": 0,
      "total-FF": 0
    },
    "valid": false
  },
  "__PARA__L0-20.__PARA__L1-6.__PARA__L2-3.__PARA__L4-1.__PARA__L5-1.__PIPE__L0-NA.__PIPE__L1-NA.__PIPE__L2-off.__PIPE__L4-off.__PIPE__L5-   ": {
    "perf": 0.0,
    "point": {
      "__PIPE__L0": "",
      "__PARA__L0": 20,
      "__PIPE__L1": "",
      "__PARA__L1": 6,
      "__PIPE__L2": "off",
      "__PARA__L2": 3,
      "__PIPE__L4": "off",
      "__PARA__L4": 1,
      "__PIPE__L5": "   ",
      "__PARA__L5": 1
    },
    "res_util": {
      "util-URAM": 0,
      "util-BRAM": 0,
      "util-DSP": 0,
      "util-LUT": 0,
      "util-FF": 0,
      "total-URAM": 0,
      "total-BRAM": 0,
      "total-DSP": 0,
      "total-LUT": 0,
      "total-FF": 0
    },
    "valid": false
  },
  "__PARA__L0-32.__PARA__L1-6.__PARA__L2-3.__PARA__L4-1.__PARA__L5-1.__PIPE__L0-NA.__PIPE__L1-NA.__PIPE__L2-off.__PIPE__L4-off.__PIPE__L5-   ": {
    "perf": 0.0,
    "point": {
      "__PIPE__L0": "",
      "__PARA__L0": 32,
      "__PIPE__L1": "",
      "__PARA__L1": 6,
      "__PIPE__L2": "off",
      "__PARA__L2": 3,
      "__PIPE__L4": "off",
      "__PARA__L4": 1,
      "__PIPE__L5": "   ",
      "__PARA__L5": 1
    },
    "res_util": {
      "util-URAM": 0,
      "util-BRAM": 0,
      "util-DSP": 0,
      "util-LUT": 0,
      "util-FF": 0,
      "total-URAM": 0,
      "total-BRAM": 0,
      "total-DSP": 0,
      "total-LUT": 0,
      "total-FF": 0
    },
    "valid": false
  },
  "__PARA__L0-40.__PARA__L1-6.__PARA__L2-3.__PARA__L4-1.__PARA__L5-1.__PIPE__L0-NA.__PIPE__L1-NA.__PIPE__L2-off.__PIPE__L4-off.__PIPE__L5-   ": {
    "perf": 0.0,
    "point": {
      "__PIPE__L0": "",
      "__PARA__L0": 40,
      "__PIPE__L1": "",
      "__PARA__L1": 6,
      "__PIPE__L2": "off",
      "__PARA__L2": 3,
      "__PIPE__L4": "off",
      "__PARA__L4": 1,
      "__PIPE__L5": "   ",
      "__PARA__L5": 1
    },
    "res_util": {
      "util-URAM": 0,
      "util-BRAM": 0,
      "util-DSP": 0,
      "util-LUT": 0,
      "util-FF": 0,
      "total-URAM": 0,
      "total-BRAM": 0,
      "total-DSP": 0,
      "total-LUT": 0,
      "total-FF": 0
    },
    "valid": false
  },
  "__PARA__L0-1.__PARA__L1-6.__PARA__L2-3.__PARA__L4-1.__PARA__L5-1.__PIPE__L0-off.__PIPE__L1-NA.__PIPE__L2-off.__PIPE__L4-off.__PIPE__L5-   ": {
    "perf": 68303.0,
    "point": {
      "__PIPE__L0": "off",
      "__PARA__L0": 1,
      "__PIPE__L1": "",
      "__PARA__L1": 6,
      "__PIPE__L2": "off",
      "__PARA__L2": 3,
      "__PIPE__L4": "off",
      "__PARA__L4": 1,
      "__PIPE__L5": "   ",
      "__PARA__L5": 1
    },
    "res_util": {
      "util-URAM": 0.0,
      "util-BRAM": 0.0,
      "util-DSP": 0.6226120857699805,
      "util-LUT": 0.755271349303018,
      "util-FF": 0.4490627960481797,
      "total-URAM": 0,
      "total-BRAM": 0,
      "total-DSP": 3194,
      "total-LUT": 669684,
      "total-FF": 796350
    },
    "valid": true
  },
  "__PARA__L0-1.__PARA__L1-6.__PARA__L2-3.__PARA__L4-1.__PARA__L5-1.__PIPE__L0-   .__PIPE__L1-NA.__PIPE__L2-off.__PIPE__L4-off.__PIPE__L5-   ": {
    "perf": 0.0,
    "point": {
      "__PIPE__L0": "   ",
      "__PARA__L0": 1,
      "__PIPE__L1": "",
      "__PARA__L1": 6,
      "__PIPE__L2": "off",
      "__PARA__L2": 3,
      "__PIPE__L4": "off",
      "__PARA__L4": 1,
      "__PIPE__L5": "   ",
      "__PARA__L5": 1
    },
    "res_util": {
      "util-URAM": 0,
      "util-BRAM": 0,
      "util-DSP": 0,
      "util-LUT": 0,
      "util-FF": 0,
      "total-URAM": 0,
      "total-BRAM": 0,
      "total-DSP": 0,
      "total-LUT": 0,
      "total-FF": 0
    },
    "valid": false
  },
  "__PARA__L0-1.__PARA__L1-6.__PARA__L2-3.__PARA__L4-1.__PARA__L5-1.__PIPE__L0-off.__PIPE__L1-off.__PIPE__L2-off.__PIPE__L4-off.__PIPE__L5-   ": {
    "perf": 68303.0,
    "point": {
      "__PIPE__L0": "off",
      "__PARA__L0": 1,
      "__PIPE__L1": "off",
      "__PARA__L1": 6,
      "__PIPE__L2": "off",
      "__PARA__L2": 3,
      "__PIPE__L4": "off",
      "__PARA__L4": 1,
      "__PIPE__L5": "   ",
      "__PARA__L5": 1
    },
    "res_util": {
      "util-URAM": 0.0,
      "util-BRAM": 0.0,
      "util-DSP": 0.6226120857699805,
      "util-LUT": 0.755271349303018,
      "util-FF": 0.4490627960481797,
      "total-URAM": 0,
      "total-BRAM": 0,
      "total-DSP": 3194,
      "total-LUT": 669684,
      "total-FF": 796350
    },
    "valid": true
  },
  "__PARA__L0-1.__PARA__L1-6.__PARA__L2-3.__PARA__L4-1.__PARA__L5-1.__PIPE__L0-off.__PIPE__L1-   .__PIPE__L2-off.__PIPE__L4-off.__PIPE__L5-   ": {
    "perf": 0.0,
    "point": {
      "__PIPE__L0": "off",
      "__PARA__L0": 1,
      "__PIPE__L1": "   ",
      "__PARA__L1": 6,
      "__PIPE__L2": "off",
      "__PARA__L2": 3,
      "__PIPE__L4": "off",
      "__PARA__L4": 1,
      "__PIPE__L5": "   ",
      "__PARA__L5": 1
    },
    "res_util": {
      "util-URAM": 0,
      "util-BRAM": 0,
      "util-DSP": 0,
      "util-LUT": 0,
      "util-FF": 0,
      "total-URAM": 0,
      "total-BRAM": 0,
      "total-DSP": 0,
      "total-LUT": 0,
      "total-FF": 0
    },
    "valid": false
  }
}