{
  "__PARA__L0-1.__PARA__L1-1.__PARA__L2-1.__PARA__L3-1.__PARA__L4-1.__PIPE__L0-NA.__PIPE__L1-NA.__PIPE__L3-NA": {
    "perf": 638705.0,
    "point": {
      "__PIPE__L0": "",
      "__PARA__L0": 1,
      "__PIPE__L1": "",
      "__PARA__L1": 1,
      "__PARA__L2": 1,
      "__PIPE__L3": "",
      "__PARA__L3": 1,
      "__PARA__L4": 1
    },
    "res_util": {
      "util-URAM": 0.0,
      "util-BRAM": 0.022222222222222223,
      "util-DSP": 0.003898635477582846,
      "util-LUT": 0.010575404881129607,
      "util-FF": 0.004177380791266297,
      "total-URAM": 0,
      "total-BRAM": 72,
      "total-DSP": 20,
      "total-LUT": 9377,
      "total-FF": 7408
    },
    "valid": true
  },
  "__PARA__L0-1.__PARA__L1-1.__PARA__L2-2.__PARA__L3-1.__PARA__L4-1.__PIPE__L0-NA.__PIPE__L1-NA.__PIPE__L3-NA": {
    "perf": 483825.0,
    "point": {
      "__PIPE__L0": "",
      "__PARA__L0": 1,
      "__PIPE__L1": "",
      "__PARA__L1": 1,
      "__PARA__L2": 2,
      "__PIPE__L3": "",
      "__PARA__L3": 1,
      "__PARA__L4": 1
    },
    "res_util": {
      "util-URAM": 0.008333333333333333,
      "util-BRAM": 0.011111111111111112,
      "util-DSP": 0.00838206627680312,
      "util-LUT": 0.013603554833761898,
      "util-FF": 0.005781116073442505,
      "total-URAM": 6,
      "total-BRAM": 36,
      "total-DSP": 43,
      "total-LUT": 12062,
      "total-FF": 10252
    },
    "valid": true
  },
  "__PARA__L0-1.__PARA__L1-1.__PARA__L2-4.__PARA__L3-1.__PARA__L4-1.__PIPE__L0-NA.__PIPE__L1-NA.__PIPE__L3-NA": {
    "perf": 406385.0,
    "point": {
      "__PIPE__L0": "",
      "__PARA__L0": 1,
      "__PIPE__L1": "",
      "__PARA__L1": 1,
      "__PARA__L2": 4,
      "__PIPE__L3": "",
      "__PARA__L3": 1,
      "__PARA__L4": 1
    },
    "res_util": {
      "util-URAM": 0.0,
      "util-BRAM": 0.03333333333333333,
      "util-DSP": 0.015594541910331383,
      "util-LUT": 0.022421843280552172,
      "util-FF": 0.009105878107096134,
      "total-URAM": 0,
      "total-BRAM": 108,
      "total-DSP": 80,
      "total-LUT": 19881,
      "total-FF": 16148
    },
    "valid": true
  },
  "__PARA__L0-1.__PARA__L1-1.__PARA__L2-8.__PARA__L3-1.__PARA__L4-1.__PIPE__L0-NA.__PIPE__L1-NA.__PIPE__L3-NA": {
    "perf": 367665.0,
    "point": {
      "__PIPE__L0": "",
      "__PARA__L0": 1,
      "__PIPE__L1": "",
      "__PARA__L1": 1,
      "__PARA__L2": 8,
      "__PIPE__L3": "",
      "__PARA__L3": 1,
      "__PARA__L4": 1
    },
    "res_util": {
      "util-URAM": 0.0,
      "util-BRAM": 0.04814814814814815,
      "util-DSP": 0.0317738791423002,
      "util-LUT": 0.039228357468308744,
      "util-FF": 0.015458226192087338,
      "total-URAM": 0,
      "total-BRAM": 156,
      "total-DSP": 163,
      "total-LUT": 34783,
      "total-FF": 27413
    },
    "valid": true
  },
  "__PARA__L0-1.__PARA__L1-1.__PARA__L2-11.__PARA__L3-1.__PARA__L4-1.__PIPE__L0-NA.__PIPE__L1-NA.__PIPE__L3-NA": {
    "perf": 357107.0,
    "point": {
      "__PIPE__L0": "",
      "__PARA__L0": 1,
      "__PIPE__L1": "",
      "__PARA__L1": 1,
      "__PARA__L2": 11,
      "__PIPE__L3": "",
      "__PARA__L3": 1,
      "__PARA__L4": 1
    },
    "res_util": {
      "util-URAM": 0.0,
      "util-BRAM": 0.044444444444444446,
      "util-DSP": 0.042884990253411304,
      "util-LUT": 0.061777642441467044,
      "util-FF": 0.02024123697388009,
      "total-URAM": 0,
      "total-BRAM": 144,
      "total-DSP": 220,
      "total-LUT": 54777,
      "total-FF": 35895
    },
    "valid": true
  },
  "__PARA__L0-1.__PARA__L1-1.__PARA__L2-16.__PARA__L3-1.__PARA__L4-1.__PIPE__L0-NA.__PIPE__L1-NA.__PIPE__L3-NA": {
    "perf": 667777.0,
    "point": {
      "__PIPE__L0": "",
      "__PARA__L0": 1,
      "__PIPE__L1": "",
      "__PARA__L1": 1,
      "__PARA__L2": 16,
      "__PIPE__L3": "",
      "__PARA__L3": 1,
      "__PARA__L4": 1
    },
    "res_util": {
      "util-URAM": 0.016666666666666666,
      "util-BRAM": 0.011111111111111112,
      "util-DSP": 0.00760233918128655,
      "util-LUT": 0.05183831822077863,
      "util-FF": 0.04952857851761628,
      "total-URAM": 12,
      "total-BRAM": 36,
      "total-DSP": 39,
      "total-LUT": 45964,
      "total-FF": 87832
    },
    "valid": true
  },
  "__PARA__L0-1.__PARA__L1-1.__PARA__L2-22.__PARA__L3-1.__PARA__L4-1.__PIPE__L0-NA.__PIPE__L1-NA.__PIPE__L3-NA": {
    "perf": 343027.0,
    "point": {
      "__PIPE__L0": "",
      "__PARA__L0": 1,
      "__PIPE__L1": "",
      "__PARA__L1": 1,
      "__PARA__L2": 22,
      "__PIPE__L3": "",
      "__PARA__L3": 1,
      "__PARA__L4": 1
    },
    "res_util": {
      "util-URAM": 0.0,
      "util-BRAM": 0.06296296296296296,
      "util-DSP": 0.08576998050682261,
      "util-LUT": 0.11149456399151893,
      "util-FF": 0.040462737402445076,
      "total-URAM": 0,
      "total-BRAM": 204,
      "total-DSP": 440,
      "total-LUT": 98860,
      "total-FF": 71755
    },
    "valid": true
  },
  "__PARA__L0-1.__PARA__L1-1.__PARA__L2-32.__PARA__L3-1.__PARA__L4-1.__PIPE__L0-NA.__PIPE__L1-NA.__PIPE__L3-NA": {
    "perf": 667777.0,
    "point": {
      "__PIPE__L0": "",
      "__PARA__L0": 1,
      "__PIPE__L1": "",
      "__PARA__L1": 1,
      "__PARA__L2": 32,
      "__PIPE__L3": "",
      "__PARA__L3": 1,
      "__PARA__L4": 1
    },
    "res_util": {
      "util-URAM": 0.016666666666666666,
      "util-BRAM": 0.011111111111111112,
      "util-DSP": 0.00760233918128655,
      "util-LUT": 0.09071592908377317,
      "util-FF": 0.07419869626020661,
      "total-URAM": 12,
      "total-BRAM": 36,
      "total-DSP": 39,
      "total-LUT": 80436,
      "total-FF": 131581
    },
    "valid": true
  },
  "__PARA__L0-1.__PARA__L1-1.__PARA__L2-44.__PARA__L3-1.__PARA__L4-1.__PIPE__L0-NA.__PIPE__L1-NA.__PIPE__L3-NA": {
    "perf": 336026.0,
    "point": {
      "__PIPE__L0": "",
      "__PARA__L0": 1,
      "__PIPE__L1": "",
      "__PARA__L1": 1,
      "__PARA__L2": 44,
      "__PIPE__L3": "",
      "__PARA__L3": 1,
      "__PARA__L4": 1
    },
    "res_util": {
      "util-URAM": 0.0,
      "util-BRAM": 0.08148148148148149,
      "util-DSP": 0.17153996101364521,
      "util-LUT": 0.3309660756981098,
      "util-FF": 0.132124892858754,
      "total-URAM": 0,
      "total-BRAM": 264,
      "total-DSP": 880,
      "total-LUT": 293461,
      "total-FF": 234305
    },
    "valid": true
  },
  "__PARA__L0-1.__PARA__L1-1.__PARA__L2-64.__PARA__L3-1.__PARA__L4-1.__PIPE__L0-NA.__PIPE__L1-NA.__PIPE__L3-NA": {
    "perf": 780417.0,
    "point": {
      "__PIPE__L0": "",
      "__PARA__L0": 1,
      "__PIPE__L1": "",
      "__PARA__L1": 1,
      "__PARA__L2": 64,
      "__PIPE__L3": "",
      "__PARA__L3": 1,
      "__PARA__L4": 1
    },
    "res_util": {
      "util-URAM": 0.016666666666666666,
      "util-BRAM": 0.011111111111111112,
      "util-DSP": 0.00760233918128655,
      "util-LUT": 0.16843618892948978,
      "util-FF": 0.12228425136464113,
      "total-URAM": 12,
      "total-BRAM": 36,
      "total-DSP": 39,
      "total-LUT": 149349,
      "total-FF": 216854
    },
    "valid": true
  },
  "__PARA__L0-1.__PARA__L1-1.__PARA__L2-88.__PARA__L3-1.__PARA__L4-1.__PIPE__L0-NA.__PIPE__L1-NA.__PIPE__L3-NA": {
    "perf": 332465.0,
    "point": {
      "__PIPE__L0": "",
      "__PARA__L0": 1,
      "__PIPE__L1": "",
      "__PARA__L1": 1,
      "__PARA__L2": 88,
      "__PIPE__L3": "",
      "__PARA__L3": 1,
      "__PARA__L4": 1
    },
    "res_util": {
      "util-URAM": 0.0,
      "util-BRAM": 0.0,
      "util-DSP": 0.34307992202729043,
      "util-LUT": 0.39713876483060406,
      "util-FF": 0.1603893174538729,
      "total-URAM": 0,
      "total-BRAM": 0,
      "total-DSP": 1760,
      "total-LUT": 352135,
      "total-FF": 284428
    },
    "valid": true
  },
  "__PARA__L0-1.__PARA__L1-1.__PARA__L2-88.__PARA__L3-1.__PARA__L4-2.__PIPE__L0-NA.__PIPE__L1-NA.__PIPE__L3-NA": {
    "perf": 177585.0,
    "point": {
      "__PIPE__L0": "",
      "__PARA__L0": 1,
      "__PIPE__L1": "",
      "__PARA__L1": 1,
      "__PARA__L2": 88,
      "__PIPE__L3": "",
      "__PARA__L3": 1,
      "__PARA__L4": 2
    },
    "res_util": {
      "util-URAM": 0.0,
      "util-BRAM": 0.0,
      "util-DSP": 0.34307992202729043,
      "util-LUT": 0.40346799296251185,
      "util-FF": 0.16074795867731312,
      "total-URAM": 0,
      "total-BRAM": 0,
      "total-DSP": 1760,
      "total-LUT": 357747,
      "total-FF": 285064
    },
    "valid": true
  },
  "__PARA__L0-1.__PARA__L1-1.__PARA__L2-88.__PARA__L3-1.__PARA__L4-4.__PIPE__L0-NA.__PIPE__L1-NA.__PIPE__L3-NA": {
    "perf": 100145.0,
    "point": {
      "__PIPE__L0": "",
      "__PARA__L0": 1,
      "__PIPE__L1": "",
      "__PARA__L1": 1,
      "__PARA__L2": 88,
      "__PIPE__L3": "",
      "__PARA__L3": 1,
      "__PARA__L4": 4
    },
    "res_util": {
      "util-URAM": 0.0,
      "util-BRAM": 0.0,
      "util-DSP": 0.34307992202729043,
      "util-LUT": 0.4099934587449813,
      "util-FF": 0.1613936256597645,
      "total-URAM": 0,
      "total-BRAM": 0,
      "total-DSP": 1760,
      "total-LUT": 363533,
      "total-FF": 286209
    },
    "valid": true
  },
  "__PARA__L0-1.__PARA__L1-1.__PARA__L2-88.__PARA__L3-1.__PARA__L4-8.__PIPE__L0-NA.__PIPE__L1-NA.__PIPE__L3-NA": {
    "perf": 61425.0,
    "point": {
      "__PIPE__L0": "",
      "__PARA__L0": 1,
      "__PIPE__L1": "",
      "__PARA__L1": 1,
      "__PARA__L2": 88,
      "__PIPE__L3": "",
      "__PARA__L3": 1,
      "__PARA__L4": 8
    },
    "res_util": {
      "util-URAM": 0.0,
      "util-BRAM": 0.0,
      "util-DSP": 0.34307992202729043,
      "util-LUT": 0.4217609509631434,
      "util-FF": 0.16268552352596202,
      "total-URAM": 0,
      "total-BRAM": 0,
      "total-DSP": 1760,
      "total-LUT": 373967,
      "total-FF": 288500
    },
    "valid": true
  },
  "__PARA__L0-1.__PARA__L1-1.__PARA__L2-88.__PARA__L3-1.__PARA__L4-11.__PIPE__L0-NA.__PIPE__L1-NA.__PIPE__L3-NA": {
    "perf": 50865.0,
    "point": {
      "__PIPE__L0": "",
      "__PARA__L0": 1,
      "__PIPE__L1": "",
      "__PARA__L1": 1,
      "__PARA__L2": 88,
      "__PIPE__L3": "",
      "__PARA__L3": 1,
      "__PARA__L4": 11
    },
    "res_util": {
      "util-URAM": 0.0,
      "util-BRAM": 0.0,
      "util-DSP": 0.34307992202729043,
      "util-LUT": 0.42944467000496234,
      "util-FF": 0.16365486985158118,
      "total-URAM": 0,
      "total-BRAM": 0,
      "total-DSP": 1760,
      "total-LUT": 380780,
      "total-FF": 290219
    },
    "valid": true
  },
  "__PARA__L0-1.__PARA__L1-1.__PARA__L2-88.__PARA__L3-1.__PARA__L4-16.__PIPE__L0-NA.__PIPE__L1-NA.__PIPE__L3-NA": {
    "perf": 360185.0,
    "point": {
      "__PIPE__L0": "",
      "__PARA__L0": 1,
      "__PIPE__L1": "",
      "__PARA__L1": 1,
      "__PARA__L2": 88,
      "__PIPE__L3": "",
      "__PARA__L3": 1,
      "__PARA__L4": 16
    },
    "res_util": {
      "util-URAM": 0.0,
      "util-BRAM": 0.05555555555555555,
      "util-DSP": 0.34307992202729043,
      "util-LUT": 0.4130870212478008,
      "util-FF": 0.16773469571886138,
      "total-URAM": 0,
      "total-BRAM": 180,
      "total-DSP": 1760,
      "total-LUT": 366276,
      "total-FF": 297454
    },
    "valid": true
  },
  "__PARA__L0-1.__PARA__L1-1.__PARA__L2-88.__PARA__L3-1.__PARA__L4-22.__PIPE__L0-NA.__PIPE__L1-NA.__PIPE__L3-NA": {
    "perf": 0.0,
    "point": {
      "__PIPE__L0": "",
      "__PARA__L0": 1,
      "__PIPE__L1": "",
      "__PARA__L1": 1,
      "__PARA__L2": 88,
      "__PIPE__L3": "",
      "__PARA__L3": 1,
      "__PARA__L4": 22
    },
    "res_util": {
      "util-URAM": 0,
      "util-BRAM": 0,
      "util-DSP": 0,
      "util-LUT": 0,
      "util-FF": 0,
      "total-URAM": 0,
      "total-BRAM": 0,
      "total-DSP": 0,
      "total-LUT": 0,
      "total-FF": 0
    },
    "valid": false
  },
  "__PARA__L0-1.__PARA__L1-1.__PARA__L2-88.__PARA__L3-1.__PARA__L4-32.__PIPE__L0-NA.__PIPE__L1-NA.__PIPE__L3-NA": {
    "perf": 0.0,
    "point": {
      "__PIPE__L0": "",
      "__PARA__L0": 1,
      "__PIPE__L1": "",
      "__PARA__L1": 1,
      "__PARA__L2": 88,
      "__PIPE__L3": "",
      "__PARA__L3": 1,
      "__PARA__L4": 32
    },
    "res_util": {
      "util-URAM": 0,
      "util-BRAM": 0,
      "util-DSP": 0,
      "util-LUT": 0,
      "util-FF": 0,
      "total-URAM": 0,
      "total-BRAM": 0,
      "total-DSP": 0,
      "total-LUT": 0,
      "total-FF": 0
    },
    "valid": false
  },
  "__PARA__L0-1.__PARA__L1-1.__PARA__L2-88.__PARA__L3-1.__PARA__L4-44.__PIPE__L0-NA.__PIPE__L1-NA.__PIPE__L3-NA": {
    "perf": 0.0,
    "point": {
      "__PIPE__L0": "",
      "__PARA__L0": 1,
      "__PIPE__L1": "",
      "__PARA__L1": 1,
      "__PARA__L2": 88,
      "__PIPE__L3": "",
      "__PARA__L3": 1,
      "__PARA__L4": 44
    },
    "res_util": {
      "util-URAM": 0,
      "util-BRAM": 0,
      "util-DSP": 0,
      "util-LUT": 0,
      "util-FF": 0,
      "total-URAM": 0,
      "total-BRAM": 0,
      "total-DSP": 0,
      "total-LUT": 0,
      "total-FF": 0
    },
    "valid": false
  },
  "__PARA__L0-1.__PARA__L1-1.__PARA__L2-88.__PARA__L3-1.__PARA__L4-64.__PIPE__L0-NA.__PIPE__L1-NA.__PIPE__L3-NA": {
    "perf": 0.0,
    "point": {
      "__PIPE__L0": "",
      "__PARA__L0": 1,
      "__PIPE__L1": "",
      "__PARA__L1": 1,
      "__PARA__L2": 88,
      "__PIPE__L3": "",
      "__PARA__L3": 1,
      "__PARA__L4": 64
    },
    "res_util": {
      "util-URAM": 0,
      "util-BRAM": 0,
      "util-DSP": 0,
      "util-LUT": 0,
      "util-FF": 0,
      "total-URAM": 0,
      "total-BRAM": 0,
      "total-DSP": 0,
      "total-LUT": 0,
      "total-FF": 0
    },
    "valid": false
  },
  "__PARA__L0-1.__PARA__L1-1.__PARA__L2-88.__PARA__L3-1.__PARA__L4-88.__PIPE__L0-NA.__PIPE__L1-NA.__PIPE__L3-NA": {
    "perf": 26225.0,
    "point": {
      "__PIPE__L0": "",
      "__PARA__L0": 1,
      "__PIPE__L1": "",
      "__PARA__L1": 1,
      "__PARA__L2": 88,
      "__PIPE__L3": "",
      "__PARA__L3": 1,
      "__PARA__L4": 88
    },
    "res_util": {
      "util-URAM": 0.0,
      "util-BRAM": 0.0,
      "util-DSP": 0.34307992202729043,
      "util-LUT": 0.41784634817521543,
      "util-FF": 0.18848006045021878,
      "total-URAM": 0,
      "total-BRAM": 0,
      "total-DSP": 1760,
      "total-LUT": 370496,
      "total-FF": 334243
    },
    "valid": true
  },
  "__PARA__L0-1.__PARA__L1-2.__PARA__L2-88.__PARA__L3-1.__PARA__L4-88.__PIPE__L0-NA.__PIPE__L1-NA.__PIPE__L3-NA": {
    "perf": 24017.0,
    "point": {
      "__PIPE__L0": "",
      "__PARA__L0": 1,
      "__PIPE__L1": "",
      "__PARA__L1": 2,
      "__PARA__L2": 88,
      "__PIPE__L3": "",
      "__PARA__L3": 1,
      "__PARA__L4": 88
    },
    "res_util": {
      "util-URAM": 0.0,
      "util-BRAM": 0.0,
      "util-DSP": 0.6861598440545809,
      "util-LUT": 0.6962286281409302,
      "util-FF": 0.3161100960887806,
      "total-URAM": 0,
      "total-BRAM": 0,
      "total-DSP": 3520,
      "total-LUT": 617332,
      "total-FF": 560577
    },
    "valid": true
  },
  "__PARA__L0-1.__PARA__L1-4.__PARA__L2-88.__PARA__L3-1.__PARA__L4-88.__PIPE__L0-NA.__PIPE__L1-NA.__PIPE__L3-NA": {
    "perf": 23785.0,
    "point": {
      "__PIPE__L0": "",
      "__PARA__L0": 1,
      "__PIPE__L1": "",
      "__PARA__L1": 4,
      "__PARA__L2": 88,
      "__PIPE__L3": "",
      "__PARA__L3": 1,
      "__PARA__L4": 88
    },
    "res_util": {
      "util-URAM": 0.0,
      "util-BRAM": 0.0,
      "util-DSP": 1.0,
      "util-LUT": 1.0,
      "util-FF": 0.605237515225335,
      "total-URAM": 0,
      "total-BRAM": 0,
      "total-DSP": 7040,
      "total-LUT": 1183705,
      "total-FF": 1073304
    },
    "valid": false
  },
  "__PARA__L0-1.__PARA__L1-8.__PARA__L2-88.__PARA__L3-1.__PARA__L4-88.__PIPE__L0-NA.__PIPE__L1-NA.__PIPE__L3-NA": {
    "perf": 0.0,
    "point": {
      "__PIPE__L0": "",
      "__PARA__L0": 1,
      "__PIPE__L1": "",
      "__PARA__L1": 8,
      "__PARA__L2": 88,
      "__PIPE__L3": "",
      "__PARA__L3": 1,
      "__PARA__L4": 88
    },
    "res_util": {
      "util-URAM": 0,
      "util-BRAM": 0,
      "util-DSP": 0,
      "util-LUT": 0,
      "util-FF": 0,
      "total-URAM": 0,
      "total-BRAM": 0,
      "total-DSP": 0,
      "total-LUT": 0,
      "total-FF": 0
    },
    "valid": false
  },
  "__PARA__L0-1.__PARA__L1-11.__PARA__L2-88.__PARA__L3-1.__PARA__L4-88.__PIPE__L0-NA.__PIPE__L1-NA.__PIPE__L3-NA": {
    "perf": 0.0,
    "point": {
      "__PIPE__L0": "",
      "__PARA__L0": 1,
      "__PIPE__L1": "",
      "__PARA__L1": 11,
      "__PARA__L2": 88,
      "__PIPE__L3": "",
      "__PARA__L3": 1,
      "__PARA__L4": 88
    },
    "res_util": {
      "util-URAM": 0,
      "util-BRAM": 0,
      "util-DSP": 0,
      "util-LUT": 0,
      "util-FF": 0,
      "total-URAM": 0,
      "total-BRAM": 0,
      "total-DSP": 0,
      "total-LUT": 0,
      "total-FF": 0
    },
    "valid": false
  },
  "__PARA__L0-1.__PARA__L1-16.__PARA__L2-88.__PARA__L3-1.__PARA__L4-88.__PIPE__L0-NA.__PIPE__L1-NA.__PIPE__L3-NA": {
    "perf": 0.0,
    "point": {
      "__PIPE__L0": "",
      "__PARA__L0": 1,
      "__PIPE__L1": "",
      "__PARA__L1": 16,
      "__PARA__L2": 88,
      "__PIPE__L3": "",
      "__PARA__L3": 1,
      "__PARA__L4": 88
    },
    "res_util": {
      "util-URAM": 0,
      "util-BRAM": 0,
      "util-DSP": 0,
      "util-LUT": 0,
      "util-FF": 0,
      "total-URAM": 0,
      "total-BRAM": 0,
      "total-DSP": 0,
      "total-LUT": 0,
      "total-FF": 0
    },
    "valid": false
  },
  "__PARA__L0-1.__PARA__L1-22.__PARA__L2-88.__PARA__L3-1.__PARA__L4-88.__PIPE__L0-NA.__PIPE__L1-NA.__PIPE__L3-NA": {
    "perf": 0.0,
    "point": {
      "__PIPE__L0": "",
      "__PARA__L0": 1,
      "__PIPE__L1": "",
      "__PARA__L1": 22,
      "__PARA__L2": 88,
      "__PIPE__L3": "",
      "__PARA__L3": 1,
      "__PARA__L4": 88
    },
    "res_util": {
      "util-URAM": 0,
      "util-BRAM": 0,
      "util-DSP": 0,
      "util-LUT": 0,
      "util-FF": 0,
      "total-URAM": 0,
      "total-BRAM": 0,
      "total-DSP": 0,
      "total-LUT": 0,
      "total-FF": 0
    },
    "valid": false
  },
  "__PARA__L0-1.__PARA__L1-32.__PARA__L2-88.__PARA__L3-1.__PARA__L4-88.__PIPE__L0-NA.__PIPE__L1-NA.__PIPE__L3-NA": {
    "perf": 0.0,
    "point": {
      "__PIPE__L0": "",
      "__PARA__L0": 1,
      "__PIPE__L1": "",
      "__PARA__L1": 32,
      "__PARA__L2": 88,
      "__PIPE__L3": "",
      "__PARA__L3": 1,
      "__PARA__L4": 88
    },
    "res_util": {
      "util-URAM": 0,
      "util-BRAM": 0,
      "util-DSP": 0,
      "util-LUT": 0,
      "util-FF": 0,
      "total-URAM": 0,
      "total-BRAM": 0,
      "total-DSP": 0,
      "total-LUT": 0,
      "total-FF": 0
    },
    "valid": false
  },
  "__PARA__L0-1.__PARA__L1-44.__PARA__L2-88.__PARA__L3-1.__PARA__L4-88.__PIPE__L0-NA.__PIPE__L1-NA.__PIPE__L3-NA": {
    "perf": 0.0,
    "point": {
      "__PIPE__L0": "",
      "__PARA__L0": 1,
      "__PIPE__L1": "",
      "__PARA__L1": 44,
      "__PARA__L2": 88,
      "__PIPE__L3": "",
      "__PARA__L3": 1,
      "__PARA__L4": 88
    },
    "res_util": {
      "util-URAM": 0,
      "util-BRAM": 0,
      "util-DSP": 0,
      "util-LUT": 0,
      "util-FF": 0,
      "total-URAM": 0,
      "total-BRAM": 0,
      "total-DSP": 0,
      "total-LUT": 0,
      "total-FF": 0
    },
    "valid": false
  },
  "__PARA__L0-1.__PARA__L1-64.__PARA__L2-88.__PARA__L3-1.__PARA__L4-88.__PIPE__L0-NA.__PIPE__L1-NA.__PIPE__L3-NA": {
    "perf": 0.0,
    "point": {
      "__PIPE__L0": "",
      "__PARA__L0": 1,
      "__PIPE__L1": "",
      "__PARA__L1": 64,
      "__PARA__L2": 88,
      "__PIPE__L3": "",
      "__PARA__L3": 1,
      "__PARA__L4": 88
    },
    "res_util": {
      "util-URAM": 0,
      "util-BRAM": 0,
      "util-DSP": 0,
      "util-LUT": 0,
      "util-FF": 0,
      "total-URAM": 0,
      "total-BRAM": 0,
      "total-DSP": 0,
      "total-LUT": 0,
      "total-FF": 0
    },
    "valid": false
  },
  "__PARA__L0-1.__PARA__L1-88.__PARA__L2-88.__PARA__L3-1.__PARA__L4-88.__PIPE__L0-NA.__PIPE__L1-NA.__PIPE__L3-NA": {
    "perf": 0.0,
    "point": {
      "__PIPE__L0": "",
      "__PARA__L0": 1,
      "__PIPE__L1": "",
      "__PARA__L1": 88,
      "__PARA__L2": 88,
      "__PIPE__L3": "",
      "__PARA__L3": 1,
      "__PARA__L4": 88
    },
    "res_util": {
      "util-URAM": 0,
      "util-BRAM": 0,
      "util-DSP": 0,
      "util-LUT": 0,
      "util-FF": 0,
      "total-URAM": 0,
      "total-BRAM": 0,
      "total-DSP": 0,
      "total-LUT": 0,
      "total-FF": 0
    },
    "valid": false
  },
  "__PARA__L0-1.__PARA__L1-2.__PARA__L2-88.__PARA__L3-2.__PARA__L4-88.__PIPE__L0-NA.__PIPE__L1-NA.__PIPE__L3-NA": {
    "perf": 21809.0,
    "point": {
      "__PIPE__L0": "",
      "__PARA__L0": 1,
      "__PIPE__L1": "",
      "__PARA__L1": 2,
      "__PARA__L2": 88,
      "__PIPE__L3": "",
      "__PARA__L3": 2,
      "__PARA__L4": 88
    },
    "res_util": {
      "util-URAM": 0.0,
      "util-BRAM": 0.0,
      "util-DSP": 0.6861598440545809,
      "util-LUT": 0.6919305724725944,
      "util-FF": 0.3340427211620878,
      "total-URAM": 0,
      "total-BRAM": 0,
      "total-DSP": 3520,
      "total-LUT": 613521,
      "total-FF": 592378
    },
    "valid": true
  },
  "__PARA__L0-1.__PARA__L1-2.__PARA__L2-88.__PARA__L3-4.__PARA__L4-88.__PIPE__L0-NA.__PIPE__L1-NA.__PIPE__L3-NA": {
    "perf": 21377.0,
    "point": {
      "__PIPE__L0": "",
      "__PARA__L0": 1,
      "__PIPE__L1": "",
      "__PARA__L1": 2,
      "__PARA__L2": 88,
      "__PIPE__L3": "",
      "__PARA__L3": 4,
      "__PARA__L4": 88
    },
    "res_util": {
      "util-URAM": 0.0,
      "util-BRAM": 0.0,
      "util-DSP": 1.0,
      "util-LUT": 1.0,
      "util-FF": 0.6203720620742545,
      "total-URAM": 0,
      "total-BRAM": 0,
      "total-DSP": 7040,
      "total-LUT": 1180488,
      "total-FF": 1100143
    },
    "valid": false
  },
  "__PARA__L0-1.__PARA__L1-2.__PARA__L2-88.__PARA__L3-8.__PARA__L4-88.__PIPE__L0-NA.__PIPE__L1-NA.__PIPE__L3-NA": {
    "perf": 0.0,
    "point": {
      "__PIPE__L0": "",
      "__PARA__L0": 1,
      "__PIPE__L1": "",
      "__PARA__L1": 2,
      "__PARA__L2": 88,
      "__PIPE__L3": "",
      "__PARA__L3": 8,
      "__PARA__L4": 88
    },
    "res_util": {
      "util-URAM": 0,
      "util-BRAM": 0,
      "util-DSP": 0,
      "util-LUT": 0,
      "util-FF": 0,
      "total-URAM": 0,
      "total-BRAM": 0,
      "total-DSP": 0,
      "total-LUT": 0,
      "total-FF": 0
    },
    "valid": false
  },
  "__PARA__L0-1.__PARA__L1-2.__PARA__L2-88.__PARA__L3-11.__PARA__L4-88.__PIPE__L0-NA.__PIPE__L1-NA.__PIPE__L3-NA": {
    "perf": 0.0,
    "point": {
      "__PIPE__L0": "",
      "__PARA__L0": 1,
      "__PIPE__L1": "",
      "__PARA__L1": 2,
      "__PARA__L2": 88,
      "__PIPE__L3": "",
      "__PARA__L3": 11,
      "__PARA__L4": 88
    },
    "res_util": {
      "util-URAM": 0,
      "util-BRAM": 0,
      "util-DSP": 0,
      "util-LUT": 0,
      "util-FF": 0,
      "total-URAM": 0,
      "total-BRAM": 0,
      "total-DSP": 0,
      "total-LUT": 0,
      "total-FF": 0
    },
    "valid": false
  },
  "__PARA__L0-1.__PARA__L1-2.__PARA__L2-88.__PARA__L3-16.__PARA__L4-88.__PIPE__L0-NA.__PIPE__L1-NA.__PIPE__L3-NA": {
    "perf": 0.0,
    "point": {
      "__PIPE__L0": "",
      "__PARA__L0": 1,
      "__PIPE__L1": "",
      "__PARA__L1": 2,
      "__PARA__L2": 88,
      "__PIPE__L3": "",
      "__PARA__L3": 16,
      "__PARA__L4": 88
    },
    "res_util": {
      "util-URAM": 0,
      "util-BRAM": 0,
      "util-DSP": 0,
      "util-LUT": 0,
      "util-FF": 0,
      "total-URAM": 0,
      "total-BRAM": 0,
      "total-DSP": 0,
      "total-LUT": 0,
      "total-FF": 0
    },
    "valid": false
  },
  "__PARA__L0-1.__PARA__L1-2.__PARA__L2-88.__PARA__L3-22.__PARA__L4-88.__PIPE__L0-NA.__PIPE__L1-NA.__PIPE__L3-NA": {
    "perf": 0.0,
    "point": {
      "__PIPE__L0": "",
      "__PARA__L0": 1,
      "__PIPE__L1": "",
      "__PARA__L1": 2,
      "__PARA__L2": 88,
      "__PIPE__L3": "",
      "__PARA__L3": 22,
      "__PARA__L4": 88
    },
    "res_util": {
      "util-URAM": 0,
      "util-BRAM": 0,
      "util-DSP": 0,
      "util-LUT": 0,
      "util-FF": 0,
      "total-URAM": 0,
      "total-BRAM": 0,
      "total-DSP": 0,
      "total-LUT": 0,
      "total-FF": 0
    },
    "valid": false
  },
  "__PARA__L0-1.__PARA__L1-2.__PARA__L2-88.__PARA__L3-32.__PARA__L4-88.__PIPE__L0-NA.__PIPE__L1-NA.__PIPE__L3-NA": {
    "perf": 0.0,
    "point": {
      "__PIPE__L0": "",
      "__PARA__L0": 1,
      "__PIPE__L1": "",
      "__PARA__L1": 2,
      "__PARA__L2": 88,
      "__PIPE__L3": "",
      "__PARA__L3": 32,
      "__PARA__L4": 88
    },
    "res_util": {
      "util-URAM": 0,
      "util-BRAM": 0,
      "util-DSP": 0,
      "util-LUT": 0,
      "util-FF": 0,
      "total-URAM": 0,
      "total-BRAM": 0,
      "total-DSP": 0,
      "total-LUT": 0,
      "total-FF": 0
    },
    "valid": false
  },
  "__PARA__L0-1.__PARA__L1-2.__PARA__L2-88.__PARA__L3-44.__PARA__L4-88.__PIPE__L0-NA.__PIPE__L1-NA.__PIPE__L3-NA": {
    "perf": 0.0,
    "point": {
      "__PIPE__L0": "",
      "__PARA__L0": 1,
      "__PIPE__L1": "",
      "__PARA__L1": 2,
      "__PARA__L2": 88,
      "__PIPE__L3": "",
      "__PARA__L3": 44,
      "__PARA__L4": 88
    },
    "res_util": {
      "util-URAM": 0,
      "util-BRAM": 0,
      "util-DSP": 0,
      "util-LUT": 0,
      "util-FF": 0,
      "total-URAM": 0,
      "total-BRAM": 0,
      "total-DSP": 0,
      "total-LUT": 0,
      "total-FF": 0
    },
    "valid": false
  },
  "__PARA__L0-1.__PARA__L1-2.__PARA__L2-88.__PARA__L3-64.__PARA__L4-88.__PIPE__L0-NA.__PIPE__L1-NA.__PIPE__L3-NA": {
    "perf": 0.0,
    "point": {
      "__PIPE__L0": "",
      "__PARA__L0": 1,
      "__PIPE__L1": "",
      "__PARA__L1": 2,
      "__PARA__L2": 88,
      "__PIPE__L3": "",
      "__PARA__L3": 64,
      "__PARA__L4": 88
    },
    "res_util": {
      "util-URAM": 0,
      "util-BRAM": 0,
      "util-DSP": 0,
      "util-LUT": 0,
      "util-FF": 0,
      "total-URAM": 0,
      "total-BRAM": 0,
      "total-DSP": 0,
      "total-LUT": 0,
      "total-FF": 0
    },
    "valid": false
  },
  "__PARA__L0-1.__PARA__L1-2.__PARA__L2-88.__PARA__L3-88.__PARA__L4-88.__PIPE__L0-NA.__PIPE__L1-NA.__PIPE__L3-NA": {
    "perf": 0.0,
    "point": {
      "__PIPE__L0": "",
      "__PARA__L0": 1,
      "__PIPE__L1": "",
      "__PARA__L1": 2,
      "__PARA__L2": 88,
      "__PIPE__L3": "",
      "__PARA__L3": 88,
      "__PARA__L4": 88
    },
    "res_util": {
      "util-URAM": 0,
      "util-BRAM": 0,
      "util-DSP": 0,
      "util-LUT": 0,
      "util-FF": 0,
      "total-URAM": 0,
      "total-BRAM": 0,
      "total-DSP": 0,
      "total-LUT": 0,
      "total-FF": 0
    },
    "valid": false
  },
  "__PARA__L0-1.__PARA__L1-2.__PARA__L2-88.__PARA__L3-2.__PARA__L4-88.__PIPE__L0-NA.__PIPE__L1-off.__PIPE__L3-NA": {
    "perf": 21809.0,
    "point": {
      "__PIPE__L0": "",
      "__PARA__L0": 1,
      "__PIPE__L1": "off",
      "__PARA__L1": 2,
      "__PARA__L2": 88,
      "__PIPE__L3": "",
      "__PARA__L3": 2,
      "__PARA__L4": 88
    },
    "res_util": {
      "util-URAM": 0.0,
      "util-BRAM": 0.0,
      "util-DSP": 0.6861598440545809,
      "util-LUT": 0.6919305724725944,
      "util-FF": 0.3340427211620878,
      "total-URAM": 0,
      "total-BRAM": 0,
      "total-DSP": 3520,
      "total-LUT": 613521,
      "total-FF": 592378
    },
    "valid": true
  },
  "__PARA__L0-1.__PARA__L1-2.__PARA__L2-88.__PARA__L3-2.__PARA__L4-88.__PIPE__L0-NA.__PIPE__L1-   .__PIPE__L3-NA": {
    "perf": 21809.0,
    "point": {
      "__PIPE__L0": "",
      "__PARA__L0": 1,
      "__PIPE__L1": "   ",
      "__PARA__L1": 2,
      "__PARA__L2": 88,
      "__PIPE__L3": "",
      "__PARA__L3": 2,
      "__PARA__L4": 88
    },
    "res_util": {
      "util-URAM": 0.0,
      "util-BRAM": 0.0,
      "util-DSP": 0.6861598440545809,
      "util-LUT": 0.6919305724725944,
      "util-FF": 0.3340427211620878,
      "total-URAM": 0,
      "total-BRAM": 0,
      "total-DSP": 3520,
      "total-LUT": 613521,
      "total-FF": 592378
    },
    "valid": true
  },
  "__PARA__L0-1.__PARA__L1-2.__PARA__L2-88.__PARA__L3-2.__PARA__L4-88.__PIPE__L0-NA.__PIPE__L1-off.__PIPE__L3-off": {
    "perf": 21809.0,
    "point": {
      "__PIPE__L0": "",
      "__PARA__L0": 1,
      "__PIPE__L1": "off",
      "__PARA__L1": 2,
      "__PARA__L2": 88,
      "__PIPE__L3": "off",
      "__PARA__L3": 2,
      "__PARA__L4": 88
    },
    "res_util": {
      "util-URAM": 0.0,
      "util-BRAM": 0.0,
      "util-DSP": 0.6861598440545809,
      "util-LUT": 0.6919305724725944,
      "util-FF": 0.3340427211620878,
      "total-URAM": 0,
      "total-BRAM": 0,
      "total-DSP": 3520,
      "total-LUT": 613521,
      "total-FF": 592378
    },
    "valid": true
  },
  "__PARA__L0-1.__PARA__L1-2.__PARA__L2-88.__PARA__L3-2.__PARA__L4-88.__PIPE__L0-NA.__PIPE__L1-off.__PIPE__L3-   ": {
    "perf": 21809.0,
    "point": {
      "__PIPE__L0": "",
      "__PARA__L0": 1,
      "__PIPE__L1": "off",
      "__PARA__L1": 2,
      "__PARA__L2": 88,
      "__PIPE__L3": "   ",
      "__PARA__L3": 2,
      "__PARA__L4": 88
    },
    "res_util": {
      "util-URAM": 0.0,
      "util-BRAM": 0.0,
      "util-DSP": 0.6861598440545809,
      "util-LUT": 0.6919305724725944,
      "util-FF": 0.3340427211620878,
      "total-URAM": 0,
      "total-BRAM": 0,
      "total-DSP": 3520,
      "total-LUT": 613521,
      "total-FF": 592378
    },
    "valid": true
  },
  "__PARA__L0-2.__PARA__L1-2.__PARA__L2-88.__PARA__L3-2.__PARA__L4-88.__PIPE__L0-NA.__PIPE__L1-off.__PIPE__L3-off": {
    "perf": 21809.0,
    "point": {
      "__PIPE__L0": "",
      "__PARA__L0": 2,
      "__PIPE__L1": "off",
      "__PARA__L1": 2,
      "__PARA__L2": 88,
      "__PIPE__L3": "off",
      "__PARA__L3": 2,
      "__PARA__L4": 88
    },
    "res_util": {
      "util-URAM": 0.0,
      "util-BRAM": 0.0,
      "util-DSP": 0.6861598440545809,
      "util-LUT": 0.7633227319889927,
      "util-FF": 0.4362543420399693,
      "total-URAM": 0,
      "total-BRAM": 0,
      "total-DSP": 3520,
      "total-LUT": 676823,
      "total-FF": 773636
    },
    "valid": true
  },
  "__PARA__L0-4.__PARA__L1-2.__PARA__L2-88.__PARA__L3-2.__PARA__L4-88.__PIPE__L0-NA.__PIPE__L1-off.__PIPE__L3-off": {
    "perf": 21809.0,
    "point": {
      "__PIPE__L0": "",
      "__PARA__L0": 4,
      "__PIPE__L1": "off",
      "__PARA__L1": 2,
      "__PARA__L2": 88,
      "__PIPE__L3": "off",
      "__PARA__L3": 2,
      "__PARA__L4": 88
    },
    "res_util": {
      "util-URAM": 0.0,
      "util-BRAM": 0.0,
      "util-DSP": 0.6861598440545809,
      "util-LUT": 0.8947297784995715,
      "util-FF": 0.6406775837957324,
      "total-URAM": 0,
      "total-BRAM": 0,
      "total-DSP": 3520,
      "total-LUT": 793339,
      "total-FF": 1136152
    },
    "valid": true
  },
  "__PARA__L0-5.__PARA__L1-2.__PARA__L2-88.__PARA__L3-2.__PARA__L4-88.__PIPE__L0-NA.__PIPE__L1-off.__PIPE__L3-off": {
    "perf": 21809.0,
    "point": {
      "__PIPE__L0": "",
      "__PARA__L0": 5,
      "__PIPE__L1": "off",
      "__PARA__L1": 2,
      "__PARA__L2": 88,
      "__PIPE__L3": "off",
      "__PARA__L3": 2,
      "__PARA__L4": 88
    },
    "res_util": {
      "util-URAM": 0.0,
      "util-BRAM": 0.0,
      "util-DSP": 0.6861598440545809,
      "util-LUT": 0.952801461632156,
      "util-FF": 0.742889204673614,
      "total-URAM": 0,
      "total-BRAM": 0,
      "total-DSP": 3520,
      "total-LUT": 844830,
      "total-FF": 1317410
    },
    "valid": true
  },
  "__PARA__L0-8.__PARA__L1-2.__PARA__L2-88.__PARA__L3-2.__PARA__L4-88.__PIPE__L0-NA.__PIPE__L1-off.__PIPE__L3-off": {
    "perf": 0.0,
    "point": {
      "__PIPE__L0": "",
      "__PARA__L0": 8,
      "__PIPE__L1": "off",
      "__PARA__L1": 2,
      "__PARA__L2": 88,
      "__PIPE__L3": "off",
      "__PARA__L3": 2,
      "__PARA__L4": 88
    },
    "res_util": {
      "util-URAM": 0,
      "util-BRAM": 0,
      "util-DSP": 0,
      "util-LUT": 0,
      "util-FF": 0,
      "total-URAM": 0,
      "total-BRAM": 0,
      "total-DSP": 0,
      "total-LUT": 0,
      "total-FF": 0
    },
    "valid": false
  },
  "__PARA__L0-10.__PARA__L1-2.__PARA__L2-88.__PARA__L3-2.__PARA__L4-88.__PIPE__L0-NA.__PIPE__L1-off.__PIPE__L3-off": {
    "perf": 0.0,
    "point": {
      "__PIPE__L0": "",
      "__PARA__L0": 10,
      "__PIPE__L1": "off",
      "__PARA__L1": 2,
      "__PARA__L2": 88,
      "__PIPE__L3": "off",
      "__PARA__L3": 2,
      "__PARA__L4": 88
    },
    "res_util": {
      "util-URAM": 0,
      "util-BRAM": 0,
      "util-DSP": 0,
      "util-LUT": 0,
      "util-FF": 0,
      "total-URAM": 0,
      "total-BRAM": 0,
      "total-DSP": 0,
      "total-LUT": 0,
      "total-FF": 0
    },
    "valid": false
  },
  "__PARA__L0-16.__PARA__L1-2.__PARA__L2-88.__PARA__L3-2.__PARA__L4-88.__PIPE__L0-NA.__PIPE__L1-off.__PIPE__L3-off": {
    "perf": 0.0,
    "point": {
      "__PIPE__L0": "",
      "__PARA__L0": 16,
      "__PIPE__L1": "off",
      "__PARA__L1": 2,
      "__PARA__L2": 88,
      "__PIPE__L3": "off",
      "__PARA__L3": 2,
      "__PARA__L4": 88
    },
    "res_util": {
      "util-URAM": 0,
      "util-BRAM": 0,
      "util-DSP": 0,
      "util-LUT": 0,
      "util-FF": 0,
      "total-URAM": 0,
      "total-BRAM": 0,
      "total-DSP": 0,
      "total-LUT": 0,
      "total-FF": 0
    },
    "valid": false
  },
  "__PARA__L0-20.__PARA__L1-2.__PARA__L2-88.__PARA__L3-2.__PARA__L4-88.__PIPE__L0-NA.__PIPE__L1-off.__PIPE__L3-off": {
    "perf": 0.0,
    "point": {
      "__PIPE__L0": "",
      "__PARA__L0": 20,
      "__PIPE__L1": "off",
      "__PARA__L1": 2,
      "__PARA__L2": 88,
      "__PIPE__L3": "off",
      "__PARA__L3": 2,
      "__PARA__L4": 88
    },
    "res_util": {
      "util-URAM": 0,
      "util-BRAM": 0,
      "util-DSP": 0,
      "util-LUT": 0,
      "util-FF": 0,
      "total-URAM": 0,
      "total-BRAM": 0,
      "total-DSP": 0,
      "total-LUT": 0,
      "total-FF": 0
    },
    "valid": false
  },
  "__PARA__L0-32.__PARA__L1-2.__PARA__L2-88.__PARA__L3-2.__PARA__L4-88.__PIPE__L0-NA.__PIPE__L1-off.__PIPE__L3-off": {
    "perf": 0.0,
    "point": {
      "__PIPE__L0": "",
      "__PARA__L0": 32,
      "__PIPE__L1": "off",
      "__PARA__L1": 2,
      "__PARA__L2": 88,
      "__PIPE__L3": "off",
      "__PARA__L3": 2,
      "__PARA__L4": 88
    },
    "res_util": {
      "util-URAM": 0,
      "util-BRAM": 0,
      "util-DSP": 0,
      "util-LUT": 0,
      "util-FF": 0,
      "total-URAM": 0,
      "total-BRAM": 0,
      "total-DSP": 0,
      "total-LUT": 0,
      "total-FF": 0
    },
    "valid": false
  },
  "__PARA__L0-40.__PARA__L1-2.__PARA__L2-88.__PARA__L3-2.__PARA__L4-88.__PIPE__L0-NA.__PIPE__L1-off.__PIPE__L3-off": {
    "perf": 0.0,
    "point": {
      "__PIPE__L0": "",
      "__PARA__L0": 40,
      "__PIPE__L1": "off",
      "__PARA__L1": 2,
      "__PARA__L2": 88,
      "__PIPE__L3": "off",
      "__PARA__L3": 2,
      "__PARA__L4": 88
    },
    "res_util": {
      "util-URAM": 0,
      "util-BRAM": 0,
      "util-DSP": 0,
      "util-LUT": 0,
      "util-FF": 0,
      "total-URAM": 0,
      "total-BRAM": 0,
      "total-DSP": 0,
      "total-LUT": 0,
      "total-FF": 0
    },
    "valid": false
  },
  "__PARA__L0-1.__PARA__L1-2.__PARA__L2-88.__PARA__L3-2.__PARA__L4-88.__PIPE__L0-off.__PIPE__L1-off.__PIPE__L3-off": {
    "perf": 21809.0,
    "point": {
      "__PIPE__L0": "off",
      "__PARA__L0": 1,
      "__PIPE__L1": "off",
      "__PARA__L1": 2,
      "__PARA__L2": 88,
      "__PIPE__L3": "off",
      "__PARA__L3": 2,
      "__PARA__L4": 88
    },
    "res_util": {
      "util-URAM": 0.0,
      "util-BRAM": 0.0,
      "util-DSP": 0.6861598440545809,
      "util-LUT": 0.6919305724725944,
      "util-FF": 0.3340427211620878,
      "total-URAM": 0,
      "total-BRAM": 0,
      "total-DSP": 3520,
      "total-LUT": 613521,
      "total-FF": 592378
    },
    "valid": true
  },
  "__PARA__L0-1.__PARA__L1-2.__PARA__L2-88.__PARA__L3-2.__PARA__L4-88.__PIPE__L0-   .__PIPE__L1-off.__PIPE__L3-off": {
    "perf": 0.0,
    "point": {
      "__PIPE__L0": "   ",
      "__PARA__L0": 1,
      "__PIPE__L1": "off",
      "__PARA__L1": 2,
      "__PARA__L2": 88,
      "__PIPE__L3": "off",
      "__PARA__L3": 2,
      "__PARA__L4": 88
    },
    "res_util": {
      "util-URAM": 0,
      "util-BRAM": 0,
      "util-DSP": 0,
      "util-LUT": 0,
      "util-FF": 0,
      "total-URAM": 0,
      "total-BRAM": 0,
      "total-DSP": 0,
      "total-LUT": 0,
      "total-FF": 0
    },
    "valid": false
  },
  "__PARA__L0-2.__PARA__L1-2.__PARA__L2-88.__PARA__L3-2.__PARA__L4-88.__PIPE__L0-off.__PIPE__L1-off.__PIPE__L3-off": {
    "perf": 21809.0,
    "point": {
      "__PIPE__L0": "off",
      "__PARA__L0": 2,
      "__PIPE__L1": "off",
      "__PARA__L1": 2,
      "__PARA__L2": 88,
      "__PIPE__L3": "off",
      "__PARA__L3": 2,
      "__PARA__L4": 88
    },
    "res_util": {
      "util-URAM": 0.0,
      "util-BRAM": 0.0,
      "util-DSP": 0.6861598440545809,
      "util-LUT": 0.7633227319889927,
      "util-FF": 0.4362543420399693,
      "total-URAM": 0,
      "total-BRAM": 0,
      "total-DSP": 3520,
      "total-LUT": 676823,
      "total-FF": 773636
    },
    "valid": true
  },
  "__PARA__L0-2.__PARA__L1-2.__PARA__L2-88.__PARA__L3-2.__PARA__L4-88.__PIPE__L0-   .__PIPE__L1-off.__PIPE__L3-off": {
    "perf": 0.0,
    "point": {
      "__PIPE__L0": "   ",
      "__PARA__L0": 2,
      "__PIPE__L1": "off",
      "__PARA__L1": 2,
      "__PARA__L2": 88,
      "__PIPE__L3": "off",
      "__PARA__L3": 2,
      "__PARA__L4": 88
    },
    "res_util": {
      "util-URAM": 0,
      "util-BRAM": 0,
      "util-DSP": 0,
      "util-LUT": 0,
      "util-FF": 0,
      "total-URAM": 0,
      "total-BRAM": 0,
      "total-DSP": 0,
      "total-LUT": 0,
      "total-FF": 0
    },
    "valid": false
  },
  "__PARA__L0-4.__PARA__L1-2.__PARA__L2-88.__PARA__L3-2.__PARA__L4-88.__PIPE__L0-off.__PIPE__L1-off.__PIPE__L3-off": {
    "perf": 21809.0,
    "point": {
      "__PIPE__L0": "off",
      "__PARA__L0": 4,
      "__PIPE__L1": "off",
      "__PARA__L1": 2,
      "__PARA__L2": 88,
      "__PIPE__L3": "off",
      "__PARA__L3": 2,
      "__PARA__L4": 88
    },
    "res_util": {
      "util-URAM": 0.0,
      "util-BRAM": 0.0,
      "util-DSP": 0.6861598440545809,
      "util-LUT": 0.8947297784995715,
      "util-FF": 0.6406775837957324,
      "total-URAM": 0,
      "total-BRAM": 0,
      "total-DSP": 3520,
      "total-LUT": 793339,
      "total-FF": 1136152
    },
    "valid": true
  },
  "__PARA__L0-4.__PARA__L1-2.__PARA__L2-88.__PARA__L3-2.__PARA__L4-88.__PIPE__L0-   .__PIPE__L1-off.__PIPE__L3-off": {
    "perf": 0.0,
    "point": {
      "__PIPE__L0": "   ",
      "__PARA__L0": 4,
      "__PIPE__L1": "off",
      "__PARA__L1": 2,
      "__PARA__L2": 88,
      "__PIPE__L3": "off",
      "__PARA__L3": 2,
      "__PARA__L4": 88
    },
    "res_util": {
      "util-URAM": 0,
      "util-BRAM": 0,
      "util-DSP": 0,
      "util-LUT": 0,
      "util-FF": 0,
      "total-URAM": 0,
      "total-BRAM": 0,
      "total-DSP": 0,
      "total-LUT": 0,
      "total-FF": 0
    },
    "valid": false
  },
  "__PARA__L0-5.__PARA__L1-2.__PARA__L2-88.__PARA__L3-2.__PARA__L4-88.__PIPE__L0-off.__PIPE__L1-off.__PIPE__L3-off": {
    "perf": 0.0,
    "point": {
      "__PIPE__L0": "off",
      "__PARA__L0": 5,
      "__PIPE__L1": "off",
      "__PARA__L1": 2,
      "__PARA__L2": 88,
      "__PIPE__L3": "off",
      "__PARA__L3": 2,
      "__PARA__L4": 88
    },
    "res_util": {
      "util-URAM": 0,
      "util-BRAM": 0,
      "util-DSP": 0,
      "util-LUT": 0,
      "util-FF": 0,
      "total-URAM": 0,
      "total-BRAM": 0,
      "total-DSP": 0,
      "total-LUT": 0,
      "total-FF": 0
    },
    "valid": false
  },
  "__PARA__L0-5.__PARA__L1-2.__PARA__L2-88.__PARA__L3-2.__PARA__L4-88.__PIPE__L0-   .__PIPE__L1-off.__PIPE__L3-off": {
    "perf": 0.0,
    "point": {
      "__PIPE__L0": "   ",
      "__PARA__L0": 5,
      "__PIPE__L1": "off",
      "__PARA__L1": 2,
      "__PARA__L2": 88,
      "__PIPE__L3": "off",
      "__PARA__L3": 2,
      "__PARA__L4": 88
    },
    "res_util": {
      "util-URAM": 0,
      "util-BRAM": 0,
      "util-DSP": 0,
      "util-LUT": 0,
      "util-FF": 0,
      "total-URAM": 0,
      "total-BRAM": 0,
      "total-DSP": 0,
      "total-LUT": 0,
      "total-FF": 0
    },
    "valid": false
  },
  "__PARA__L0-2.__PARA__L1-2.__PARA__L2-88.__PARA__L3-2.__PARA__L4-88.__PIPE__L0-NA.__PIPE__L1-off.__PIPE__L3-   ": {
    "perf": 21809.0,
    "point": {
      "__PIPE__L0": "",
      "__PARA__L0": 2,
      "__PIPE__L1": "off",
      "__PARA__L1": 2,
      "__PARA__L2": 88,
      "__PIPE__L3": "   ",
      "__PARA__L3": 2,
      "__PARA__L4": 88
    },
    "res_util": {
      "util-URAM": 0.0,
      "util-BRAM": 0.0,
      "util-DSP": 0.6861598440545809,
      "util-LUT": 0.7633227319889927,
      "util-FF": 0.4362543420399693,
      "total-URAM": 0,
      "total-BRAM": 0,
      "total-DSP": 3520,
      "total-LUT": 676823,
      "total-FF": 773636
    },
    "valid": true
  },
  "__PARA__L0-4.__PARA__L1-2.__PARA__L2-88.__PARA__L3-2.__PARA__L4-88.__PIPE__L0-NA.__PIPE__L1-off.__PIPE__L3-   ": {
    "perf": 21809.0,
    "point": {
      "__PIPE__L0": "",
      "__PARA__L0": 4,
      "__PIPE__L1": "off",
      "__PARA__L1": 2,
      "__PARA__L2": 88,
      "__PIPE__L3": "   ",
      "__PARA__L3": 2,
      "__PARA__L4": 88
    },
    "res_util": {
      "util-URAM": 0.0,
      "util-BRAM": 0.0,
      "util-DSP": 0.6861598440545809,
      "util-LUT": 0.8947297784995715,
      "util-FF": 0.6406775837957324,
      "total-URAM": 0,
      "total-BRAM": 0,
      "total-DSP": 3520,
      "total-LUT": 793339,
      "total-FF": 1136152
    },
    "valid": true
  },
  "__PARA__L0-5.__PARA__L1-2.__PARA__L2-88.__PARA__L3-2.__PARA__L4-88.__PIPE__L0-NA.__PIPE__L1-off.__PIPE__L3-   ": {
    "perf": 21809.0,
    "point": {
      "__PIPE__L0": "",
      "__PARA__L0": 5,
      "__PIPE__L1": "off",
      "__PARA__L1": 2,
      "__PARA__L2": 88,
      "__PIPE__L3": "   ",
      "__PARA__L3": 2,
      "__PARA__L4": 88
    },
    "res_util": {
      "util-URAM": 0.0,
      "util-BRAM": 0.0,
      "util-DSP": 0.6861598440545809,
      "util-LUT": 0.952801461632156,
      "util-FF": 0.742889204673614,
      "total-URAM": 0,
      "total-BRAM": 0,
      "total-DSP": 3520,
      "total-LUT": 844830,
      "total-FF": 1317410
    },
    "valid": true
  },
  "__PARA__L0-8.__PARA__L1-2.__PARA__L2-88.__PARA__L3-2.__PARA__L4-88.__PIPE__L0-NA.__PIPE__L1-off.__PIPE__L3-   ": {
    "perf": 0.0,
    "point": {
      "__PIPE__L0": "",
      "__PARA__L0": 8,
      "__PIPE__L1": "off",
      "__PARA__L1": 2,
      "__PARA__L2": 88,
      "__PIPE__L3": "   ",
      "__PARA__L3": 2,
      "__PARA__L4": 88
    },
    "res_util": {
      "util-URAM": 0,
      "util-BRAM": 0,
      "util-DSP": 0,
      "util-LUT": 0,
      "util-FF": 0,
      "total-URAM": 0,
      "total-BRAM": 0,
      "total-DSP": 0,
      "total-LUT": 0,
      "total-FF": 0
    },
    "valid": false
  },
  "__PARA__L0-10.__PARA__L1-2.__PARA__L2-88.__PARA__L3-2.__PARA__L4-88.__PIPE__L0-NA.__PIPE__L1-off.__PIPE__L3-   ": {
    "perf": 0.0,
    "point": {
      "__PIPE__L0": "",
      "__PARA__L0": 10,
      "__PIPE__L1": "off",
      "__PARA__L1": 2,
      "__PARA__L2": 88,
      "__PIPE__L3": "   ",
      "__PARA__L3": 2,
      "__PARA__L4": 88
    },
    "res_util": {
      "util-URAM": 0,
      "util-BRAM": 0,
      "util-DSP": 0,
      "util-LUT": 0,
      "util-FF": 0,
      "total-URAM": 0,
      "total-BRAM": 0,
      "total-DSP": 0,
      "total-LUT": 0,
      "total-FF": 0
    },
    "valid": false
  },
  "__PARA__L0-16.__PARA__L1-2.__PARA__L2-88.__PARA__L3-2.__PARA__L4-88.__PIPE__L0-NA.__PIPE__L1-off.__PIPE__L3-   ": {
    "perf": 0.0,
    "point": {
      "__PIPE__L0": "",
      "__PARA__L0": 16,
      "__PIPE__L1": "off",
      "__PARA__L1": 2,
      "__PARA__L2": 88,
      "__PIPE__L3": "   ",
      "__PARA__L3": 2,
      "__PARA__L4": 88
    },
    "res_util": {
      "util-URAM": 0,
      "util-BRAM": 0,
      "util-DSP": 0,
      "util-LUT": 0,
      "util-FF": 0,
      "total-URAM": 0,
      "total-BRAM": 0,
      "total-DSP": 0,
      "total-LUT": 0,
      "total-FF": 0
    },
    "valid": false
  },
  "__PARA__L0-20.__PARA__L1-2.__PARA__L2-88.__PARA__L3-2.__PARA__L4-88.__PIPE__L0-NA.__PIPE__L1-off.__PIPE__L3-   ": {
    "perf": 0.0,
    "point": {
      "__PIPE__L0": "",
      "__PARA__L0": 20,
      "__PIPE__L1": "off",
      "__PARA__L1": 2,
      "__PARA__L2": 88,
      "__PIPE__L3": "   ",
      "__PARA__L3": 2,
      "__PARA__L4": 88
    },
    "res_util": {
      "util-URAM": 0,
      "util-BRAM": 0,
      "util-DSP": 0,
      "util-LUT": 0,
      "util-FF": 0,
      "total-URAM": 0,
      "total-BRAM": 0,
      "total-DSP": 0,
      "total-LUT": 0,
      "total-FF": 0
    },
    "valid": false
  },
  "__PARA__L0-32.__PARA__L1-2.__PARA__L2-88.__PARA__L3-2.__PARA__L4-88.__PIPE__L0-NA.__PIPE__L1-off.__PIPE__L3-   ": {
    "perf": 0.0,
    "point": {
      "__PIPE__L0": "",
      "__PARA__L0": 32,
      "__PIPE__L1": "off",
      "__PARA__L1": 2,
      "__PARA__L2": 88,
      "__PIPE__L3": "   ",
      "__PARA__L3": 2,
      "__PARA__L4": 88
    },
    "res_util": {
      "util-URAM": 0,
      "util-BRAM": 0,
      "util-DSP": 0,
      "util-LUT": 0,
      "util-FF": 0,
      "total-URAM": 0,
      "total-BRAM": 0,
      "total-DSP": 0,
      "total-LUT": 0,
      "total-FF": 0
    },
    "valid": false
  },
  "__PARA__L0-40.__PARA__L1-2.__PARA__L2-88.__PARA__L3-2.__PARA__L4-88.__PIPE__L0-NA.__PIPE__L1-off.__PIPE__L3-   ": {
    "perf": 0.0,
    "point": {
      "__PIPE__L0": "",
      "__PARA__L0": 40,
      "__PIPE__L1": "off",
      "__PARA__L1": 2,
      "__PARA__L2": 88,
      "__PIPE__L3": "   ",
      "__PARA__L3": 2,
      "__PARA__L4": 88
    },
    "res_util": {
      "util-URAM": 0,
      "util-BRAM": 0,
      "util-DSP": 0,
      "util-LUT": 0,
      "util-FF": 0,
      "total-URAM": 0,
      "total-BRAM": 0,
      "total-DSP": 0,
      "total-LUT": 0,
      "total-FF": 0
    },
    "valid": false
  },
  "__PARA__L0-1.__PARA__L1-2.__PARA__L2-88.__PARA__L3-2.__PARA__L4-88.__PIPE__L0-off.__PIPE__L1-off.__PIPE__L3-   ": {
    "perf": 21809.0,
    "point": {
      "__PIPE__L0": "off",
      "__PARA__L0": 1,
      "__PIPE__L1": "off",
      "__PARA__L1": 2,
      "__PARA__L2": 88,
      "__PIPE__L3": "   ",
      "__PARA__L3": 2,
      "__PARA__L4": 88
    },
    "res_util": {
      "util-URAM": 0.0,
      "util-BRAM": 0.0,
      "util-DSP": 0.6861598440545809,
      "util-LUT": 0.6919305724725944,
      "util-FF": 0.3340427211620878,
      "total-URAM": 0,
      "total-BRAM": 0,
      "total-DSP": 3520,
      "total-LUT": 613521,
      "total-FF": 592378
    },
    "valid": true
  },
  "__PARA__L0-1.__PARA__L1-2.__PARA__L2-88.__PARA__L3-2.__PARA__L4-88.__PIPE__L0-   .__PIPE__L1-off.__PIPE__L3-   ": {
    "perf": 0.0,
    "point": {
      "__PIPE__L0": "   ",
      "__PARA__L0": 1,
      "__PIPE__L1": "off",
      "__PARA__L1": 2,
      "__PARA__L2": 88,
      "__PIPE__L3": "   ",
      "__PARA__L3": 2,
      "__PARA__L4": 88
    },
    "res_util": {
      "util-URAM": 0,
      "util-BRAM": 0,
      "util-DSP": 0,
      "util-LUT": 0,
      "util-FF": 0,
      "total-URAM": 0,
      "total-BRAM": 0,
      "total-DSP": 0,
      "total-LUT": 0,
      "total-FF": 0
    },
    "valid": false
  },
  "__PARA__L0-2.__PARA__L1-2.__PARA__L2-88.__PARA__L3-2.__PARA__L4-88.__PIPE__L0-off.__PIPE__L1-off.__PIPE__L3-   ": {
    "perf": 21809.0,
    "point": {
      "__PIPE__L0": "off",
      "__PARA__L0": 2,
      "__PIPE__L1": "off",
      "__PARA__L1": 2,
      "__PARA__L2": 88,
      "__PIPE__L3": "   ",
      "__PARA__L3": 2,
      "__PARA__L4": 88
    },
    "res_util": {
      "util-URAM": 0.0,
      "util-BRAM": 0.0,
      "util-DSP": 0.6861598440545809,
      "util-LUT": 0.7633227319889927,
      "util-FF": 0.4362543420399693,
      "total-URAM": 0,
      "total-BRAM": 0,
      "total-DSP": 3520,
      "total-LUT": 676823,
      "total-FF": 773636
    },
    "valid": true
  },
  "__PARA__L0-2.__PARA__L1-2.__PARA__L2-88.__PARA__L3-2.__PARA__L4-88.__PIPE__L0-   .__PIPE__L1-off.__PIPE__L3-   ": {
    "perf": 0.0,
    "point": {
      "__PIPE__L0": "   ",
      "__PARA__L0": 2,
      "__PIPE__L1": "off",
      "__PARA__L1": 2,
      "__PARA__L2": 88,
      "__PIPE__L3": "   ",
      "__PARA__L3": 2,
      "__PARA__L4": 88
    },
    "res_util": {
      "util-URAM": 0,
      "util-BRAM": 0,
      "util-DSP": 0,
      "util-LUT": 0,
      "util-FF": 0,
      "total-URAM": 0,
      "total-BRAM": 0,
      "total-DSP": 0,
      "total-LUT": 0,
      "total-FF": 0
    },
    "valid": false
  },
  "__PARA__L0-4.__PARA__L1-2.__PARA__L2-88.__PARA__L3-2.__PARA__L4-88.__PIPE__L0-off.__PIPE__L1-off.__PIPE__L3-   ": {
    "perf": 21809.0,
    "point": {
      "__PIPE__L0": "off",
      "__PARA__L0": 4,
      "__PIPE__L1": "off",
      "__PARA__L1": 2,
      "__PARA__L2": 88,
      "__PIPE__L3": "   ",
      "__PARA__L3": 2,
      "__PARA__L4": 88
    },
    "res_util": {
      "util-URAM": 0.0,
      "util-BRAM": 0.0,
      "util-DSP": 0.6861598440545809,
      "util-LUT": 0.8947297784995715,
      "util-FF": 0.6406775837957324,
      "total-URAM": 0,
      "total-BRAM": 0,
      "total-DSP": 3520,
      "total-LUT": 793339,
      "total-FF": 1136152
    },
    "valid": true
  },
  "__PARA__L0-4.__PARA__L1-2.__PARA__L2-88.__PARA__L3-2.__PARA__L4-88.__PIPE__L0-   .__PIPE__L1-off.__PIPE__L3-   ": {
    "perf": 0.0,
    "point": {
      "__PIPE__L0": "   ",
      "__PARA__L0": 4,
      "__PIPE__L1": "off",
      "__PARA__L1": 2,
      "__PARA__L2": 88,
      "__PIPE__L3": "   ",
      "__PARA__L3": 2,
      "__PARA__L4": 88
    },
    "res_util": {
      "util-URAM": 0,
      "util-BRAM": 0,
      "util-DSP": 0,
      "util-LUT": 0,
      "util-FF": 0,
      "total-URAM": 0,
      "total-BRAM": 0,
      "total-DSP": 0,
      "total-LUT": 0,
      "total-FF": 0
    },
    "valid": false
  },
  "__PARA__L0-5.__PARA__L1-2.__PARA__L2-88.__PARA__L3-2.__PARA__L4-88.__PIPE__L0-off.__PIPE__L1-off.__PIPE__L3-   ": {
    "perf": 21809.0,
    "point": {
      "__PIPE__L0": "off",
      "__PARA__L0": 5,
      "__PIPE__L1": "off",
      "__PARA__L1": 2,
      "__PARA__L2": 88,
      "__PIPE__L3": "   ",
      "__PARA__L3": 2,
      "__PARA__L4": 88
    },
    "res_util": {
      "util-URAM": 0.0,
      "util-BRAM": 0.0,
      "util-DSP": 0.6861598440545809,
      "util-LUT": 0.952801461632156,
      "util-FF": 0.742889204673614,
      "total-URAM": 0,
      "total-BRAM": 0,
      "total-DSP": 3520,
      "total-LUT": 844830,
      "total-FF": 1317410
    },
    "valid": true
  },
  "__PARA__L0-5.__PARA__L1-2.__PARA__L2-88.__PARA__L3-2.__PARA__L4-88.__PIPE__L0-   .__PIPE__L1-off.__PIPE__L3-   ": {
    "perf": 0.0,
    "point": {
      "__PIPE__L0": "   ",
      "__PARA__L0": 5,
      "__PIPE__L1": "off",
      "__PARA__L1": 2,
      "__PARA__L2": 88,
      "__PIPE__L3": "   ",
      "__PARA__L3": 2,
      "__PARA__L4": 88
    },
    "res_util": {
      "util-URAM": 0,
      "util-BRAM": 0,
      "util-DSP": 0,
      "util-LUT": 0,
      "util-FF": 0,
      "total-URAM": 0,
      "total-BRAM": 0,
      "total-DSP": 0,
      "total-LUT": 0,
      "total-FF": 0
    },
    "valid": false
  },
  "__PARA__L0-1.__PARA__L1-2.__PARA__L2-88.__PARA__L3-2.__PARA__L4-88.__PIPE__L0-NA.__PIPE__L1-   .__PIPE__L3-off": {
    "perf": 21809.0,
    "point": {
      "__PIPE__L0": "",
      "__PARA__L0": 1,
      "__PIPE__L1": "   ",
      "__PARA__L1": 2,
      "__PARA__L2": 88,
      "__PIPE__L3": "off",
      "__PARA__L3": 2,
      "__PARA__L4": 88
    },
    "res_util": {
      "util-URAM": 0.0,
      "util-BRAM": 0.0,
      "util-DSP": 0.6861598440545809,
      "util-LUT": 0.6919305724725944,
      "util-FF": 0.3340427211620878,
      "total-URAM": 0,
      "total-BRAM": 0,
      "total-DSP": 3520,
      "total-LUT": 613521,
      "total-FF": 592378
    },
    "valid": true
  },
  "__PARA__L0-1.__PARA__L1-2.__PARA__L2-88.__PARA__L3-2.__PARA__L4-88.__PIPE__L0-NA.__PIPE__L1-   .__PIPE__L3-   ": {
    "perf": 21809.0,
    "point": {
      "__PIPE__L0": "",
      "__PARA__L0": 1,
      "__PIPE__L1": "   ",
      "__PARA__L1": 2,
      "__PARA__L2": 88,
      "__PIPE__L3": "   ",
      "__PARA__L3": 2,
      "__PARA__L4": 88
    },
    "res_util": {
      "util-URAM": 0.0,
      "util-BRAM": 0.0,
      "util-DSP": 0.6861598440545809,
      "util-LUT": 0.6919305724725944,
      "util-FF": 0.3340427211620878,
      "total-URAM": 0,
      "total-BRAM": 0,
      "total-DSP": 3520,
      "total-LUT": 613521,
      "total-FF": 592378
    },
    "valid": true
  },
  "__PARA__L0-2.__PARA__L1-2.__PARA__L2-88.__PARA__L3-2.__PARA__L4-88.__PIPE__L0-NA.__PIPE__L1-   .__PIPE__L3-off": {
    "perf": 21809.0,
    "point": {
      "__PIPE__L0": "",
      "__PARA__L0": 2,
      "__PIPE__L1": "   ",
      "__PARA__L1": 2,
      "__PARA__L2": 88,
      "__PIPE__L3": "off",
      "__PARA__L3": 2,
      "__PARA__L4": 88
    },
    "res_util": {
      "util-URAM": 0.0,
      "util-BRAM": 0.0,
      "util-DSP": 0.6861598440545809,
      "util-LUT": 0.7633227319889927,
      "util-FF": 0.4362543420399693,
      "total-URAM": 0,
      "total-BRAM": 0,
      "total-DSP": 3520,
      "total-LUT": 676823,
      "total-FF": 773636
    },
    "valid": true
  },
  "__PARA__L0-4.__PARA__L1-2.__PARA__L2-88.__PARA__L3-2.__PARA__L4-88.__PIPE__L0-NA.__PIPE__L1-   .__PIPE__L3-off": {
    "perf": 21809.0,
    "point": {
      "__PIPE__L0": "",
      "__PARA__L0": 4,
      "__PIPE__L1": "   ",
      "__PARA__L1": 2,
      "__PARA__L2": 88,
      "__PIPE__L3": "off",
      "__PARA__L3": 2,
      "__PARA__L4": 88
    },
    "res_util": {
      "util-URAM": 0.0,
      "util-BRAM": 0.0,
      "util-DSP": 0.6861598440545809,
      "util-LUT": 0.8947297784995715,
      "util-FF": 0.6406775837957324,
      "total-URAM": 0,
      "total-BRAM": 0,
      "total-DSP": 3520,
      "total-LUT": 793339,
      "total-FF": 1136152
    },
    "valid": true
  },
  "__PARA__L0-5.__PARA__L1-2.__PARA__L2-88.__PARA__L3-2.__PARA__L4-88.__PIPE__L0-NA.__PIPE__L1-   .__PIPE__L3-off": {
    "perf": 21809.0,
    "point": {
      "__PIPE__L0": "",
      "__PARA__L0": 5,
      "__PIPE__L1": "   ",
      "__PARA__L1": 2,
      "__PARA__L2": 88,
      "__PIPE__L3": "off",
      "__PARA__L3": 2,
      "__PARA__L4": 88
    },
    "res_util": {
      "util-URAM": 0.0,
      "util-BRAM": 0.0,
      "util-DSP": 0.6861598440545809,
      "util-LUT": 0.952801461632156,
      "util-FF": 0.742889204673614,
      "total-URAM": 0,
      "total-BRAM": 0,
      "total-DSP": 3520,
      "total-LUT": 844830,
      "total-FF": 1317410
    },
    "valid": true
  },
  "__PARA__L0-8.__PARA__L1-2.__PARA__L2-88.__PARA__L3-2.__PARA__L4-88.__PIPE__L0-NA.__PIPE__L1-   .__PIPE__L3-off": {
    "perf": 0.0,
    "point": {
      "__PIPE__L0": "",
      "__PARA__L0": 8,
      "__PIPE__L1": "   ",
      "__PARA__L1": 2,
      "__PARA__L2": 88,
      "__PIPE__L3": "off",
      "__PARA__L3": 2,
      "__PARA__L4": 88
    },
    "res_util": {
      "util-URAM": 0,
      "util-BRAM": 0,
      "util-DSP": 0,
      "util-LUT": 0,
      "util-FF": 0,
      "total-URAM": 0,
      "total-BRAM": 0,
      "total-DSP": 0,
      "total-LUT": 0,
      "total-FF": 0
    },
    "valid": false
  },
  "__PARA__L0-10.__PARA__L1-2.__PARA__L2-88.__PARA__L3-2.__PARA__L4-88.__PIPE__L0-NA.__PIPE__L1-   .__PIPE__L3-off": {
    "perf": 0.0,
    "point": {
      "__PIPE__L0": "",
      "__PARA__L0": 10,
      "__PIPE__L1": "   ",
      "__PARA__L1": 2,
      "__PARA__L2": 88,
      "__PIPE__L3": "off",
      "__PARA__L3": 2,
      "__PARA__L4": 88
    },
    "res_util": {
      "util-URAM": 0,
      "util-BRAM": 0,
      "util-DSP": 0,
      "util-LUT": 0,
      "util-FF": 0,
      "total-URAM": 0,
      "total-BRAM": 0,
      "total-DSP": 0,
      "total-LUT": 0,
      "total-FF": 0
    },
    "valid": false
  },
  "__PARA__L0-16.__PARA__L1-2.__PARA__L2-88.__PARA__L3-2.__PARA__L4-88.__PIPE__L0-NA.__PIPE__L1-   .__PIPE__L3-off": {
    "perf": 0.0,
    "point": {
      "__PIPE__L0": "",
      "__PARA__L0": 16,
      "__PIPE__L1": "   ",
      "__PARA__L1": 2,
      "__PARA__L2": 88,
      "__PIPE__L3": "off",
      "__PARA__L3": 2,
      "__PARA__L4": 88
    },
    "res_util": {
      "util-URAM": 0,
      "util-BRAM": 0,
      "util-DSP": 0,
      "util-LUT": 0,
      "util-FF": 0,
      "total-URAM": 0,
      "total-BRAM": 0,
      "total-DSP": 0,
      "total-LUT": 0,
      "total-FF": 0
    },
    "valid": false
  },
  "__PARA__L0-20.__PARA__L1-2.__PARA__L2-88.__PARA__L3-2.__PARA__L4-88.__PIPE__L0-NA.__PIPE__L1-   .__PIPE__L3-off": {
    "perf": 0.0,
    "point": {
      "__PIPE__L0": "",
      "__PARA__L0": 20,
      "__PIPE__L1": "   ",
      "__PARA__L1": 2,
      "__PARA__L2": 88,
      "__PIPE__L3": "off",
      "__PARA__L3": 2,
      "__PARA__L4": 88
    },
    "res_util": {
      "util-URAM": 0,
      "util-BRAM": 0,
      "util-DSP": 0,
      "util-LUT": 0,
      "util-FF": 0,
      "total-URAM": 0,
      "total-BRAM": 0,
      "total-DSP": 0,
      "total-LUT": 0,
      "total-FF": 0
    },
    "valid": false
  },
  "__PARA__L0-32.__PARA__L1-2.__PARA__L2-88.__PARA__L3-2.__PARA__L4-88.__PIPE__L0-NA.__PIPE__L1-   .__PIPE__L3-off": {
    "perf": 0.0,
    "point": {
      "__PIPE__L0": "",
      "__PARA__L0": 32,
      "__PIPE__L1": "   ",
      "__PARA__L1": 2,
      "__PARA__L2": 88,
      "__PIPE__L3": "off",
      "__PARA__L3": 2,
      "__PARA__L4": 88
    },
    "res_util": {
      "util-URAM": 0,
      "util-BRAM": 0,
      "util-DSP": 0,
      "util-LUT": 0,
      "util-FF": 0,
      "total-URAM": 0,
      "total-BRAM": 0,
      "total-DSP": 0,
      "total-LUT": 0,
      "total-FF": 0
    },
    "valid": false
  },
  "__PARA__L0-40.__PARA__L1-2.__PARA__L2-88.__PARA__L3-2.__PARA__L4-88.__PIPE__L0-NA.__PIPE__L1-   .__PIPE__L3-off": {
    "perf": 0.0,
    "point": {
      "__PIPE__L0": "",
      "__PARA__L0": 40,
      "__PIPE__L1": "   ",
      "__PARA__L1": 2,
      "__PARA__L2": 88,
      "__PIPE__L3": "off",
      "__PARA__L3": 2,
      "__PARA__L4": 88
    },
    "res_util": {
      "util-URAM": 0,
      "util-BRAM": 0,
      "util-DSP": 0,
      "util-LUT": 0,
      "util-FF": 0,
      "total-URAM": 0,
      "total-BRAM": 0,
      "total-DSP": 0,
      "total-LUT": 0,
      "total-FF": 0
    },
    "valid": false
  },
  "__PARA__L0-1.__PARA__L1-2.__PARA__L2-88.__PARA__L3-2.__PARA__L4-88.__PIPE__L0-off.__PIPE__L1-   .__PIPE__L3-off": {
    "perf": 21809.0,
    "point": {
      "__PIPE__L0": "off",
      "__PARA__L0": 1,
      "__PIPE__L1": "   ",
      "__PARA__L1": 2,
      "__PARA__L2": 88,
      "__PIPE__L3": "off",
      "__PARA__L3": 2,
      "__PARA__L4": 88
    },
    "res_util": {
      "util-URAM": 0.0,
      "util-BRAM": 0.0,
      "util-DSP": 0.6861598440545809,
      "util-LUT": 0.6919305724725944,
      "util-FF": 0.3340427211620878,
      "total-URAM": 0,
      "total-BRAM": 0,
      "total-DSP": 3520,
      "total-LUT": 613521,
      "total-FF": 592378
    },
    "valid": true
  },
  "__PARA__L0-1.__PARA__L1-2.__PARA__L2-88.__PARA__L3-2.__PARA__L4-88.__PIPE__L0-   .__PIPE__L1-   .__PIPE__L3-off": {
    "perf": 0.0,
    "point": {
      "__PIPE__L0": "   ",
      "__PARA__L0": 1,
      "__PIPE__L1": "   ",
      "__PARA__L1": 2,
      "__PARA__L2": 88,
      "__PIPE__L3": "off",
      "__PARA__L3": 2,
      "__PARA__L4": 88
    },
    "res_util": {
      "util-URAM": 0,
      "util-BRAM": 0,
      "util-DSP": 0,
      "util-LUT": 0,
      "util-FF": 0,
      "total-URAM": 0,
      "total-BRAM": 0,
      "total-DSP": 0,
      "total-LUT": 0,
      "total-FF": 0
    },
    "valid": false
  }
}