{
  "__PARA__L0-1.__PIPE__L0-NA": {
    "perf": 4716.0,
    "point": {
      "__PIPE__L0": "",
      "__PARA__L0": 1
    },
    "res_util": {
      "util-URAM": 0.0,
      "util-BRAM": 0.040740740740740744,
      "util-DSP": 0.3569200779727095,
      "util-LUT": 0.13927572517706502,
      "util-FF": 0.09046160959985564,
      "total-URAM": 0,
      "total-BRAM": 132,
      "total-DSP": 1831,
      "total-LUT": 123493,
      "total-FF": 160421
    },
    "valid": true
  },
  "__PARA__L0-2.__PIPE__L0-NA": {
    "perf": 4718.0,
    "point": {
      "__PIPE__L0": "",
      "__PARA__L0": 2
    },
    "res_util": {
      "util-URAM": 0.0,
      "util-BRAM": 0.06111111111111111,
      "util-DSP": 0.3569200779727095,
      "util-LUT": 0.16368024540984347,
      "util-FF": 0.10853295439166329,
      "total-URAM": 0,
      "total-BRAM": 198,
      "total-DSP": 1831,
      "total-LUT": 145132,
      "total-FF": 192468
    },
    "valid": true
  },
  "__PARA__L0-4.__PIPE__L0-NA": {
    "perf": 4718.0,
    "point": {
      "__PIPE__L0": "",
      "__PARA__L0": 4
    },
    "res_util": {
      "util-URAM": 0.0,
      "util-BRAM": 0.003703703703703704,
      "util-DSP": 0.3569200779727095,
      "util-LUT": 0.18440474579329635,
      "util-FF": 0.14370122253800693,
      "total-URAM": 0,
      "total-BRAM": 12,
      "total-DSP": 1831,
      "total-LUT": 163508,
      "total-FF": 254834
    },
    "valid": true
  },
  "__PARA__L0-8.__PIPE__L0-NA": {
    "perf": 4722.0,
    "point": {
      "__PIPE__L0": "",
      "__PARA__L0": 8
    },
    "res_util": {
      "util-URAM": 0.0,
      "util-BRAM": 0.0,
      "util-DSP": 0.3569200779727095,
      "util-LUT": 0.24583164162944918,
      "util-FF": 0.20891245996300808,
      "total-URAM": 0,
      "total-BRAM": 0,
      "total-DSP": 1831,
      "total-LUT": 217974,
      "total-FF": 370477
    },
    "valid": true
  },
  "__PARA__L0-16.__PIPE__L0-NA": {
    "perf": 0.0,
    "point": {
      "__PIPE__L0": "",
      "__PARA__L0": 16
    },
    "res_util": {
      "util-URAM": 0,
      "util-BRAM": 0,
      "util-DSP": 0,
      "util-LUT": 0,
      "util-FF": 0,
      "total-URAM": 0,
      "total-BRAM": 0,
      "total-DSP": 0,
      "total-LUT": 0,
      "total-FF": 0
    },
    "valid": false
  },
  "__PARA__L0-32.__PIPE__L0-NA": {
    "perf": 0.0,
    "point": {
      "__PIPE__L0": "",
      "__PARA__L0": 32
    },
    "res_util": {
      "util-URAM": 0,
      "util-BRAM": 0,
      "util-DSP": 0,
      "util-LUT": 0,
      "util-FF": 0,
      "total-URAM": 0,
      "total-BRAM": 0,
      "total-DSP": 0,
      "total-LUT": 0,
      "total-FF": 0
    },
    "valid": false
  },
  "__PARA__L0-64.__PIPE__L0-NA": {
    "perf": 0.0,
    "point": {
      "__PIPE__L0": "",
      "__PARA__L0": 64
    },
    "res_util": {
      "util-URAM": 0,
      "util-BRAM": 0,
      "util-DSP": 0,
      "util-LUT": 0,
      "util-FF": 0,
      "total-URAM": 0,
      "total-BRAM": 0,
      "total-DSP": 0,
      "total-LUT": 0,
      "total-FF": 0
    },
    "valid": false
  },
  "__PARA__L0-128.__PIPE__L0-NA": {
    "perf": 0.0,
    "point": {
      "__PIPE__L0": "",
      "__PARA__L0": 128
    },
    "res_util": {
      "util-URAM": 0,
      "util-BRAM": 0,
      "util-DSP": 0,
      "util-LUT": 0,
      "util-FF": 0,
      "total-URAM": 0,
      "total-BRAM": 0,
      "total-DSP": 0,
      "total-LUT": 0,
      "total-FF": 0
    },
    "valid": false
  },
  "__PARA__L0-256.__PIPE__L0-NA": {
    "perf": 51720.0,
    "point": {
      "__PIPE__L0": "",
      "__PARA__L0": 256
    },
    "res_util": {
      "util-URAM": 0.0,
      "util-BRAM": 0.004320987654320987,
      "util-DSP": 0.0042884990253411305,
      "util-LUT": 0.2336243064014075,
      "util-FF": 0.30342570036540806,
      "total-URAM": 0,
      "total-BRAM": 14,
      "total-DSP": 22,
      "total-LUT": 207150,
      "total-FF": 538083
    },
    "valid": true
  },
  "__PARA__L0-1.__PIPE__L0-off": {
    "perf": 4716.0,
    "point": {
      "__PIPE__L0": "off",
      "__PARA__L0": 1
    },
    "res_util": {
      "util-URAM": 0.0,
      "util-BRAM": 0.040740740740740744,
      "util-DSP": 0.3569200779727095,
      "util-LUT": 0.13927572517706502,
      "util-FF": 0.09046160959985564,
      "total-URAM": 0,
      "total-BRAM": 132,
      "total-DSP": 1831,
      "total-LUT": 123493,
      "total-FF": 160421
    },
    "valid": true
  },
  "__PARA__L0-1.__PIPE__L0-   ": {
    "perf": 4716.0,
    "point": {
      "__PIPE__L0": "   ",
      "__PARA__L0": 1
    },
    "res_util": {
      "util-URAM": 0.0,
      "util-BRAM": 0.040740740740740744,
      "util-DSP": 0.3569200779727095,
      "util-LUT": 0.13927572517706502,
      "util-FF": 0.09046160959985564,
      "total-URAM": 0,
      "total-BRAM": 132,
      "total-DSP": 1831,
      "total-LUT": 123493,
      "total-FF": 160421
    },
    "valid": true
  },
  "__PARA__L0-2.__PIPE__L0-off": {
    "perf": 4718.0,
    "point": {
      "__PIPE__L0": "off",
      "__PARA__L0": 2
    },
    "res_util": {
      "util-URAM": 0.0,
      "util-BRAM": 0.06111111111111111,
      "util-DSP": 0.3569200779727095,
      "util-LUT": 0.16368024540984347,
      "util-FF": 0.10853295439166329,
      "total-URAM": 0,
      "total-BRAM": 198,
      "total-DSP": 1831,
      "total-LUT": 145132,
      "total-FF": 192468
    },
    "valid": true
  },
  "__PARA__L0-2.__PIPE__L0-   ": {
    "perf": 4718.0,
    "point": {
      "__PIPE__L0": "   ",
      "__PARA__L0": 2
    },
    "res_util": {
      "util-URAM": 0.0,
      "util-BRAM": 0.06111111111111111,
      "util-DSP": 0.3569200779727095,
      "util-LUT": 0.16368024540984347,
      "util-FF": 0.10853295439166329,
      "total-URAM": 0,
      "total-BRAM": 198,
      "total-DSP": 1831,
      "total-LUT": 145132,
      "total-FF": 192468
    },
    "valid": true
  },
  "__PARA__L0-4.__PIPE__L0-off": {
    "perf": 4718.0,
    "point": {
      "__PIPE__L0": "off",
      "__PARA__L0": 4
    },
    "res_util": {
      "util-URAM": 0.0,
      "util-BRAM": 0.003703703703703704,
      "util-DSP": 0.3569200779727095,
      "util-LUT": 0.18440474579329635,
      "util-FF": 0.14370122253800693,
      "total-URAM": 0,
      "total-BRAM": 12,
      "total-DSP": 1831,
      "total-LUT": 163508,
      "total-FF": 254834
    },
    "valid": true
  },
  "__PARA__L0-4.__PIPE__L0-   ": {
    "perf": 4718.0,
    "point": {
      "__PIPE__L0": "   ",
      "__PARA__L0": 4
    },
    "res_util": {
      "util-URAM": 0.0,
      "util-BRAM": 0.003703703703703704,
      "util-DSP": 0.3569200779727095,
      "util-LUT": 0.18440474579329635,
      "util-FF": 0.14370122253800693,
      "total-URAM": 0,
      "total-BRAM": 12,
      "total-DSP": 1831,
      "total-LUT": 163508,
      "total-FF": 254834
    },
    "valid": true
  },
  "__PARA__L0-8.__PIPE__L0-off": {
    "perf": 4722.0,
    "point": {
      "__PIPE__L0": "off",
      "__PARA__L0": 8
    },
    "res_util": {
      "util-URAM": 0.0,
      "util-BRAM": 0.0,
      "util-DSP": 0.3569200779727095,
      "util-LUT": 0.24583164162944918,
      "util-FF": 0.20891245996300808,
      "total-URAM": 0,
      "total-BRAM": 0,
      "total-DSP": 1831,
      "total-LUT": 217974,
      "total-FF": 370477
    },
    "valid": true
  },
  "__PARA__L0-8.__PIPE__L0-   ": {
    "perf": 4722.0,
    "point": {
      "__PIPE__L0": "   ",
      "__PARA__L0": 8
    },
    "res_util": {
      "util-URAM": 0.0,
      "util-BRAM": 0.0,
      "util-DSP": 0.3569200779727095,
      "util-LUT": 0.24583164162944918,
      "util-FF": 0.20891245996300808,
      "total-URAM": 0,
      "total-BRAM": 0,
      "total-DSP": 1831,
      "total-LUT": 217974,
      "total-FF": 370477
    },
    "valid": true
  },
  "__PARA__L0-256.__PIPE__L0-off": {
    "perf": 51720.0,
    "point": {
      "__PIPE__L0": "off",
      "__PARA__L0": 256
    },
    "res_util": {
      "util-URAM": 0.0,
      "util-BRAM": 0.004320987654320987,
      "util-DSP": 0.0042884990253411305,
      "util-LUT": 0.2336243064014075,
      "util-FF": 0.30342570036540806,
      "total-URAM": 0,
      "total-BRAM": 14,
      "total-DSP": 22,
      "total-LUT": 207150,
      "total-FF": 538083
    },
    "valid": true
  },
  "__PARA__L0-256.__PIPE__L0-   ": {
    "perf": 0.0,
    "point": {
      "__PIPE__L0": "   ",
      "__PARA__L0": 256
    },
    "res_util": {
      "util-URAM": 0,
      "util-BRAM": 0,
      "util-DSP": 0,
      "util-LUT": 0,
      "util-FF": 0,
      "total-URAM": 0,
      "total-BRAM": 0,
      "total-DSP": 0,
      "total-LUT": 0,
      "total-FF": 0
    },
    "valid": false
  }
}