{
  "__PARA__L0-1.__PARA__L1-1.__PARA__L2-1.__PARA__L3-1.__PIPE__L0-NA.__PIPE__L2-NA": {
    "perf": 2080438.0,
    "point": {
      "__PIPE__L0": "",
      "__PARA__L0": 1,
      "__PARA__L1": 1,
      "__PIPE__L2": "",
      "__PARA__L2": 1,
      "__PARA__L3": 1
    },
    "res_util": {
      "util-URAM": 0.0,
      "util-BRAM": 0.012345679012345678,
      "util-DSP": 0.0023391812865497076,
      "util-LUT": 0.002882663418595209,
      "util-FF": 0.001295281273965805,
      "total-URAM": 0,
      "total-BRAM": 40,
      "total-DSP": 12,
      "total-LUT": 2556,
      "total-FF": 2297
    },
    "valid": true
  },
  "__PARA__L0-1.__PARA__L1-1.__PARA__L2-1.__PARA__L3-2.__PIPE__L0-NA.__PIPE__L2-NA": {
    "perf": 1600444.0,
    "point": {
      "__PIPE__L0": "",
      "__PARA__L0": 1,
      "__PARA__L1": 1,
      "__PIPE__L2": "",
      "__PARA__L2": 1,
      "__PARA__L3": 2
    },
    "res_util": {
      "util-URAM": 0.0,
      "util-BRAM": 0.012345679012345678,
      "util-DSP": 0.00253411306042885,
      "util-LUT": 0.0030055939008435963,
      "util-FF": 0.0014492263274236477,
      "total-URAM": 0,
      "total-BRAM": 40,
      "total-DSP": 13,
      "total-LUT": 2665,
      "total-FF": 2570
    },
    "valid": true
  },
  "__PARA__L0-1.__PARA__L1-1.__PARA__L2-1.__PARA__L3-4.__PIPE__L0-NA.__PIPE__L2-NA": {
    "perf": 1360455.0,
    "point": {
      "__PIPE__L0": "",
      "__PARA__L0": 1,
      "__PARA__L1": 1,
      "__PIPE__L2": "",
      "__PARA__L2": 1,
      "__PARA__L3": 4
    },
    "res_util": {
      "util-URAM": 0.0,
      "util-BRAM": 0.022839506172839506,
      "util-DSP": 0.0029239766081871343,
      "util-LUT": 0.0034747597780484503,
      "util-FF": 0.0018433933324310914,
      "total-URAM": 0,
      "total-BRAM": 74,
      "total-DSP": 15,
      "total-LUT": 3081,
      "total-FF": 3269
    },
    "valid": true
  },
  "__PARA__L0-1.__PARA__L1-1.__PARA__L2-1.__PARA__L3-5.__PIPE__L0-NA.__PIPE__L2-NA": {
    "perf": 1312472.0,
    "point": {
      "__PIPE__L0": "",
      "__PARA__L0": 1,
      "__PARA__L1": 1,
      "__PIPE__L2": "",
      "__PARA__L2": 1,
      "__PARA__L3": 5
    },
    "res_util": {
      "util-URAM": 0.0,
      "util-BRAM": 0.05432098765432099,
      "util-DSP": 0.0031189083820662767,
      "util-LUT": 0.004263093788063338,
      "util-FF": 0.002351468398971444,
      "total-URAM": 0,
      "total-BRAM": 176,
      "total-DSP": 16,
      "total-LUT": 3780,
      "total-FF": 4170
    },
    "valid": true
  },
  "__PARA__L0-1.__PARA__L1-1.__PARA__L2-1.__PARA__L3-8.__PIPE__L0-NA.__PIPE__L2-NA": {
    "perf": 1240460.0,
    "point": {
      "__PIPE__L0": "",
      "__PARA__L0": 1,
      "__PARA__L1": 1,
      "__PIPE__L2": "",
      "__PARA__L2": 1,
      "__PARA__L3": 8
    },
    "res_util": {
      "util-URAM": 0.0,
      "util-BRAM": 0.043827160493827164,
      "util-DSP": 0.0050682261208577,
      "util-LUT": 0.0047187260341949745,
      "util-FF": 0.0028888663328371002,
      "total-URAM": 0,
      "total-BRAM": 142,
      "total-DSP": 26,
      "total-LUT": 4184,
      "total-FF": 5123
    },
    "valid": true
  },
  "__PARA__L0-1.__PARA__L1-1.__PARA__L2-1.__PARA__L3-10.__PIPE__L0-NA.__PIPE__L2-NA": {
    "perf": 1216482.0,
    "point": {
      "__PIPE__L0": "",
      "__PARA__L0": 1,
      "__PARA__L1": 1,
      "__PIPE__L2": "",
      "__PARA__L2": 1,
      "__PARA__L3": 10
    },
    "res_util": {
      "util-URAM": 0.0,
      "util-BRAM": 0.05432098765432099,
      "util-DSP": 0.005458089668615985,
      "util-LUT": 0.00548788740018947,
      "util-FF": 0.0035881039382866424,
      "total-URAM": 0,
      "total-BRAM": 176,
      "total-DSP": 28,
      "total-LUT": 4866,
      "total-FF": 6363
    },
    "valid": true
  },
  "__PARA__L0-1.__PARA__L1-1.__PARA__L2-1.__PARA__L3-16.__PIPE__L0-NA.__PIPE__L2-NA": {
    "perf": 1180467.0,
    "point": {
      "__PIPE__L0": "",
      "__PARA__L0": 1,
      "__PARA__L1": 1,
      "__PIPE__L2": "",
      "__PARA__L2": 1,
      "__PARA__L3": 16
    },
    "res_util": {
      "util-URAM": 0.0,
      "util-BRAM": 0.0808641975308642,
      "util-DSP": 0.007212475633528265,
      "util-LUT": 0.0069641809897595525,
      "util-FF": 0.004803875129697298,
      "total-URAM": 0,
      "total-BRAM": 262,
      "total-DSP": 37,
      "total-LUT": 6175,
      "total-FF": 8519
    },
    "valid": true
  },
  "__PARA__L0-1.__PARA__L1-1.__PARA__L2-1.__PARA__L3-20.__PIPE__L0-NA.__PIPE__L2-NA": {
    "perf": 1168482.0,
    "point": {
      "__PIPE__L0": "",
      "__PARA__L0": 1,
      "__PARA__L1": 1,
      "__PIPE__L2": "",
      "__PARA__L2": 1,
      "__PARA__L3": 20
    },
    "res_util": {
      "util-URAM": 0.0,
      "util-BRAM": 0.10061728395061728,
      "util-DSP": 0.009746588693957114,
      "util-LUT": 0.009047232372445526,
      "util-FF": 0.006326972526728921,
      "total-URAM": 0,
      "total-BRAM": 326,
      "total-DSP": 50,
      "total-LUT": 8022,
      "total-FF": 11220
    },
    "valid": true
  },
  "__PARA__L0-1.__PARA__L1-1.__PARA__L2-1.__PARA__L3-25.__PIPE__L0-NA.__PIPE__L2-NA": {
    "perf": 1158889.0,
    "point": {
      "__PIPE__L0": "",
      "__PARA__L0": 1,
      "__PARA__L1": 1,
      "__PIPE__L2": "",
      "__PARA__L2": 1,
      "__PARA__L3": 25
    },
    "res_util": {
      "util-URAM": 0.0,
      "util-BRAM": 0.24876543209876542,
      "util-DSP": 0.011695906432748537,
      "util-LUT": 0.012421617720034285,
      "util-FF": 0.008084088961068254,
      "total-URAM": 0,
      "total-BRAM": 806,
      "total-DSP": 60,
      "total-LUT": 11014,
      "total-FF": 14336
    },
    "valid": true
  },
  "__PARA__L0-1.__PARA__L1-1.__PARA__L2-1.__PARA__L3-32.__PIPE__L0-NA.__PIPE__L2-NA": {
    "perf": 1676866.0,
    "point": {
      "__PIPE__L0": "",
      "__PARA__L0": 1,
      "__PARA__L1": 1,
      "__PIPE__L2": "",
      "__PARA__L2": 1,
      "__PARA__L3": 32
    },
    "res_util": {
      "util-URAM": 0.0,
      "util-BRAM": 0.15987654320987654,
      "util-DSP": 0.0035087719298245615,
      "util-LUT": 0.008457391618171155,
      "util-FF": 0.005480556683358145,
      "total-URAM": 0,
      "total-BRAM": 518,
      "total-DSP": 18,
      "total-LUT": 7499,
      "total-FF": 9719
    },
    "valid": true
  },
  "__PARA__L0-1.__PARA__L1-1.__PARA__L2-1.__PARA__L3-40.__PIPE__L0-NA.__PIPE__L2-NA": {
    "perf": 1144495.0,
    "point": {
      "__PIPE__L0": "",
      "__PARA__L0": 1,
      "__PARA__L1": 1,
      "__PIPE__L2": "",
      "__PARA__L2": 1,
      "__PARA__L3": 40
    },
    "res_util": {
      "util-URAM": 0.0,
      "util-BRAM": 0.1993827160493827,
      "util-DSP": 0.01617933723196881,
      "util-LUT": 0.014448278973248522,
      "util-FF": 0.010979722109441963,
      "total-URAM": 0,
      "total-BRAM": 646,
      "total-DSP": 83,
      "total-LUT": 12811,
      "total-FF": 19471
    },
    "valid": true
  },
  "__PARA__L0-1.__PARA__L1-1.__PARA__L2-1.__PARA__L3-50.__PIPE__L0-NA.__PIPE__L2-NA": {
    "perf": 1139696.0,
    "point": {
      "__PIPE__L0": "",
      "__PARA__L0": 1,
      "__PARA__L1": 1,
      "__PIPE__L2": "",
      "__PARA__L2": 1,
      "__PARA__L3": 50
    },
    "res_util": {
      "util-URAM": 0.0,
      "util-BRAM": 0.24876543209876542,
      "util-DSP": 0.02046783625730994,
      "util-LUT": 0.017610637434023548,
      "util-FF": 0.013575359769026029,
      "total-URAM": 0,
      "total-BRAM": 806,
      "total-DSP": 105,
      "total-LUT": 15615,
      "total-FF": 24074
    },
    "valid": true
  },
  "__PARA__L0-1.__PARA__L1-1.__PARA__L2-1.__PARA__L3-64.__PIPE__L0-NA.__PIPE__L2-NA": {
    "perf": 2033227.0,
    "point": {
      "__PIPE__L0": "",
      "__PARA__L0": 1,
      "__PARA__L1": 1,
      "__PIPE__L2": "",
      "__PARA__L2": 1,
      "__PARA__L3": 64
    },
    "res_util": {
      "util-URAM": 0.0,
      "util-BRAM": 0.31790123456790126,
      "util-DSP": 0.026705653021442496,
      "util-LUT": 0.018691072314702035,
      "util-FF": 0.009996842152749583,
      "total-URAM": 0,
      "total-BRAM": 1030,
      "total-DSP": 137,
      "total-LUT": 16573,
      "total-FF": 17728
    },
    "valid": true
  },
  "__PARA__L0-1.__PARA__L1-1.__PARA__L2-1.__PARA__L3-80.__PIPE__L0-NA.__PIPE__L2-NA": {
    "perf": 1132501.0,
    "point": {
      "__PIPE__L0": "",
      "__PARA__L0": 1,
      "__PARA__L1": 1,
      "__PIPE__L2": "",
      "__PARA__L2": 1,
      "__PARA__L3": 80
    },
    "res_util": {
      "util-URAM": 0.05555555555555555,
      "util-BRAM": 0.001851851851851852,
      "util-DSP": 0.031189083820662766,
      "util-LUT": 0.0261458474308657,
      "util-FF": 0.022199666170433528,
      "total-URAM": 40,
      "total-BRAM": 6,
      "total-DSP": 160,
      "total-LUT": 23183,
      "total-FF": 39368
    },
    "valid": true
  },
  "__PARA__L0-1.__PARA__L1-1.__PARA__L2-1.__PARA__L3-100.__PIPE__L0-NA.__PIPE__L2-NA": {
    "perf": 1130103.0,
    "point": {
      "__PIPE__L0": "",
      "__PARA__L0": 1,
      "__PARA__L1": 1,
      "__PIPE__L2": "",
      "__PARA__L2": 1,
      "__PARA__L3": 100
    },
    "res_util": {
      "util-URAM": 0.06944444444444445,
      "util-BRAM": 0.001851851851851852,
      "util-DSP": 0.037621832358674466,
      "util-LUT": 0.03156381107051022,
      "util-FF": 0.02721218477917625,
      "total-URAM": 50,
      "total-BRAM": 6,
      "total-DSP": 193,
      "total-LUT": 27987,
      "total-FF": 48257
    },
    "valid": true
  },
  "__PARA__L0-1.__PARA__L1-1.__PARA__L2-1.__PARA__L3-128.__PIPE__L0-NA.__PIPE__L2-NA": {
    "perf": 2254826.0,
    "point": {
      "__PIPE__L0": "",
      "__PARA__L0": 1,
      "__PARA__L1": 1,
      "__PIPE__L2": "",
      "__PARA__L2": 1,
      "__PARA__L3": 128
    },
    "res_util": {
      "util-URAM": 0.08888888888888889,
      "util-BRAM": 0.001851851851851852,
      "util-DSP": 0.026705653021442496,
      "util-LUT": 0.02705823972571841,
      "util-FF": 0.013802048089502413,
      "total-URAM": 64,
      "total-BRAM": 6,
      "total-DSP": 137,
      "total-LUT": 23992,
      "total-FF": 24476
    },
    "valid": true
  },
  "__PARA__L0-1.__PARA__L1-1.__PARA__L2-1.__PARA__L3-200.__PIPE__L0-NA.__PIPE__L2-NA": {
    "perf": 1125284.0,
    "point": {
      "__PIPE__L0": "",
      "__PARA__L0": 1,
      "__PARA__L1": 1,
      "__PIPE__L2": "",
      "__PARA__L2": 1,
      "__PARA__L3": 200
    },
    "res_util": {
      "util-URAM": 0.0,
      "util-BRAM": 0.24876543209876542,
      "util-DSP": 0.07290448343079922,
      "util-LUT": 0.1216628321378626,
      "util-FF": 0.06013950918031308,
      "total-URAM": 0,
      "total-BRAM": 806,
      "total-DSP": 374,
      "total-LUT": 107876,
      "total-FF": 106649
    },
    "valid": true
  },
  "__PARA__L0-1.__PARA__L1-1.__PARA__L2-1.__PARA__L3-256.__PIPE__L0-NA.__PIPE__L2-NA": {
    "perf": 1698023.0,
    "point": {
      "__PIPE__L0": "",
      "__PARA__L0": 1,
      "__PARA__L1": 1,
      "__PIPE__L2": "",
      "__PARA__L2": 1,
      "__PARA__L3": 256
    },
    "res_util": {
      "util-URAM": 0.0,
      "util-BRAM": 0.24876543209876542,
      "util-DSP": 0.43664717348927873,
      "util-LUT": 0.1373990616682456,
      "util-FF": 0.1128180403302206,
      "total-URAM": 0,
      "total-BRAM": 806,
      "total-DSP": 2240,
      "total-LUT": 121829,
      "total-FF": 200067
    },
    "valid": true
  },
  "__PARA__L0-1.__PARA__L1-1.__PARA__L2-1.__PARA__L3-400.__PIPE__L0-NA.__PIPE__L2-NA": {
    "perf": 1121074.0,
    "point": {
      "__PIPE__L0": "",
      "__PARA__L0": 1,
      "__PARA__L1": 1,
      "__PIPE__L2": "",
      "__PARA__L2": 1,
      "__PARA__L3": 400
    },
    "res_util": {
      "util-URAM": 0.0,
      "util-BRAM": 0.24938271604938272,
      "util-DSP": 0.8576998050682261,
      "util-LUT": 0.39835566382460413,
      "util-FF": 0.24591284341588848,
      "total-URAM": 0,
      "total-BRAM": 808,
      "total-DSP": 4400,
      "total-LUT": 353214,
      "total-FF": 436092
    },
    "valid": true
  },
  "__PARA__L0-1.__PARA__L1-2.__PARA__L2-1.__PARA__L3-400.__PIPE__L0-NA.__PIPE__L2-NA": {
    "perf": 641080.0,
    "point": {
      "__PIPE__L0": "",
      "__PARA__L0": 1,
      "__PARA__L1": 2,
      "__PIPE__L2": "",
      "__PARA__L2": 1,
      "__PARA__L3": 400
    },
    "res_util": {
      "util-URAM": 0.0,
      "util-BRAM": 0.24938271604938272,
      "util-DSP": 0.8576998050682261,
      "util-LUT": 0.4049848874453016,
      "util-FF": 0.2461237425001128,
      "total-URAM": 0,
      "total-BRAM": 808,
      "total-DSP": 4400,
      "total-LUT": 359092,
      "total-FF": 436466
    },
    "valid": true
  },
  "__PARA__L0-1.__PARA__L1-4.__PARA__L2-1.__PARA__L3-400.__PIPE__L0-NA.__PIPE__L2-NA": {
    "perf": 401090.0,
    "point": {
      "__PIPE__L0": "",
      "__PARA__L0": 1,
      "__PARA__L1": 4,
      "__PIPE__L2": "",
      "__PARA__L2": 1,
      "__PARA__L3": 400
    },
    "res_util": {
      "util-URAM": 0.0,
      "util-BRAM": 0.49691358024691357,
      "util-DSP": 0.8576998050682261,
      "util-LUT": 0.47031398024089865,
      "util-FF": 0.25079115351648845,
      "total-URAM": 0,
      "total-BRAM": 1610,
      "total-DSP": 4400,
      "total-LUT": 417018,
      "total-FF": 444743
    },
    "valid": true
  },
  "__PARA__L0-1.__PARA__L1-5.__PARA__L2-1.__PARA__L3-400.__PIPE__L0-NA.__PIPE__L2-NA": {
    "perf": 353092.0,
    "point": {
      "__PIPE__L0": "",
      "__PARA__L0": 1,
      "__PARA__L1": 5,
      "__PIPE__L2": "",
      "__PARA__L2": 1,
      "__PARA__L3": 400
    },
    "res_util": {
      "util-URAM": 0.0,
      "util-BRAM": 1.0,
      "util-DSP": 0.8580896686159845,
      "util-LUT": 0.5173410926151486,
      "util-FF": 0.25162741913655434,
      "total-URAM": 0,
      "total-BRAM": 4016,
      "total-DSP": 4402,
      "total-LUT": 458716,
      "total-FF": 446226
    },
    "valid": false
  },
  "__PARA__L0-1.__PARA__L1-8.__PARA__L2-1.__PARA__L3-400.__PIPE__L0-NA.__PIPE__L2-NA": {
    "perf": 281095.0,
    "point": {
      "__PIPE__L0": "",
      "__PARA__L0": 1,
      "__PARA__L1": 8,
      "__PIPE__L2": "",
      "__PARA__L2": 1,
      "__PARA__L3": 400
    },
    "res_util": {
      "util-URAM": 0.0,
      "util-BRAM": 0.9919753086419754,
      "util-DSP": 0.8576998050682261,
      "util-LUT": 0.5147956421707944,
      "util-FF": 0.25178418369648575,
      "total-URAM": 0,
      "total-BRAM": 3214,
      "total-DSP": 4400,
      "total-LUT": 456459,
      "total-FF": 446504
    },
    "valid": true
  },
  "__PARA__L0-1.__PARA__L1-10.__PARA__L2-1.__PARA__L3-400.__PIPE__L0-NA.__PIPE__L2-NA": {
    "perf": 0.0,
    "point": {
      "__PIPE__L0": "",
      "__PARA__L0": 1,
      "__PARA__L1": 10,
      "__PIPE__L2": "",
      "__PARA__L2": 1,
      "__PARA__L3": 400
    },
    "res_util": {
      "util-URAM": 0,
      "util-BRAM": 0,
      "util-DSP": 0,
      "util-LUT": 0,
      "util-FF": 0,
      "total-URAM": 0,
      "total-BRAM": 0,
      "total-DSP": 0,
      "total-LUT": 0,
      "total-FF": 0
    },
    "valid": false
  },
  "__PARA__L0-1.__PARA__L1-16.__PARA__L2-1.__PARA__L3-400.__PIPE__L0-NA.__PIPE__L2-NA": {
    "perf": 0.0,
    "point": {
      "__PIPE__L0": "",
      "__PARA__L0": 1,
      "__PARA__L1": 16,
      "__PIPE__L2": "",
      "__PARA__L2": 1,
      "__PARA__L3": 400
    },
    "res_util": {
      "util-URAM": 0,
      "util-BRAM": 0,
      "util-DSP": 0,
      "util-LUT": 0,
      "util-FF": 0,
      "total-URAM": 0,
      "total-BRAM": 0,
      "total-DSP": 0,
      "total-LUT": 0,
      "total-FF": 0
    },
    "valid": false
  },
  "__PARA__L0-1.__PARA__L1-20.__PARA__L2-1.__PARA__L3-400.__PIPE__L0-NA.__PIPE__L2-NA": {
    "perf": 0.0,
    "point": {
      "__PIPE__L0": "",
      "__PARA__L0": 1,
      "__PARA__L1": 20,
      "__PIPE__L2": "",
      "__PARA__L2": 1,
      "__PARA__L3": 400
    },
    "res_util": {
      "util-URAM": 0,
      "util-BRAM": 0,
      "util-DSP": 0,
      "util-LUT": 0,
      "util-FF": 0,
      "total-URAM": 0,
      "total-BRAM": 0,
      "total-DSP": 0,
      "total-LUT": 0,
      "total-FF": 0
    },
    "valid": false
  },
  "__PARA__L0-1.__PARA__L1-25.__PARA__L2-1.__PARA__L3-400.__PIPE__L0-NA.__PIPE__L2-NA": {
    "perf": 0.0,
    "point": {
      "__PIPE__L0": "",
      "__PARA__L0": 1,
      "__PARA__L1": 25,
      "__PIPE__L2": "",
      "__PARA__L2": 1,
      "__PARA__L3": 400
    },
    "res_util": {
      "util-URAM": 0,
      "util-BRAM": 0,
      "util-DSP": 0,
      "util-LUT": 0,
      "util-FF": 0,
      "total-URAM": 0,
      "total-BRAM": 0,
      "total-DSP": 0,
      "total-LUT": 0,
      "total-FF": 0
    },
    "valid": false
  },
  "__PARA__L0-1.__PARA__L1-32.__PARA__L2-1.__PARA__L3-400.__PIPE__L0-NA.__PIPE__L2-NA": {
    "perf": 0.0,
    "point": {
      "__PIPE__L0": "",
      "__PARA__L0": 1,
      "__PARA__L1": 32,
      "__PIPE__L2": "",
      "__PARA__L2": 1,
      "__PARA__L3": 400
    },
    "res_util": {
      "util-URAM": 0,
      "util-BRAM": 0,
      "util-DSP": 0,
      "util-LUT": 0,
      "util-FF": 0,
      "total-URAM": 0,
      "total-BRAM": 0,
      "total-DSP": 0,
      "total-LUT": 0,
      "total-FF": 0
    },
    "valid": false
  },
  "__PARA__L0-1.__PARA__L1-40.__PARA__L2-1.__PARA__L3-400.__PIPE__L0-NA.__PIPE__L2-NA": {
    "perf": 0.0,
    "point": {
      "__PIPE__L0": "",
      "__PARA__L0": 1,
      "__PARA__L1": 40,
      "__PIPE__L2": "",
      "__PARA__L2": 1,
      "__PARA__L3": 400
    },
    "res_util": {
      "util-URAM": 0,
      "util-BRAM": 0,
      "util-DSP": 0,
      "util-LUT": 0,
      "util-FF": 0,
      "total-URAM": 0,
      "total-BRAM": 0,
      "total-DSP": 0,
      "total-LUT": 0,
      "total-FF": 0
    },
    "valid": false
  },
  "__PARA__L0-1.__PARA__L1-50.__PARA__L2-1.__PARA__L3-400.__PIPE__L0-NA.__PIPE__L2-NA": {
    "perf": 0.0,
    "point": {
      "__PIPE__L0": "",
      "__PARA__L0": 1,
      "__PARA__L1": 50,
      "__PIPE__L2": "",
      "__PARA__L2": 1,
      "__PARA__L3": 400
    },
    "res_util": {
      "util-URAM": 0,
      "util-BRAM": 0,
      "util-DSP": 0,
      "util-LUT": 0,
      "util-FF": 0,
      "total-URAM": 0,
      "total-BRAM": 0,
      "total-DSP": 0,
      "total-LUT": 0,
      "total-FF": 0
    },
    "valid": false
  },
  "__PARA__L0-1.__PARA__L1-64.__PARA__L2-1.__PARA__L3-400.__PIPE__L0-NA.__PIPE__L2-NA": {
    "perf": 0.0,
    "point": {
      "__PIPE__L0": "",
      "__PARA__L0": 1,
      "__PARA__L1": 64,
      "__PIPE__L2": "",
      "__PARA__L2": 1,
      "__PARA__L3": 400
    },
    "res_util": {
      "util-URAM": 0,
      "util-BRAM": 0,
      "util-DSP": 0,
      "util-LUT": 0,
      "util-FF": 0,
      "total-URAM": 0,
      "total-BRAM": 0,
      "total-DSP": 0,
      "total-LUT": 0,
      "total-FF": 0
    },
    "valid": false
  },
  "__PARA__L0-1.__PARA__L1-80.__PARA__L2-1.__PARA__L3-400.__PIPE__L0-NA.__PIPE__L2-NA": {
    "perf": 0.0,
    "point": {
      "__PIPE__L0": "",
      "__PARA__L0": 1,
      "__PARA__L1": 80,
      "__PIPE__L2": "",
      "__PARA__L2": 1,
      "__PARA__L3": 400
    },
    "res_util": {
      "util-URAM": 0,
      "util-BRAM": 0,
      "util-DSP": 0,
      "util-LUT": 0,
      "util-FF": 0,
      "total-URAM": 0,
      "total-BRAM": 0,
      "total-DSP": 0,
      "total-LUT": 0,
      "total-FF": 0
    },
    "valid": false
  },
  "__PARA__L0-1.__PARA__L1-100.__PARA__L2-1.__PARA__L3-400.__PIPE__L0-NA.__PIPE__L2-NA": {
    "perf": 0.0,
    "point": {
      "__PIPE__L0": "",
      "__PARA__L0": 1,
      "__PARA__L1": 100,
      "__PIPE__L2": "",
      "__PARA__L2": 1,
      "__PARA__L3": 400
    },
    "res_util": {
      "util-URAM": 0,
      "util-BRAM": 0,
      "util-DSP": 0,
      "util-LUT": 0,
      "util-FF": 0,
      "total-URAM": 0,
      "total-BRAM": 0,
      "total-DSP": 0,
      "total-LUT": 0,
      "total-FF": 0
    },
    "valid": false
  },
  "__PARA__L0-1.__PARA__L1-128.__PARA__L2-1.__PARA__L3-400.__PIPE__L0-NA.__PIPE__L2-NA": {
    "perf": 0.0,
    "point": {
      "__PIPE__L0": "",
      "__PARA__L0": 1,
      "__PARA__L1": 128,
      "__PIPE__L2": "",
      "__PARA__L2": 1,
      "__PARA__L3": 400
    },
    "res_util": {
      "util-URAM": 0,
      "util-BRAM": 0,
      "util-DSP": 0,
      "util-LUT": 0,
      "util-FF": 0,
      "total-URAM": 0,
      "total-BRAM": 0,
      "total-DSP": 0,
      "total-LUT": 0,
      "total-FF": 0
    },
    "valid": false
  },
  "__PARA__L0-1.__PARA__L1-200.__PARA__L2-1.__PARA__L3-400.__PIPE__L0-NA.__PIPE__L2-NA": {
    "perf": 0.0,
    "point": {
      "__PIPE__L0": "",
      "__PARA__L0": 1,
      "__PARA__L1": 200,
      "__PIPE__L2": "",
      "__PARA__L2": 1,
      "__PARA__L3": 400
    },
    "res_util": {
      "util-URAM": 0,
      "util-BRAM": 0,
      "util-DSP": 0,
      "util-LUT": 0,
      "util-FF": 0,
      "total-URAM": 0,
      "total-BRAM": 0,
      "total-DSP": 0,
      "total-LUT": 0,
      "total-FF": 0
    },
    "valid": false
  },
  "__PARA__L0-1.__PARA__L1-256.__PARA__L2-1.__PARA__L3-400.__PIPE__L0-NA.__PIPE__L2-NA": {
    "perf": 0.0,
    "point": {
      "__PIPE__L0": "",
      "__PARA__L0": 1,
      "__PARA__L1": 256,
      "__PIPE__L2": "",
      "__PARA__L2": 1,
      "__PARA__L3": 400
    },
    "res_util": {
      "util-URAM": 0,
      "util-BRAM": 0,
      "util-DSP": 0,
      "util-LUT": 0,
      "util-FF": 0,
      "total-URAM": 0,
      "total-BRAM": 0,
      "total-DSP": 0,
      "total-LUT": 0,
      "total-FF": 0
    },
    "valid": false
  },
  "__PARA__L0-1.__PARA__L1-400.__PARA__L2-1.__PARA__L3-400.__PIPE__L0-NA.__PIPE__L2-NA": {
    "perf": 0.0,
    "point": {
      "__PIPE__L0": "",
      "__PARA__L0": 1,
      "__PARA__L1": 400,
      "__PIPE__L2": "",
      "__PARA__L2": 1,
      "__PARA__L3": 400
    },
    "res_util": {
      "util-URAM": 0,
      "util-BRAM": 0,
      "util-DSP": 0,
      "util-LUT": 0,
      "util-FF": 0,
      "total-URAM": 0,
      "total-BRAM": 0,
      "total-DSP": 0,
      "total-LUT": 0,
      "total-FF": 0
    },
    "valid": false
  },
  "__PARA__L0-2.__PARA__L1-8.__PARA__L2-1.__PARA__L3-400.__PIPE__L0-NA.__PIPE__L2-NA": {
    "perf": 294266.0,
    "point": {
      "__PIPE__L0": "",
      "__PARA__L0": 2,
      "__PARA__L1": 8,
      "__PIPE__L2": "",
      "__PARA__L2": 1,
      "__PARA__L3": 400
    },
    "res_util": {
      "util-URAM": 0.0,
      "util-BRAM": 0.9919753086419754,
      "util-DSP": 0.8576998050682261,
      "util-LUT": 0.5157226958993097,
      "util-FF": 0.2529181892001624,
      "total-URAM": 0,
      "total-BRAM": 3214,
      "total-DSP": 4400,
      "total-LUT": 457281,
      "total-FF": 448515
    },
    "valid": true
  },
  "__PARA__L0-4.__PARA__L1-8.__PARA__L2-1.__PARA__L3-400.__PIPE__L0-NA.__PIPE__L2-NA": {
    "perf": 294066.0,
    "point": {
      "__PIPE__L0": "",
      "__PARA__L0": 4,
      "__PARA__L1": 8,
      "__PIPE__L2": "",
      "__PARA__L2": 1,
      "__PARA__L3": 400
    },
    "res_util": {
      "util-URAM": 0.0,
      "util-BRAM": 0.9919753086419754,
      "util-DSP": 0.8576998050682261,
      "util-LUT": 0.5159967519285424,
      "util-FF": 0.25541796363964453,
      "total-URAM": 0,
      "total-BRAM": 3214,
      "total-DSP": 4400,
      "total-LUT": 457524,
      "total-FF": 452948
    },
    "valid": true
  },
  "__PARA__L0-5.__PARA__L1-8.__PARA__L2-1.__PARA__L3-400.__PIPE__L0-NA.__PIPE__L2-NA": {
    "perf": 0.0,
    "point": {
      "__PIPE__L0": "",
      "__PARA__L0": 5,
      "__PARA__L1": 8,
      "__PIPE__L2": "",
      "__PARA__L2": 1,
      "__PARA__L3": 400
    },
    "res_util": {
      "util-URAM": 0,
      "util-BRAM": 0,
      "util-DSP": 0,
      "util-LUT": 0,
      "util-FF": 0,
      "total-URAM": 0,
      "total-BRAM": 0,
      "total-DSP": 0,
      "total-LUT": 0,
      "total-FF": 0
    },
    "valid": false
  },
  "__PARA__L0-8.__PARA__L1-8.__PARA__L2-1.__PARA__L3-400.__PIPE__L0-NA.__PIPE__L2-NA": {
    "perf": 293966.0,
    "point": {
      "__PIPE__L0": "",
      "__PARA__L0": 8,
      "__PARA__L1": 8,
      "__PIPE__L2": "",
      "__PARA__L2": 1,
      "__PARA__L3": 400
    },
    "res_util": {
      "util-URAM": 0.0,
      "util-BRAM": 0.9925925925925926,
      "util-DSP": 0.8576998050682261,
      "util-LUT": 0.5163508819416249,
      "util-FF": 0.26041130960436687,
      "total-URAM": 0,
      "total-BRAM": 3216,
      "total-DSP": 4400,
      "total-LUT": 457838,
      "total-FF": 461803
    },
    "valid": true
  },
  "__PARA__L0-10.__PARA__L1-8.__PARA__L2-1.__PARA__L3-400.__PIPE__L0-NA.__PIPE__L2-NA": {
    "perf": 0.0,
    "point": {
      "__PIPE__L0": "",
      "__PARA__L0": 10,
      "__PARA__L1": 8,
      "__PIPE__L2": "",
      "__PARA__L2": 1,
      "__PARA__L3": 400
    },
    "res_util": {
      "util-URAM": 0,
      "util-BRAM": 0,
      "util-DSP": 0,
      "util-LUT": 0,
      "util-FF": 0,
      "total-URAM": 0,
      "total-BRAM": 0,
      "total-DSP": 0,
      "total-LUT": 0,
      "total-FF": 0
    },
    "valid": false
  },
  "__PARA__L0-16.__PARA__L1-8.__PARA__L2-1.__PARA__L3-400.__PIPE__L0-NA.__PIPE__L2-NA": {
    "perf": 293916.0,
    "point": {
      "__PIPE__L0": "",
      "__PARA__L0": 16,
      "__PARA__L1": 8,
      "__PIPE__L2": "",
      "__PARA__L2": 1,
      "__PARA__L3": 400
    },
    "res_util": {
      "util-URAM": 0.0,
      "util-BRAM": 0.9925925925925926,
      "util-DSP": 0.8576998050682261,
      "util-LUT": 0.5233646862453196,
      "util-FF": 0.2704645418865882,
      "total-URAM": 0,
      "total-BRAM": 3216,
      "total-DSP": 4400,
      "total-LUT": 464057,
      "total-FF": 479631
    },
    "valid": true
  },
  "__PARA__L0-20.__PARA__L1-8.__PARA__L2-1.__PARA__L3-400.__PIPE__L0-NA.__PIPE__L2-NA": {
    "perf": 0.0,
    "point": {
      "__PIPE__L0": "",
      "__PARA__L0": 20,
      "__PARA__L1": 8,
      "__PIPE__L2": "",
      "__PARA__L2": 1,
      "__PARA__L3": 400
    },
    "res_util": {
      "util-URAM": 0,
      "util-BRAM": 0,
      "util-DSP": 0,
      "util-LUT": 0,
      "util-FF": 0,
      "total-URAM": 0,
      "total-BRAM": 0,
      "total-DSP": 0,
      "total-LUT": 0,
      "total-FF": 0
    },
    "valid": false
  },
  "__PARA__L0-25.__PARA__L1-8.__PARA__L2-1.__PARA__L3-400.__PIPE__L0-NA.__PIPE__L2-NA": {
    "perf": 0.0,
    "point": {
      "__PIPE__L0": "",
      "__PARA__L0": 25,
      "__PARA__L1": 8,
      "__PIPE__L2": "",
      "__PARA__L2": 1,
      "__PARA__L3": 400
    },
    "res_util": {
      "util-URAM": 0,
      "util-BRAM": 0,
      "util-DSP": 0,
      "util-LUT": 0,
      "util-FF": 0,
      "total-URAM": 0,
      "total-BRAM": 0,
      "total-DSP": 0,
      "total-LUT": 0,
      "total-FF": 0
    },
    "valid": false
  },
  "__PARA__L0-32.__PARA__L1-8.__PARA__L2-1.__PARA__L3-400.__PIPE__L0-NA.__PIPE__L2-NA": {
    "perf": 299250.0,
    "point": {
      "__PIPE__L0": "",
      "__PARA__L0": 32,
      "__PARA__L1": 8,
      "__PIPE__L2": "",
      "__PARA__L2": 1,
      "__PARA__L3": 400
    },
    "res_util": {
      "util-URAM": 0.0,
      "util-BRAM": 0.9925925925925926,
      "util-DSP": 0.8576998050682261,
      "util-LUT": 0.5343945955699915,
      "util-FF": 0.2904238282131096,
      "total-URAM": 0,
      "total-BRAM": 3216,
      "total-DSP": 4400,
      "total-LUT": 473837,
      "total-FF": 515026
    },
    "valid": true
  },
  "__PARA__L0-40.__PARA__L1-8.__PARA__L2-1.__PARA__L3-400.__PIPE__L0-NA.__PIPE__L2-NA": {
    "perf": 293886.0,
    "point": {
      "__PIPE__L0": "",
      "__PARA__L0": 40,
      "__PARA__L1": 8,
      "__PIPE__L2": "",
      "__PARA__L2": 1,
      "__PARA__L3": 400
    },
    "res_util": {
      "util-URAM": 0.0,
      "util-BRAM": 0.9925925925925926,
      "util-DSP": 0.8576998050682261,
      "util-LUT": 0.7988755808183335,
      "util-FF": 0.3006693508368295,
      "total-URAM": 0,
      "total-BRAM": 3216,
      "total-DSP": 4400,
      "total-LUT": 708347,
      "total-FF": 533195
    },
    "valid": true
  },
  "__PARA__L0-50.__PARA__L1-8.__PARA__L2-1.__PARA__L3-400.__PIPE__L0-NA.__PIPE__L2-NA": {
    "perf": 0.0,
    "point": {
      "__PIPE__L0": "",
      "__PARA__L0": 50,
      "__PARA__L1": 8,
      "__PIPE__L2": "",
      "__PARA__L2": 1,
      "__PARA__L3": 400
    },
    "res_util": {
      "util-URAM": 0,
      "util-BRAM": 0,
      "util-DSP": 0,
      "util-LUT": 0,
      "util-FF": 0,
      "total-URAM": 0,
      "total-BRAM": 0,
      "total-DSP": 0,
      "total-LUT": 0,
      "total-FF": 0
    },
    "valid": false
  },
  "__PARA__L0-64.__PARA__L1-8.__PARA__L2-1.__PARA__L3-400.__PIPE__L0-NA.__PIPE__L2-NA": {
    "perf": 309856.0,
    "point": {
      "__PIPE__L0": "",
      "__PARA__L0": 64,
      "__PARA__L1": 8,
      "__PIPE__L2": "",
      "__PARA__L2": 1,
      "__PARA__L3": 400
    },
    "res_util": {
      "util-URAM": 0.0,
      "util-BRAM": 0.9925925925925926,
      "util-DSP": 0.8576998050682261,
      "util-LUT": 0.5541153516488474,
      "util-FF": 0.3306079983759643,
      "total-URAM": 0,
      "total-BRAM": 3216,
      "total-DSP": 4400,
      "total-LUT": 491323,
      "total-FF": 586287
    },
    "valid": true
  },
  "__PARA__L0-80.__PARA__L1-8.__PARA__L2-1.__PARA__L3-400.__PIPE__L0-NA.__PIPE__L2-NA": {
    "perf": 293876.0,
    "point": {
      "__PIPE__L0": "",
      "__PARA__L0": 80,
      "__PARA__L1": 8,
      "__PIPE__L2": "",
      "__PARA__L2": 1,
      "__PARA__L3": 400
    },
    "res_util": {
      "util-URAM": 0.0,
      "util-BRAM": 0.9925925925925926,
      "util-DSP": 0.8576998050682261,
      "util-LUT": 0.8080919835791943,
      "util-FF": 0.3509806243515135,
      "total-URAM": 0,
      "total-BRAM": 3216,
      "total-DSP": 4400,
      "total-LUT": 716519,
      "total-FF": 622415
    },
    "valid": true
  },
  "__PARA__L0-100.__PARA__L1-8.__PARA__L2-1.__PARA__L3-400.__PIPE__L0-NA.__PIPE__L2-NA": {
    "perf": 0.0,
    "point": {
      "__PIPE__L0": "",
      "__PARA__L0": 100,
      "__PARA__L1": 8,
      "__PIPE__L2": "",
      "__PARA__L2": 1,
      "__PARA__L3": 400
    },
    "res_util": {
      "util-URAM": 0,
      "util-BRAM": 0,
      "util-DSP": 0,
      "util-LUT": 0,
      "util-FF": 0,
      "total-URAM": 0,
      "total-BRAM": 0,
      "total-DSP": 0,
      "total-LUT": 0,
      "total-FF": 0
    },
    "valid": false
  },
  "__PARA__L0-128.__PARA__L1-8.__PARA__L2-1.__PARA__L3-400.__PIPE__L0-NA.__PIPE__L2-NA": {
    "perf": 331095.0,
    "point": {
      "__PIPE__L0": "",
      "__PARA__L0": 128,
      "__PARA__L1": 8,
      "__PIPE__L2": "",
      "__PARA__L2": 1,
      "__PARA__L3": 400
    },
    "res_util": {
      "util-URAM": 0.0,
      "util-BRAM": 0.9925925925925926,
      "util-DSP": 0.8576998050682261,
      "util-LUT": 0.5965624577074029,
      "util-FF": 0.4109594216628321,
      "total-URAM": 0,
      "total-BRAM": 3216,
      "total-DSP": 4400,
      "total-LUT": 528960,
      "total-FF": 728779
    },
    "valid": true
  },
  "__PARA__L0-200.__PARA__L1-8.__PARA__L2-1.__PARA__L3-400.__PIPE__L0-NA.__PIPE__L2-NA": {
    "perf": 0.0,
    "point": {
      "__PIPE__L0": "",
      "__PARA__L0": 200,
      "__PARA__L1": 8,
      "__PIPE__L2": "",
      "__PARA__L2": 1,
      "__PARA__L3": 400
    },
    "res_util": {
      "util-URAM": 0,
      "util-BRAM": 0,
      "util-DSP": 0,
      "util-LUT": 0,
      "util-FF": 0,
      "total-URAM": 0,
      "total-BRAM": 0,
      "total-DSP": 0,
      "total-LUT": 0,
      "total-FF": 0
    },
    "valid": false
  },
  "__PARA__L0-256.__PARA__L1-8.__PARA__L2-1.__PARA__L3-400.__PIPE__L0-NA.__PIPE__L2-NA": {
    "perf": 331345.0,
    "point": {
      "__PIPE__L0": "",
      "__PARA__L0": 256,
      "__PARA__L1": 8,
      "__PIPE__L2": "",
      "__PARA__L2": 1,
      "__PARA__L3": 400
    },
    "res_util": {
      "util-URAM": 0.0,
      "util-BRAM": 0.9925925925925926,
      "util-DSP": 0.8576998050682261,
      "util-LUT": 0.7490289619704967,
      "util-FF": 0.5708147245906077,
      "total-URAM": 0,
      "total-BRAM": 3216,
      "total-DSP": 4400,
      "total-LUT": 664149,
      "total-FF": 1012260
    },
    "valid": true
  },
  "__PARA__L0-400.__PARA__L1-8.__PARA__L2-1.__PARA__L3-400.__PIPE__L0-NA.__PIPE__L2-NA": {
    "perf": 0.0,
    "point": {
      "__PIPE__L0": "",
      "__PARA__L0": 400,
      "__PARA__L1": 8,
      "__PIPE__L2": "",
      "__PARA__L2": 1,
      "__PARA__L3": 400
    },
    "res_util": {
      "util-URAM": 0,
      "util-BRAM": 0,
      "util-DSP": 0,
      "util-LUT": 0,
      "util-FF": 0,
      "total-URAM": 0,
      "total-BRAM": 0,
      "total-DSP": 0,
      "total-LUT": 0,
      "total-FF": 0
    },
    "valid": false
  },
  "__PARA__L0-1.__PARA__L1-8.__PARA__L2-1.__PARA__L3-400.__PIPE__L0-off.__PIPE__L2-NA": {
    "perf": 281095.0,
    "point": {
      "__PIPE__L0": "off",
      "__PARA__L0": 1,
      "__PARA__L1": 8,
      "__PIPE__L2": "",
      "__PARA__L2": 1,
      "__PARA__L3": 400
    },
    "res_util": {
      "util-URAM": 0.0,
      "util-BRAM": 0.9919753086419754,
      "util-DSP": 0.8576998050682261,
      "util-LUT": 0.5147956421707944,
      "util-FF": 0.25178418369648575,
      "total-URAM": 0,
      "total-BRAM": 3214,
      "total-DSP": 4400,
      "total-LUT": 456459,
      "total-FF": 446504
    },
    "valid": true
  },
  "__PARA__L0-1.__PARA__L1-8.__PARA__L2-1.__PARA__L3-400.__PIPE__L0-   .__PIPE__L2-NA": {
    "perf": 0.0,
    "point": {
      "__PIPE__L0": "   ",
      "__PARA__L0": 1,
      "__PARA__L1": 8,
      "__PIPE__L2": "",
      "__PARA__L2": 1,
      "__PARA__L3": 400
    },
    "res_util": {
      "util-URAM": 0,
      "util-BRAM": 0,
      "util-DSP": 0,
      "util-LUT": 0,
      "util-FF": 0,
      "total-URAM": 0,
      "total-BRAM": 0,
      "total-DSP": 0,
      "total-LUT": 0,
      "total-FF": 0
    },
    "valid": false
  },
  "__PARA__L0-1.__PARA__L1-8.__PARA__L2-2.__PARA__L3-400.__PIPE__L0-off.__PIPE__L2-NA": {
    "perf": 281043.0,
    "point": {
      "__PIPE__L0": "off",
      "__PARA__L0": 1,
      "__PARA__L1": 8,
      "__PIPE__L2": "",
      "__PARA__L2": 2,
      "__PARA__L3": 400
    },
    "res_util": {
      "util-URAM": 0.0,
      "util-BRAM": 0.9925925925925926,
      "util-DSP": 1.0,
      "util-LUT": 0.9353904452564623,
      "util-FF": 0.48638855054811203,
      "total-URAM": 0,
      "total-BRAM": 3216,
      "total-DSP": 8800,
      "total-LUT": 829392,
      "total-FF": 862542
    },
    "valid": false
  },
  "__PARA__L0-1.__PARA__L1-8.__PARA__L2-4.__PARA__L3-400.__PIPE__L0-off.__PIPE__L2-NA": {
    "perf": 281043.0,
    "point": {
      "__PIPE__L0": "off",
      "__PARA__L0": 1,
      "__PARA__L1": 8,
      "__PIPE__L2": "",
      "__PARA__L2": 4,
      "__PARA__L3": 400
    },
    "res_util": {
      "util-URAM": 0.0,
      "util-BRAM": 0.9938271604938271,
      "util-DSP": 1.0,
      "util-LUT": 1.0,
      "util-FF": 0.9555967203500699,
      "total-URAM": 0,
      "total-BRAM": 3220,
      "total-DSP": 17600,
      "total-LUT": 1439862,
      "total-FF": 1694617
    },
    "valid": false
  },
  "__PARA__L0-1.__PARA__L1-8.__PARA__L2-5.__PARA__L3-400.__PIPE__L0-off.__PIPE__L2-NA": {
    "perf": 0.0,
    "point": {
      "__PIPE__L0": "off",
      "__PARA__L0": 1,
      "__PARA__L1": 8,
      "__PIPE__L2": "",
      "__PARA__L2": 5,
      "__PARA__L3": 400
    },
    "res_util": {
      "util-URAM": 0,
      "util-BRAM": 0,
      "util-DSP": 0,
      "util-LUT": 0,
      "util-FF": 0,
      "total-URAM": 0,
      "total-BRAM": 0,
      "total-DSP": 0,
      "total-LUT": 0,
      "total-FF": 0
    },
    "valid": false
  },
  "__PARA__L0-1.__PARA__L1-8.__PARA__L2-8.__PARA__L3-400.__PIPE__L0-off.__PIPE__L2-NA": {
    "perf": 0.0,
    "point": {
      "__PIPE__L0": "off",
      "__PARA__L0": 1,
      "__PARA__L1": 8,
      "__PIPE__L2": "",
      "__PARA__L2": 8,
      "__PARA__L3": 400
    },
    "res_util": {
      "util-URAM": 0,
      "util-BRAM": 0,
      "util-DSP": 0,
      "util-LUT": 0,
      "util-FF": 0,
      "total-URAM": 0,
      "total-BRAM": 0,
      "total-DSP": 0,
      "total-LUT": 0,
      "total-FF": 0
    },
    "valid": false
  },
  "__PARA__L0-1.__PARA__L1-8.__PARA__L2-10.__PARA__L3-400.__PIPE__L0-off.__PIPE__L2-NA": {
    "perf": 0.0,
    "point": {
      "__PIPE__L0": "off",
      "__PARA__L0": 1,
      "__PARA__L1": 8,
      "__PIPE__L2": "",
      "__PARA__L2": 10,
      "__PARA__L3": 400
    },
    "res_util": {
      "util-URAM": 0,
      "util-BRAM": 0,
      "util-DSP": 0,
      "util-LUT": 0,
      "util-FF": 0,
      "total-URAM": 0,
      "total-BRAM": 0,
      "total-DSP": 0,
      "total-LUT": 0,
      "total-FF": 0
    },
    "valid": false
  },
  "__PARA__L0-1.__PARA__L1-8.__PARA__L2-16.__PARA__L3-400.__PIPE__L0-off.__PIPE__L2-NA": {
    "perf": 0.0,
    "point": {
      "__PIPE__L0": "off",
      "__PARA__L0": 1,
      "__PARA__L1": 8,
      "__PIPE__L2": "",
      "__PARA__L2": 16,
      "__PARA__L3": 400
    },
    "res_util": {
      "util-URAM": 0,
      "util-BRAM": 0,
      "util-DSP": 0,
      "util-LUT": 0,
      "util-FF": 0,
      "total-URAM": 0,
      "total-BRAM": 0,
      "total-DSP": 0,
      "total-LUT": 0,
      "total-FF": 0
    },
    "valid": false
  },
  "__PARA__L0-1.__PARA__L1-8.__PARA__L2-20.__PARA__L3-400.__PIPE__L0-off.__PIPE__L2-NA": {
    "perf": 0.0,
    "point": {
      "__PIPE__L0": "off",
      "__PARA__L0": 1,
      "__PARA__L1": 8,
      "__PIPE__L2": "",
      "__PARA__L2": 20,
      "__PARA__L3": 400
    },
    "res_util": {
      "util-URAM": 0,
      "util-BRAM": 0,
      "util-DSP": 0,
      "util-LUT": 0,
      "util-FF": 0,
      "total-URAM": 0,
      "total-BRAM": 0,
      "total-DSP": 0,
      "total-LUT": 0,
      "total-FF": 0
    },
    "valid": false
  },
  "__PARA__L0-1.__PARA__L1-8.__PARA__L2-25.__PARA__L3-400.__PIPE__L0-off.__PIPE__L2-NA": {
    "perf": 0.0,
    "point": {
      "__PIPE__L0": "off",
      "__PARA__L0": 1,
      "__PARA__L1": 8,
      "__PIPE__L2": "",
      "__PARA__L2": 25,
      "__PARA__L3": 400
    },
    "res_util": {
      "util-URAM": 0,
      "util-BRAM": 0,
      "util-DSP": 0,
      "util-LUT": 0,
      "util-FF": 0,
      "total-URAM": 0,
      "total-BRAM": 0,
      "total-DSP": 0,
      "total-LUT": 0,
      "total-FF": 0
    },
    "valid": false
  },
  "__PARA__L0-1.__PARA__L1-8.__PARA__L2-32.__PARA__L3-400.__PIPE__L0-off.__PIPE__L2-NA": {
    "perf": 0.0,
    "point": {
      "__PIPE__L0": "off",
      "__PARA__L0": 1,
      "__PARA__L1": 8,
      "__PIPE__L2": "",
      "__PARA__L2": 32,
      "__PARA__L3": 400
    },
    "res_util": {
      "util-URAM": 0,
      "util-BRAM": 0,
      "util-DSP": 0,
      "util-LUT": 0,
      "util-FF": 0,
      "total-URAM": 0,
      "total-BRAM": 0,
      "total-DSP": 0,
      "total-LUT": 0,
      "total-FF": 0
    },
    "valid": false
  },
  "__PARA__L0-1.__PARA__L1-8.__PARA__L2-40.__PARA__L3-400.__PIPE__L0-off.__PIPE__L2-NA": {
    "perf": 0.0,
    "point": {
      "__PIPE__L0": "off",
      "__PARA__L0": 1,
      "__PARA__L1": 8,
      "__PIPE__L2": "",
      "__PARA__L2": 40,
      "__PARA__L3": 400
    },
    "res_util": {
      "util-URAM": 0,
      "util-BRAM": 0,
      "util-DSP": 0,
      "util-LUT": 0,
      "util-FF": 0,
      "total-URAM": 0,
      "total-BRAM": 0,
      "total-DSP": 0,
      "total-LUT": 0,
      "total-FF": 0
    },
    "valid": false
  },
  "__PARA__L0-1.__PARA__L1-8.__PARA__L2-50.__PARA__L3-400.__PIPE__L0-off.__PIPE__L2-NA": {
    "perf": 0.0,
    "point": {
      "__PIPE__L0": "off",
      "__PARA__L0": 1,
      "__PARA__L1": 8,
      "__PIPE__L2": "",
      "__PARA__L2": 50,
      "__PARA__L3": 400
    },
    "res_util": {
      "util-URAM": 0,
      "util-BRAM": 0,
      "util-DSP": 0,
      "util-LUT": 0,
      "util-FF": 0,
      "total-URAM": 0,
      "total-BRAM": 0,
      "total-DSP": 0,
      "total-LUT": 0,
      "total-FF": 0
    },
    "valid": false
  },
  "__PARA__L0-1.__PARA__L1-8.__PARA__L2-64.__PARA__L3-400.__PIPE__L0-off.__PIPE__L2-NA": {
    "perf": 0.0,
    "point": {
      "__PIPE__L0": "off",
      "__PARA__L0": 1,
      "__PARA__L1": 8,
      "__PIPE__L2": "",
      "__PARA__L2": 64,
      "__PARA__L3": 400
    },
    "res_util": {
      "util-URAM": 0,
      "util-BRAM": 0,
      "util-DSP": 0,
      "util-LUT": 0,
      "util-FF": 0,
      "total-URAM": 0,
      "total-BRAM": 0,
      "total-DSP": 0,
      "total-LUT": 0,
      "total-FF": 0
    },
    "valid": false
  },
  "__PARA__L0-1.__PARA__L1-8.__PARA__L2-80.__PARA__L3-400.__PIPE__L0-off.__PIPE__L2-NA": {
    "perf": 0.0,
    "point": {
      "__PIPE__L0": "off",
      "__PARA__L0": 1,
      "__PARA__L1": 8,
      "__PIPE__L2": "",
      "__PARA__L2": 80,
      "__PARA__L3": 400
    },
    "res_util": {
      "util-URAM": 0,
      "util-BRAM": 0,
      "util-DSP": 0,
      "util-LUT": 0,
      "util-FF": 0,
      "total-URAM": 0,
      "total-BRAM": 0,
      "total-DSP": 0,
      "total-LUT": 0,
      "total-FF": 0
    },
    "valid": false
  },
  "__PARA__L0-1.__PARA__L1-8.__PARA__L2-100.__PARA__L3-400.__PIPE__L0-off.__PIPE__L2-NA": {
    "perf": 0.0,
    "point": {
      "__PIPE__L0": "off",
      "__PARA__L0": 1,
      "__PARA__L1": 8,
      "__PIPE__L2": "",
      "__PARA__L2": 100,
      "__PARA__L3": 400
    },
    "res_util": {
      "util-URAM": 0,
      "util-BRAM": 0,
      "util-DSP": 0,
      "util-LUT": 0,
      "util-FF": 0,
      "total-URAM": 0,
      "total-BRAM": 0,
      "total-DSP": 0,
      "total-LUT": 0,
      "total-FF": 0
    },
    "valid": false
  },
  "__PARA__L0-1.__PARA__L1-8.__PARA__L2-128.__PARA__L3-400.__PIPE__L0-off.__PIPE__L2-NA": {
    "perf": 0.0,
    "point": {
      "__PIPE__L0": "off",
      "__PARA__L0": 1,
      "__PARA__L1": 8,
      "__PIPE__L2": "",
      "__PARA__L2": 128,
      "__PARA__L3": 400
    },
    "res_util": {
      "util-URAM": 0,
      "util-BRAM": 0,
      "util-DSP": 0,
      "util-LUT": 0,
      "util-FF": 0,
      "total-URAM": 0,
      "total-BRAM": 0,
      "total-DSP": 0,
      "total-LUT": 0,
      "total-FF": 0
    },
    "valid": false
  },
  "__PARA__L0-1.__PARA__L1-8.__PARA__L2-200.__PARA__L3-400.__PIPE__L0-off.__PIPE__L2-NA": {
    "perf": 0.0,
    "point": {
      "__PIPE__L0": "off",
      "__PARA__L0": 1,
      "__PARA__L1": 8,
      "__PIPE__L2": "",
      "__PARA__L2": 200,
      "__PARA__L3": 400
    },
    "res_util": {
      "util-URAM": 0,
      "util-BRAM": 0,
      "util-DSP": 0,
      "util-LUT": 0,
      "util-FF": 0,
      "total-URAM": 0,
      "total-BRAM": 0,
      "total-DSP": 0,
      "total-LUT": 0,
      "total-FF": 0
    },
    "valid": false
  },
  "__PARA__L0-1.__PARA__L1-8.__PARA__L2-256.__PARA__L3-400.__PIPE__L0-off.__PIPE__L2-NA": {
    "perf": 0.0,
    "point": {
      "__PIPE__L0": "off",
      "__PARA__L0": 1,
      "__PARA__L1": 8,
      "__PIPE__L2": "",
      "__PARA__L2": 256,
      "__PARA__L3": 400
    },
    "res_util": {
      "util-URAM": 0,
      "util-BRAM": 0,
      "util-DSP": 0,
      "util-LUT": 0,
      "util-FF": 0,
      "total-URAM": 0,
      "total-BRAM": 0,
      "total-DSP": 0,
      "total-LUT": 0,
      "total-FF": 0
    },
    "valid": false
  },
  "__PARA__L0-1.__PARA__L1-8.__PARA__L2-400.__PARA__L3-400.__PIPE__L0-off.__PIPE__L2-NA": {
    "perf": 0.0,
    "point": {
      "__PIPE__L0": "off",
      "__PARA__L0": 1,
      "__PARA__L1": 8,
      "__PIPE__L2": "",
      "__PARA__L2": 400,
      "__PARA__L3": 400
    },
    "res_util": {
      "util-URAM": 0,
      "util-BRAM": 0,
      "util-DSP": 0,
      "util-LUT": 0,
      "util-FF": 0,
      "total-URAM": 0,
      "total-BRAM": 0,
      "total-DSP": 0,
      "total-LUT": 0,
      "total-FF": 0
    },
    "valid": false
  },
  "__PARA__L0-1.__PARA__L1-8.__PARA__L2-1.__PARA__L3-400.__PIPE__L0-off.__PIPE__L2-off": {
    "perf": 0.0,
    "point": {
      "__PIPE__L0": "off",
      "__PARA__L0": 1,
      "__PARA__L1": 8,
      "__PIPE__L2": "off",
      "__PARA__L2": 1,
      "__PARA__L3": 400
    },
    "res_util": {
      "util-URAM": 0,
      "util-BRAM": 0,
      "util-DSP": 0,
      "util-LUT": 0,
      "util-FF": 0,
      "total-URAM": 0,
      "total-BRAM": 0,
      "total-DSP": 0,
      "total-LUT": 0,
      "total-FF": 0
    },
    "valid": false
  },
  "__PARA__L0-1.__PARA__L1-8.__PARA__L2-1.__PARA__L3-400.__PIPE__L0-off.__PIPE__L2-   ": {
    "perf": 0.0,
    "point": {
      "__PIPE__L0": "off",
      "__PARA__L0": 1,
      "__PARA__L1": 8,
      "__PIPE__L2": "   ",
      "__PARA__L2": 1,
      "__PARA__L3": 400
    },
    "res_util": {
      "util-URAM": 0,
      "util-BRAM": 0,
      "util-DSP": 0,
      "util-LUT": 0,
      "util-FF": 0,
      "total-URAM": 0,
      "total-BRAM": 0,
      "total-DSP": 0,
      "total-LUT": 0,
      "total-FF": 0
    },
    "valid": false
  },
  "__PARA__L0-80.__PARA__L1-8.__PARA__L2-2.__PARA__L3-400.__PIPE__L0-NA.__PIPE__L2-NA": {
    "perf": 0.0,
    "point": {
      "__PIPE__L0": "",
      "__PARA__L0": 80,
      "__PARA__L1": 8,
      "__PIPE__L2": "",
      "__PARA__L2": 2,
      "__PARA__L3": 400
    },
    "res_util": {
      "util-URAM": 0,
      "util-BRAM": 0,
      "util-DSP": 0,
      "util-LUT": 0,
      "util-FF": 0,
      "total-URAM": 0,
      "total-BRAM": 0,
      "total-DSP": 0,
      "total-LUT": 0,
      "total-FF": 0
    },
    "valid": false
  },
  "__PARA__L0-80.__PARA__L1-8.__PARA__L2-4.__PARA__L3-400.__PIPE__L0-NA.__PIPE__L2-NA": {
    "perf": 0.0,
    "point": {
      "__PIPE__L0": "",
      "__PARA__L0": 80,
      "__PARA__L1": 8,
      "__PIPE__L2": "",
      "__PARA__L2": 4,
      "__PARA__L3": 400
    },
    "res_util": {
      "util-URAM": 0,
      "util-BRAM": 0,
      "util-DSP": 0,
      "util-LUT": 0,
      "util-FF": 0,
      "total-URAM": 0,
      "total-BRAM": 0,
      "total-DSP": 0,
      "total-LUT": 0,
      "total-FF": 0
    },
    "valid": false
  },
  "__PARA__L0-80.__PARA__L1-8.__PARA__L2-5.__PARA__L3-400.__PIPE__L0-NA.__PIPE__L2-NA": {
    "perf": 0.0,
    "point": {
      "__PIPE__L0": "",
      "__PARA__L0": 80,
      "__PARA__L1": 8,
      "__PIPE__L2": "",
      "__PARA__L2": 5,
      "__PARA__L3": 400
    },
    "res_util": {
      "util-URAM": 0,
      "util-BRAM": 0,
      "util-DSP": 0,
      "util-LUT": 0,
      "util-FF": 0,
      "total-URAM": 0,
      "total-BRAM": 0,
      "total-DSP": 0,
      "total-LUT": 0,
      "total-FF": 0
    },
    "valid": false
  },
  "__PARA__L0-80.__PARA__L1-8.__PARA__L2-8.__PARA__L3-400.__PIPE__L0-NA.__PIPE__L2-NA": {
    "perf": 0.0,
    "point": {
      "__PIPE__L0": "",
      "__PARA__L0": 80,
      "__PARA__L1": 8,
      "__PIPE__L2": "",
      "__PARA__L2": 8,
      "__PARA__L3": 400
    },
    "res_util": {
      "util-URAM": 0,
      "util-BRAM": 0,
      "util-DSP": 0,
      "util-LUT": 0,
      "util-FF": 0,
      "total-URAM": 0,
      "total-BRAM": 0,
      "total-DSP": 0,
      "total-LUT": 0,
      "total-FF": 0
    },
    "valid": false
  },
  "__PARA__L0-80.__PARA__L1-8.__PARA__L2-10.__PARA__L3-400.__PIPE__L0-NA.__PIPE__L2-NA": {
    "perf": 0.0,
    "point": {
      "__PIPE__L0": "",
      "__PARA__L0": 80,
      "__PARA__L1": 8,
      "__PIPE__L2": "",
      "__PARA__L2": 10,
      "__PARA__L3": 400
    },
    "res_util": {
      "util-URAM": 0,
      "util-BRAM": 0,
      "util-DSP": 0,
      "util-LUT": 0,
      "util-FF": 0,
      "total-URAM": 0,
      "total-BRAM": 0,
      "total-DSP": 0,
      "total-LUT": 0,
      "total-FF": 0
    },
    "valid": false
  },
  "__PARA__L0-80.__PARA__L1-8.__PARA__L2-16.__PARA__L3-400.__PIPE__L0-NA.__PIPE__L2-NA": {
    "perf": 0.0,
    "point": {
      "__PIPE__L0": "",
      "__PARA__L0": 80,
      "__PARA__L1": 8,
      "__PIPE__L2": "",
      "__PARA__L2": 16,
      "__PARA__L3": 400
    },
    "res_util": {
      "util-URAM": 0,
      "util-BRAM": 0,
      "util-DSP": 0,
      "util-LUT": 0,
      "util-FF": 0,
      "total-URAM": 0,
      "total-BRAM": 0,
      "total-DSP": 0,
      "total-LUT": 0,
      "total-FF": 0
    },
    "valid": false
  },
  "__PARA__L0-80.__PARA__L1-8.__PARA__L2-20.__PARA__L3-400.__PIPE__L0-NA.__PIPE__L2-NA": {
    "perf": 0.0,
    "point": {
      "__PIPE__L0": "",
      "__PARA__L0": 80,
      "__PARA__L1": 8,
      "__PIPE__L2": "",
      "__PARA__L2": 20,
      "__PARA__L3": 400
    },
    "res_util": {
      "util-URAM": 0,
      "util-BRAM": 0,
      "util-DSP": 0,
      "util-LUT": 0,
      "util-FF": 0,
      "total-URAM": 0,
      "total-BRAM": 0,
      "total-DSP": 0,
      "total-LUT": 0,
      "total-FF": 0
    },
    "valid": false
  },
  "__PARA__L0-80.__PARA__L1-8.__PARA__L2-25.__PARA__L3-400.__PIPE__L0-NA.__PIPE__L2-NA": {
    "perf": 0.0,
    "point": {
      "__PIPE__L0": "",
      "__PARA__L0": 80,
      "__PARA__L1": 8,
      "__PIPE__L2": "",
      "__PARA__L2": 25,
      "__PARA__L3": 400
    },
    "res_util": {
      "util-URAM": 0,
      "util-BRAM": 0,
      "util-DSP": 0,
      "util-LUT": 0,
      "util-FF": 0,
      "total-URAM": 0,
      "total-BRAM": 0,
      "total-DSP": 0,
      "total-LUT": 0,
      "total-FF": 0
    },
    "valid": false
  },
  "__PARA__L0-80.__PARA__L1-8.__PARA__L2-32.__PARA__L3-400.__PIPE__L0-NA.__PIPE__L2-NA": {
    "perf": 0.0,
    "point": {
      "__PIPE__L0": "",
      "__PARA__L0": 80,
      "__PARA__L1": 8,
      "__PIPE__L2": "",
      "__PARA__L2": 32,
      "__PARA__L3": 400
    },
    "res_util": {
      "util-URAM": 0,
      "util-BRAM": 0,
      "util-DSP": 0,
      "util-LUT": 0,
      "util-FF": 0,
      "total-URAM": 0,
      "total-BRAM": 0,
      "total-DSP": 0,
      "total-LUT": 0,
      "total-FF": 0
    },
    "valid": false
  },
  "__PARA__L0-80.__PARA__L1-8.__PARA__L2-40.__PARA__L3-400.__PIPE__L0-NA.__PIPE__L2-NA": {
    "perf": 0.0,
    "point": {
      "__PIPE__L0": "",
      "__PARA__L0": 80,
      "__PARA__L1": 8,
      "__PIPE__L2": "",
      "__PARA__L2": 40,
      "__PARA__L3": 400
    },
    "res_util": {
      "util-URAM": 0,
      "util-BRAM": 0,
      "util-DSP": 0,
      "util-LUT": 0,
      "util-FF": 0,
      "total-URAM": 0,
      "total-BRAM": 0,
      "total-DSP": 0,
      "total-LUT": 0,
      "total-FF": 0
    },
    "valid": false
  },
  "__PARA__L0-80.__PARA__L1-8.__PARA__L2-50.__PARA__L3-400.__PIPE__L0-NA.__PIPE__L2-NA": {
    "perf": 0.0,
    "point": {
      "__PIPE__L0": "",
      "__PARA__L0": 80,
      "__PARA__L1": 8,
      "__PIPE__L2": "",
      "__PARA__L2": 50,
      "__PARA__L3": 400
    },
    "res_util": {
      "util-URAM": 0,
      "util-BRAM": 0,
      "util-DSP": 0,
      "util-LUT": 0,
      "util-FF": 0,
      "total-URAM": 0,
      "total-BRAM": 0,
      "total-DSP": 0,
      "total-LUT": 0,
      "total-FF": 0
    },
    "valid": false
  },
  "__PARA__L0-80.__PARA__L1-8.__PARA__L2-64.__PARA__L3-400.__PIPE__L0-NA.__PIPE__L2-NA": {
    "perf": 0.0,
    "point": {
      "__PIPE__L0": "",
      "__PARA__L0": 80,
      "__PARA__L1": 8,
      "__PIPE__L2": "",
      "__PARA__L2": 64,
      "__PARA__L3": 400
    },
    "res_util": {
      "util-URAM": 0,
      "util-BRAM": 0,
      "util-DSP": 0,
      "util-LUT": 0,
      "util-FF": 0,
      "total-URAM": 0,
      "total-BRAM": 0,
      "total-DSP": 0,
      "total-LUT": 0,
      "total-FF": 0
    },
    "valid": false
  },
  "__PARA__L0-80.__PARA__L1-8.__PARA__L2-80.__PARA__L3-400.__PIPE__L0-NA.__PIPE__L2-NA": {
    "perf": 0.0,
    "point": {
      "__PIPE__L0": "",
      "__PARA__L0": 80,
      "__PARA__L1": 8,
      "__PIPE__L2": "",
      "__PARA__L2": 80,
      "__PARA__L3": 400
    },
    "res_util": {
      "util-URAM": 0,
      "util-BRAM": 0,
      "util-DSP": 0,
      "util-LUT": 0,
      "util-FF": 0,
      "total-URAM": 0,
      "total-BRAM": 0,
      "total-DSP": 0,
      "total-LUT": 0,
      "total-FF": 0
    },
    "valid": false
  },
  "__PARA__L0-80.__PARA__L1-8.__PARA__L2-100.__PARA__L3-400.__PIPE__L0-NA.__PIPE__L2-NA": {
    "perf": 0.0,
    "point": {
      "__PIPE__L0": "",
      "__PARA__L0": 80,
      "__PARA__L1": 8,
      "__PIPE__L2": "",
      "__PARA__L2": 100,
      "__PARA__L3": 400
    },
    "res_util": {
      "util-URAM": 0,
      "util-BRAM": 0,
      "util-DSP": 0,
      "util-LUT": 0,
      "util-FF": 0,
      "total-URAM": 0,
      "total-BRAM": 0,
      "total-DSP": 0,
      "total-LUT": 0,
      "total-FF": 0
    },
    "valid": false
  },
  "__PARA__L0-80.__PARA__L1-8.__PARA__L2-128.__PARA__L3-400.__PIPE__L0-NA.__PIPE__L2-NA": {
    "perf": 0.0,
    "point": {
      "__PIPE__L0": "",
      "__PARA__L0": 80,
      "__PARA__L1": 8,
      "__PIPE__L2": "",
      "__PARA__L2": 128,
      "__PARA__L3": 400
    },
    "res_util": {
      "util-URAM": 0,
      "util-BRAM": 0,
      "util-DSP": 0,
      "util-LUT": 0,
      "util-FF": 0,
      "total-URAM": 0,
      "total-BRAM": 0,
      "total-DSP": 0,
      "total-LUT": 0,
      "total-FF": 0
    },
    "valid": false
  },
  "__PARA__L0-80.__PARA__L1-8.__PARA__L2-200.__PARA__L3-400.__PIPE__L0-NA.__PIPE__L2-NA": {
    "perf": 0.0,
    "point": {
      "__PIPE__L0": "",
      "__PARA__L0": 80,
      "__PARA__L1": 8,
      "__PIPE__L2": "",
      "__PARA__L2": 200,
      "__PARA__L3": 400
    },
    "res_util": {
      "util-URAM": 0,
      "util-BRAM": 0,
      "util-DSP": 0,
      "util-LUT": 0,
      "util-FF": 0,
      "total-URAM": 0,
      "total-BRAM": 0,
      "total-DSP": 0,
      "total-LUT": 0,
      "total-FF": 0
    },
    "valid": false
  },
  "__PARA__L0-80.__PARA__L1-8.__PARA__L2-256.__PARA__L3-400.__PIPE__L0-NA.__PIPE__L2-NA": {
    "perf": 0.0,
    "point": {
      "__PIPE__L0": "",
      "__PARA__L0": 80,
      "__PARA__L1": 8,
      "__PIPE__L2": "",
      "__PARA__L2": 256,
      "__PARA__L3": 400
    },
    "res_util": {
      "util-URAM": 0,
      "util-BRAM": 0,
      "util-DSP": 0,
      "util-LUT": 0,
      "util-FF": 0,
      "total-URAM": 0,
      "total-BRAM": 0,
      "total-DSP": 0,
      "total-LUT": 0,
      "total-FF": 0
    },
    "valid": false
  },
  "__PARA__L0-80.__PARA__L1-8.__PARA__L2-400.__PARA__L3-400.__PIPE__L0-NA.__PIPE__L2-NA": {
    "perf": 0.0,
    "point": {
      "__PIPE__L0": "",
      "__PARA__L0": 80,
      "__PARA__L1": 8,
      "__PIPE__L2": "",
      "__PARA__L2": 400,
      "__PARA__L3": 400
    },
    "res_util": {
      "util-URAM": 0,
      "util-BRAM": 0,
      "util-DSP": 0,
      "util-LUT": 0,
      "util-FF": 0,
      "total-URAM": 0,
      "total-BRAM": 0,
      "total-DSP": 0,
      "total-LUT": 0,
      "total-FF": 0
    },
    "valid": false
  },
  "__PARA__L0-80.__PARA__L1-8.__PARA__L2-1.__PARA__L3-400.__PIPE__L0-NA.__PIPE__L2-off": {
    "perf": 293876.0,
    "point": {
      "__PIPE__L0": "",
      "__PARA__L0": 80,
      "__PARA__L1": 8,
      "__PIPE__L2": "off",
      "__PARA__L2": 1,
      "__PARA__L3": 400
    },
    "res_util": {
      "util-URAM": 0.0,
      "util-BRAM": 0.9925925925925926,
      "util-DSP": 0.8576998050682261,
      "util-LUT": 0.8080919835791943,
      "util-FF": 0.3509806243515135,
      "total-URAM": 0,
      "total-BRAM": 3216,
      "total-DSP": 4400,
      "total-LUT": 716519,
      "total-FF": 622415
    },
    "valid": true
  },
  "__PARA__L0-80.__PARA__L1-8.__PARA__L2-1.__PARA__L3-400.__PIPE__L0-NA.__PIPE__L2-   ": {
    "perf": 293876.0,
    "point": {
      "__PIPE__L0": "",
      "__PARA__L0": 80,
      "__PARA__L1": 8,
      "__PIPE__L2": "   ",
      "__PARA__L2": 1,
      "__PARA__L3": 400
    },
    "res_util": {
      "util-URAM": 0.0,
      "util-BRAM": 0.9925925925925926,
      "util-DSP": 0.8576998050682261,
      "util-LUT": 0.8080919835791943,
      "util-FF": 0.3509806243515135,
      "total-URAM": 0,
      "total-BRAM": 3216,
      "total-DSP": 4400,
      "total-LUT": 716519,
      "total-FF": 622415
    },
    "valid": true
  },
  "__PARA__L0-80.__PARA__L1-8.__PARA__L2-1.__PARA__L3-400.__PIPE__L0-off.__PIPE__L2-off": {
    "perf": 293876.0,
    "point": {
      "__PIPE__L0": "off",
      "__PARA__L0": 80,
      "__PARA__L1": 8,
      "__PIPE__L2": "off",
      "__PARA__L2": 1,
      "__PARA__L3": 400
    },
    "res_util": {
      "util-URAM": 0.0,
      "util-BRAM": 0.9925925925925926,
      "util-DSP": 0.8576998050682261,
      "util-LUT": 0.8080919835791943,
      "util-FF": 0.3509806243515135,
      "total-URAM": 0,
      "total-BRAM": 3216,
      "total-DSP": 4400,
      "total-LUT": 716519,
      "total-FF": 622415
    },
    "valid": true
  },
  "__PARA__L0-80.__PARA__L1-8.__PARA__L2-1.__PARA__L3-400.__PIPE__L0-   .__PIPE__L2-off": {
    "perf": 0.0,
    "point": {
      "__PIPE__L0": "   ",
      "__PARA__L0": 80,
      "__PARA__L1": 8,
      "__PIPE__L2": "off",
      "__PARA__L2": 1,
      "__PARA__L3": 400
    },
    "res_util": {
      "util-URAM": 0,
      "util-BRAM": 0,
      "util-DSP": 0,
      "util-LUT": 0,
      "util-FF": 0,
      "total-URAM": 0,
      "total-BRAM": 0,
      "total-DSP": 0,
      "total-LUT": 0,
      "total-FF": 0
    },
    "valid": false
  },
  "__PARA__L0-80.__PARA__L1-8.__PARA__L2-1.__PARA__L3-400.__PIPE__L0-off.__PIPE__L2-   ": {
    "perf": 293876.0,
    "point": {
      "__PIPE__L0": "off",
      "__PARA__L0": 80,
      "__PARA__L1": 8,
      "__PIPE__L2": "   ",
      "__PARA__L2": 1,
      "__PARA__L3": 400
    },
    "res_util": {
      "util-URAM": 0.0,
      "util-BRAM": 0.9925925925925926,
      "util-DSP": 0.8576998050682261,
      "util-LUT": 0.8080919835791943,
      "util-FF": 0.3509806243515135,
      "total-URAM": 0,
      "total-BRAM": 3216,
      "total-DSP": 4400,
      "total-LUT": 716519,
      "total-FF": 622415
    },
    "valid": true
  },
  "__PARA__L0-80.__PARA__L1-8.__PARA__L2-1.__PARA__L3-400.__PIPE__L0-   .__PIPE__L2-   ": {
    "perf": 0.0,
    "point": {
      "__PIPE__L0": "   ",
      "__PARA__L0": 80,
      "__PARA__L1": 8,
      "__PIPE__L2": "   ",
      "__PARA__L2": 1,
      "__PARA__L3": 400
    },
    "res_util": {
      "util-URAM": 0,
      "util-BRAM": 0,
      "util-DSP": 0,
      "util-LUT": 0,
      "util-FF": 0,
      "total-URAM": 0,
      "total-BRAM": 0,
      "total-DSP": 0,
      "total-LUT": 0,
      "total-FF": 0
    },
    "valid": false
  },
  "__PARA__L0-40.__PARA__L1-8.__PARA__L2-2.__PARA__L3-400.__PIPE__L0-NA.__PIPE__L2-NA": {
    "perf": 293834.0,
    "point": {
      "__PIPE__L0": "",
      "__PARA__L0": 40,
      "__PARA__L1": 8,
      "__PIPE__L2": "",
      "__PARA__L2": 2,
      "__PARA__L3": 400
    },
    "res_util": {
      "util-URAM": 0.0,
      "util-BRAM": 0.9932098765432099,
      "util-DSP": 1.0,
      "util-LUT": 1.0,
      "util-FF": 0.5352737176884558,
      "total-URAM": 0,
      "total-BRAM": 3218,
      "total-DSP": 8800,
      "total-LUT": 1081280,
      "total-FF": 949233
    },
    "valid": false
  },
  "__PARA__L0-40.__PARA__L1-8.__PARA__L2-4.__PARA__L3-400.__PIPE__L0-NA.__PIPE__L2-NA": {
    "perf": 293834.0,
    "point": {
      "__PIPE__L0": "",
      "__PARA__L0": 40,
      "__PARA__L1": 8,
      "__PIPE__L2": "",
      "__PARA__L2": 4,
      "__PARA__L3": 400
    },
    "res_util": {
      "util-URAM": 0.0,
      "util-BRAM": 0.9944444444444445,
      "util-DSP": 1.0,
      "util-LUT": 1.0,
      "util-FF": 1.0,
      "total-URAM": 0,
      "total-BRAM": 3222,
      "total-DSP": 17600,
      "total-LUT": 1691750,
      "total-FF": 1781308
    },
    "valid": false
  },
  "__PARA__L0-40.__PARA__L1-8.__PARA__L2-5.__PARA__L3-400.__PIPE__L0-NA.__PIPE__L2-NA": {
    "perf": 0.0,
    "point": {
      "__PIPE__L0": "",
      "__PARA__L0": 40,
      "__PARA__L1": 8,
      "__PIPE__L2": "",
      "__PARA__L2": 5,
      "__PARA__L3": 400
    },
    "res_util": {
      "util-URAM": 0,
      "util-BRAM": 0,
      "util-DSP": 0,
      "util-LUT": 0,
      "util-FF": 0,
      "total-URAM": 0,
      "total-BRAM": 0,
      "total-DSP": 0,
      "total-LUT": 0,
      "total-FF": 0
    },
    "valid": false
  },
  "__PARA__L0-40.__PARA__L1-8.__PARA__L2-8.__PARA__L3-400.__PIPE__L0-NA.__PIPE__L2-NA": {
    "perf": 293834.0,
    "point": {
      "__PIPE__L0": "",
      "__PARA__L0": 40,
      "__PARA__L1": 8,
      "__PIPE__L2": "",
      "__PARA__L2": 8,
      "__PARA__L3": 400
    },
    "res_util": {
      "util-URAM": 0.0,
      "util-BRAM": 0.9919753086419754,
      "util-DSP": 1.0,
      "util-LUT": 1.0,
      "util-FF": 1.0,
      "total-URAM": 0,
      "total-BRAM": 3214,
      "total-DSP": 35200,
      "total-LUT": 3044537,
      "total-FF": 3445968
    },
    "valid": false
  },
  "__PARA__L0-40.__PARA__L1-8.__PARA__L2-10.__PARA__L3-400.__PIPE__L0-NA.__PIPE__L2-NA": {
    "perf": 0.0,
    "point": {
      "__PIPE__L0": "",
      "__PARA__L0": 40,
      "__PARA__L1": 8,
      "__PIPE__L2": "",
      "__PARA__L2": 10,
      "__PARA__L3": 400
    },
    "res_util": {
      "util-URAM": 0,
      "util-BRAM": 0,
      "util-DSP": 0,
      "util-LUT": 0,
      "util-FF": 0,
      "total-URAM": 0,
      "total-BRAM": 0,
      "total-DSP": 0,
      "total-LUT": 0,
      "total-FF": 0
    },
    "valid": false
  },
  "__PARA__L0-40.__PARA__L1-8.__PARA__L2-16.__PARA__L3-400.__PIPE__L0-NA.__PIPE__L2-NA": {
    "perf": 0.0,
    "point": {
      "__PIPE__L0": "",
      "__PARA__L0": 40,
      "__PARA__L1": 8,
      "__PIPE__L2": "",
      "__PARA__L2": 16,
      "__PARA__L3": 400
    },
    "res_util": {
      "util-URAM": 0,
      "util-BRAM": 0,
      "util-DSP": 0,
      "util-LUT": 0,
      "util-FF": 0,
      "total-URAM": 0,
      "total-BRAM": 0,
      "total-DSP": 0,
      "total-LUT": 0,
      "total-FF": 0
    },
    "valid": false
  },
  "__PARA__L0-40.__PARA__L1-8.__PARA__L2-20.__PARA__L3-400.__PIPE__L0-NA.__PIPE__L2-NA": {
    "perf": 0.0,
    "point": {
      "__PIPE__L0": "",
      "__PARA__L0": 40,
      "__PARA__L1": 8,
      "__PIPE__L2": "",
      "__PARA__L2": 20,
      "__PARA__L3": 400
    },
    "res_util": {
      "util-URAM": 0,
      "util-BRAM": 0,
      "util-DSP": 0,
      "util-LUT": 0,
      "util-FF": 0,
      "total-URAM": 0,
      "total-BRAM": 0,
      "total-DSP": 0,
      "total-LUT": 0,
      "total-FF": 0
    },
    "valid": false
  },
  "__PARA__L0-40.__PARA__L1-8.__PARA__L2-25.__PARA__L3-400.__PIPE__L0-NA.__PIPE__L2-NA": {
    "perf": 0.0,
    "point": {
      "__PIPE__L0": "",
      "__PARA__L0": 40,
      "__PARA__L1": 8,
      "__PIPE__L2": "",
      "__PARA__L2": 25,
      "__PARA__L3": 400
    },
    "res_util": {
      "util-URAM": 0,
      "util-BRAM": 0,
      "util-DSP": 0,
      "util-LUT": 0,
      "util-FF": 0,
      "total-URAM": 0,
      "total-BRAM": 0,
      "total-DSP": 0,
      "total-LUT": 0,
      "total-FF": 0
    },
    "valid": false
  },
  "__PARA__L0-40.__PARA__L1-8.__PARA__L2-32.__PARA__L3-400.__PIPE__L0-NA.__PIPE__L2-NA": {
    "perf": 0.0,
    "point": {
      "__PIPE__L0": "",
      "__PARA__L0": 40,
      "__PARA__L1": 8,
      "__PIPE__L2": "",
      "__PARA__L2": 32,
      "__PARA__L3": 400
    },
    "res_util": {
      "util-URAM": 0,
      "util-BRAM": 0,
      "util-DSP": 0,
      "util-LUT": 0,
      "util-FF": 0,
      "total-URAM": 0,
      "total-BRAM": 0,
      "total-DSP": 0,
      "total-LUT": 0,
      "total-FF": 0
    },
    "valid": false
  },
  "__PARA__L0-40.__PARA__L1-8.__PARA__L2-40.__PARA__L3-400.__PIPE__L0-NA.__PIPE__L2-NA": {
    "perf": 0.0,
    "point": {
      "__PIPE__L0": "",
      "__PARA__L0": 40,
      "__PARA__L1": 8,
      "__PIPE__L2": "",
      "__PARA__L2": 40,
      "__PARA__L3": 400
    },
    "res_util": {
      "util-URAM": 0,
      "util-BRAM": 0,
      "util-DSP": 0,
      "util-LUT": 0,
      "util-FF": 0,
      "total-URAM": 0,
      "total-BRAM": 0,
      "total-DSP": 0,
      "total-LUT": 0,
      "total-FF": 0
    },
    "valid": false
  },
  "__PARA__L0-40.__PARA__L1-8.__PARA__L2-50.__PARA__L3-400.__PIPE__L0-NA.__PIPE__L2-NA": {
    "perf": 0.0,
    "point": {
      "__PIPE__L0": "",
      "__PARA__L0": 40,
      "__PARA__L1": 8,
      "__PIPE__L2": "",
      "__PARA__L2": 50,
      "__PARA__L3": 400
    },
    "res_util": {
      "util-URAM": 0,
      "util-BRAM": 0,
      "util-DSP": 0,
      "util-LUT": 0,
      "util-FF": 0,
      "total-URAM": 0,
      "total-BRAM": 0,
      "total-DSP": 0,
      "total-LUT": 0,
      "total-FF": 0
    },
    "valid": false
  },
  "__PARA__L0-40.__PARA__L1-8.__PARA__L2-64.__PARA__L3-400.__PIPE__L0-NA.__PIPE__L2-NA": {
    "perf": 0.0,
    "point": {
      "__PIPE__L0": "",
      "__PARA__L0": 40,
      "__PARA__L1": 8,
      "__PIPE__L2": "",
      "__PARA__L2": 64,
      "__PARA__L3": 400
    },
    "res_util": {
      "util-URAM": 0,
      "util-BRAM": 0,
      "util-DSP": 0,
      "util-LUT": 0,
      "util-FF": 0,
      "total-URAM": 0,
      "total-BRAM": 0,
      "total-DSP": 0,
      "total-LUT": 0,
      "total-FF": 0
    },
    "valid": false
  },
  "__PARA__L0-40.__PARA__L1-8.__PARA__L2-80.__PARA__L3-400.__PIPE__L0-NA.__PIPE__L2-NA": {
    "perf": 0.0,
    "point": {
      "__PIPE__L0": "",
      "__PARA__L0": 40,
      "__PARA__L1": 8,
      "__PIPE__L2": "",
      "__PARA__L2": 80,
      "__PARA__L3": 400
    },
    "res_util": {
      "util-URAM": 0,
      "util-BRAM": 0,
      "util-DSP": 0,
      "util-LUT": 0,
      "util-FF": 0,
      "total-URAM": 0,
      "total-BRAM": 0,
      "total-DSP": 0,
      "total-LUT": 0,
      "total-FF": 0
    },
    "valid": false
  },
  "__PARA__L0-40.__PARA__L1-8.__PARA__L2-100.__PARA__L3-400.__PIPE__L0-NA.__PIPE__L2-NA": {
    "perf": 0.0,
    "point": {
      "__PIPE__L0": "",
      "__PARA__L0": 40,
      "__PARA__L1": 8,
      "__PIPE__L2": "",
      "__PARA__L2": 100,
      "__PARA__L3": 400
    },
    "res_util": {
      "util-URAM": 0,
      "util-BRAM": 0,
      "util-DSP": 0,
      "util-LUT": 0,
      "util-FF": 0,
      "total-URAM": 0,
      "total-BRAM": 0,
      "total-DSP": 0,
      "total-LUT": 0,
      "total-FF": 0
    },
    "valid": false
  },
  "__PARA__L0-40.__PARA__L1-8.__PARA__L2-128.__PARA__L3-400.__PIPE__L0-NA.__PIPE__L2-NA": {
    "perf": 0.0,
    "point": {
      "__PIPE__L0": "",
      "__PARA__L0": 40,
      "__PARA__L1": 8,
      "__PIPE__L2": "",
      "__PARA__L2": 128,
      "__PARA__L3": 400
    },
    "res_util": {
      "util-URAM": 0,
      "util-BRAM": 0,
      "util-DSP": 0,
      "util-LUT": 0,
      "util-FF": 0,
      "total-URAM": 0,
      "total-BRAM": 0,
      "total-DSP": 0,
      "total-LUT": 0,
      "total-FF": 0
    },
    "valid": false
  },
  "__PARA__L0-40.__PARA__L1-8.__PARA__L2-200.__PARA__L3-400.__PIPE__L0-NA.__PIPE__L2-NA": {
    "perf": 0.0,
    "point": {
      "__PIPE__L0": "",
      "__PARA__L0": 40,
      "__PARA__L1": 8,
      "__PIPE__L2": "",
      "__PARA__L2": 200,
      "__PARA__L3": 400
    },
    "res_util": {
      "util-URAM": 0,
      "util-BRAM": 0,
      "util-DSP": 0,
      "util-LUT": 0,
      "util-FF": 0,
      "total-URAM": 0,
      "total-BRAM": 0,
      "total-DSP": 0,
      "total-LUT": 0,
      "total-FF": 0
    },
    "valid": false
  },
  "__PARA__L0-40.__PARA__L1-8.__PARA__L2-256.__PARA__L3-400.__PIPE__L0-NA.__PIPE__L2-NA": {
    "perf": 0.0,
    "point": {
      "__PIPE__L0": "",
      "__PARA__L0": 40,
      "__PARA__L1": 8,
      "__PIPE__L2": "",
      "__PARA__L2": 256,
      "__PARA__L3": 400
    },
    "res_util": {
      "util-URAM": 0,
      "util-BRAM": 0,
      "util-DSP": 0,
      "util-LUT": 0,
      "util-FF": 0,
      "total-URAM": 0,
      "total-BRAM": 0,
      "total-DSP": 0,
      "total-LUT": 0,
      "total-FF": 0
    },
    "valid": false
  },
  "__PARA__L0-40.__PARA__L1-8.__PARA__L2-400.__PARA__L3-400.__PIPE__L0-NA.__PIPE__L2-NA": {
    "perf": 0.0,
    "point": {
      "__PIPE__L0": "",
      "__PARA__L0": 40,
      "__PARA__L1": 8,
      "__PIPE__L2": "",
      "__PARA__L2": 400,
      "__PARA__L3": 400
    },
    "res_util": {
      "util-URAM": 0,
      "util-BRAM": 0,
      "util-DSP": 0,
      "util-LUT": 0,
      "util-FF": 0,
      "total-URAM": 0,
      "total-BRAM": 0,
      "total-DSP": 0,
      "total-LUT": 0,
      "total-FF": 0
    },
    "valid": false
  },
  "__PARA__L0-40.__PARA__L1-8.__PARA__L2-1.__PARA__L3-400.__PIPE__L0-NA.__PIPE__L2-off": {
    "perf": 293886.0,
    "point": {
      "__PIPE__L0": "",
      "__PARA__L0": 40,
      "__PARA__L1": 8,
      "__PIPE__L2": "off",
      "__PARA__L2": 1,
      "__PARA__L3": 400
    },
    "res_util": {
      "util-URAM": 0.0,
      "util-BRAM": 0.9925925925925926,
      "util-DSP": 0.8576998050682261,
      "util-LUT": 0.7988755808183335,
      "util-FF": 0.3006693508368295,
      "total-URAM": 0,
      "total-BRAM": 3216,
      "total-DSP": 4400,
      "total-LUT": 708347,
      "total-FF": 533195
    },
    "valid": true
  },
  "__PARA__L0-40.__PARA__L1-8.__PARA__L2-1.__PARA__L3-400.__PIPE__L0-NA.__PIPE__L2-   ": {
    "perf": 293886.0,
    "point": {
      "__PIPE__L0": "",
      "__PARA__L0": 40,
      "__PARA__L1": 8,
      "__PIPE__L2": "   ",
      "__PARA__L2": 1,
      "__PARA__L3": 400
    },
    "res_util": {
      "util-URAM": 0.0,
      "util-BRAM": 0.9925925925925926,
      "util-DSP": 0.8576998050682261,
      "util-LUT": 0.7988755808183335,
      "util-FF": 0.3006693508368295,
      "total-URAM": 0,
      "total-BRAM": 3216,
      "total-DSP": 4400,
      "total-LUT": 708347,
      "total-FF": 533195
    },
    "valid": true
  },
  "__PARA__L0-40.__PARA__L1-8.__PARA__L2-1.__PARA__L3-400.__PIPE__L0-off.__PIPE__L2-off": {
    "perf": 293886.0,
    "point": {
      "__PIPE__L0": "off",
      "__PARA__L0": 40,
      "__PARA__L1": 8,
      "__PIPE__L2": "off",
      "__PARA__L2": 1,
      "__PARA__L3": 400
    },
    "res_util": {
      "util-URAM": 0.0,
      "util-BRAM": 0.9925925925925926,
      "util-DSP": 0.8576998050682261,
      "util-LUT": 0.7988755808183335,
      "util-FF": 0.3006693508368295,
      "total-URAM": 0,
      "total-BRAM": 3216,
      "total-DSP": 4400,
      "total-LUT": 708347,
      "total-FF": 533195
    },
    "valid": true
  },
  "__PARA__L0-40.__PARA__L1-8.__PARA__L2-1.__PARA__L3-400.__PIPE__L0-   .__PIPE__L2-off": {
    "perf": 0.0,
    "point": {
      "__PIPE__L0": "   ",
      "__PARA__L0": 40,
      "__PARA__L1": 8,
      "__PIPE__L2": "off",
      "__PARA__L2": 1,
      "__PARA__L3": 400
    },
    "res_util": {
      "util-URAM": 0,
      "util-BRAM": 0,
      "util-DSP": 0,
      "util-LUT": 0,
      "util-FF": 0,
      "total-URAM": 0,
      "total-BRAM": 0,
      "total-DSP": 0,
      "total-LUT": 0,
      "total-FF": 0
    },
    "valid": false
  },
  "__PARA__L0-40.__PARA__L1-8.__PARA__L2-1.__PARA__L3-400.__PIPE__L0-off.__PIPE__L2-   ": {
    "perf": 293886.0,
    "point": {
      "__PIPE__L0": "off",
      "__PARA__L0": 40,
      "__PARA__L1": 8,
      "__PIPE__L2": "   ",
      "__PARA__L2": 1,
      "__PARA__L3": 400
    },
    "res_util": {
      "util-URAM": 0.0,
      "util-BRAM": 0.9925925925925926,
      "util-DSP": 0.8576998050682261,
      "util-LUT": 0.7988755808183335,
      "util-FF": 0.3006693508368295,
      "total-URAM": 0,
      "total-BRAM": 3216,
      "total-DSP": 4400,
      "total-LUT": 708347,
      "total-FF": 533195
    },
    "valid": true
  },
  "__PARA__L0-40.__PARA__L1-8.__PARA__L2-1.__PARA__L3-400.__PIPE__L0-   .__PIPE__L2-   ": {
    "perf": 0.0,
    "point": {
      "__PIPE__L0": "   ",
      "__PARA__L0": 40,
      "__PARA__L1": 8,
      "__PIPE__L2": "   ",
      "__PARA__L2": 1,
      "__PARA__L3": 400
    },
    "res_util": {
      "util-URAM": 0,
      "util-BRAM": 0,
      "util-DSP": 0,
      "util-LUT": 0,
      "util-FF": 0,
      "total-URAM": 0,
      "total-BRAM": 0,
      "total-DSP": 0,
      "total-LUT": 0,
      "total-FF": 0
    },
    "valid": false
  },
  "__PARA__L0-16.__PARA__L1-8.__PARA__L2-2.__PARA__L3-400.__PIPE__L0-NA.__PIPE__L2-NA": {
    "perf": 293864.0,
    "point": {
      "__PIPE__L0": "",
      "__PARA__L0": 16,
      "__PARA__L1": 8,
      "__PIPE__L2": "",
      "__PARA__L2": 2,
      "__PARA__L3": 400
    },
    "res_util": {
      "util-URAM": 0.0,
      "util-BRAM": 0.9932098765432099,
      "util-DSP": 1.0,
      "util-LUT": 0.9439594893309875,
      "util-FF": 0.5050689087382144,
      "total-URAM": 0,
      "total-BRAM": 3218,
      "total-DSP": 8800,
      "total-LUT": 836990,
      "total-FF": 895669
    },
    "valid": false
  },
  "__PARA__L0-16.__PARA__L1-8.__PARA__L2-4.__PARA__L3-400.__PIPE__L0-NA.__PIPE__L2-NA": {
    "perf": 293864.0,
    "point": {
      "__PIPE__L0": "",
      "__PARA__L0": 16,
      "__PARA__L1": 8,
      "__PIPE__L2": "",
      "__PARA__L2": 4,
      "__PARA__L3": 400
    },
    "res_util": {
      "util-URAM": 0.0,
      "util-BRAM": 0.9944444444444445,
      "util-DSP": 1.0,
      "util-LUT": 1.0,
      "util-FF": 0.9742770785401723,
      "total-URAM": 0,
      "total-BRAM": 3222,
      "total-DSP": 17600,
      "total-LUT": 1447460,
      "total-FF": 1727744
    },
    "valid": false
  },
  "__PARA__L0-16.__PARA__L1-8.__PARA__L2-5.__PARA__L3-400.__PIPE__L0-NA.__PIPE__L2-NA": {
    "perf": 298264.0,
    "point": {
      "__PIPE__L0": "",
      "__PARA__L0": 16,
      "__PARA__L1": 8,
      "__PIPE__L2": "",
      "__PARA__L2": 5,
      "__PARA__L3": 400
    },
    "res_util": {
      "util-URAM": 0.0,
      "util-BRAM": 1.0,
      "util-DSP": 1.0,
      "util-LUT": 1.0,
      "util-FF": 1.0,
      "total-URAM": 0,
      "total-BRAM": 4024,
      "total-DSP": 22113,
      "total-LUT": 1997074,
      "total-FF": 4205409
    },
    "valid": false
  },
  "__PARA__L0-16.__PARA__L1-8.__PARA__L2-8.__PARA__L3-400.__PIPE__L0-NA.__PIPE__L2-NA": {
    "perf": 293864.0,
    "point": {
      "__PIPE__L0": "",
      "__PARA__L0": 16,
      "__PARA__L1": 8,
      "__PIPE__L2": "",
      "__PARA__L2": 8,
      "__PARA__L3": 400
    },
    "res_util": {
      "util-URAM": 0.0,
      "util-BRAM": 0.9919753086419754,
      "util-DSP": 1.0,
      "util-LUT": 1.0,
      "util-FF": 1.0,
      "total-URAM": 0,
      "total-BRAM": 3214,
      "total-DSP": 35200,
      "total-LUT": 2800247,
      "total-FF": 3392404
    },
    "valid": false
  },
  "__PARA__L0-16.__PARA__L1-8.__PARA__L2-10.__PARA__L3-400.__PIPE__L0-NA.__PIPE__L2-NA": {
    "perf": 0.0,
    "point": {
      "__PIPE__L0": "",
      "__PARA__L0": 16,
      "__PARA__L1": 8,
      "__PIPE__L2": "",
      "__PARA__L2": 10,
      "__PARA__L3": 400
    },
    "res_util": {
      "util-URAM": 0,
      "util-BRAM": 0,
      "util-DSP": 0,
      "util-LUT": 0,
      "util-FF": 0,
      "total-URAM": 0,
      "total-BRAM": 0,
      "total-DSP": 0,
      "total-LUT": 0,
      "total-FF": 0
    },
    "valid": false
  },
  "__PARA__L0-16.__PARA__L1-8.__PARA__L2-16.__PARA__L3-400.__PIPE__L0-NA.__PIPE__L2-NA": {
    "perf": 0.0,
    "point": {
      "__PIPE__L0": "",
      "__PARA__L0": 16,
      "__PARA__L1": 8,
      "__PIPE__L2": "",
      "__PARA__L2": 16,
      "__PARA__L3": 400
    },
    "res_util": {
      "util-URAM": 0,
      "util-BRAM": 0,
      "util-DSP": 0,
      "util-LUT": 0,
      "util-FF": 0,
      "total-URAM": 0,
      "total-BRAM": 0,
      "total-DSP": 0,
      "total-LUT": 0,
      "total-FF": 0
    },
    "valid": false
  },
  "__PARA__L0-16.__PARA__L1-8.__PARA__L2-20.__PARA__L3-400.__PIPE__L0-NA.__PIPE__L2-NA": {
    "perf": 0.0,
    "point": {
      "__PIPE__L0": "",
      "__PARA__L0": 16,
      "__PARA__L1": 8,
      "__PIPE__L2": "",
      "__PARA__L2": 20,
      "__PARA__L3": 400
    },
    "res_util": {
      "util-URAM": 0,
      "util-BRAM": 0,
      "util-DSP": 0,
      "util-LUT": 0,
      "util-FF": 0,
      "total-URAM": 0,
      "total-BRAM": 0,
      "total-DSP": 0,
      "total-LUT": 0,
      "total-FF": 0
    },
    "valid": false
  },
  "__PARA__L0-16.__PARA__L1-8.__PARA__L2-25.__PARA__L3-400.__PIPE__L0-NA.__PIPE__L2-NA": {
    "perf": 0.0,
    "point": {
      "__PIPE__L0": "",
      "__PARA__L0": 16,
      "__PARA__L1": 8,
      "__PIPE__L2": "",
      "__PARA__L2": 25,
      "__PARA__L3": 400
    },
    "res_util": {
      "util-URAM": 0,
      "util-BRAM": 0,
      "util-DSP": 0,
      "util-LUT": 0,
      "util-FF": 0,
      "total-URAM": 0,
      "total-BRAM": 0,
      "total-DSP": 0,
      "total-LUT": 0,
      "total-FF": 0
    },
    "valid": false
  },
  "__PARA__L0-16.__PARA__L1-8.__PARA__L2-32.__PARA__L3-400.__PIPE__L0-NA.__PIPE__L2-NA": {
    "perf": 0.0,
    "point": {
      "__PIPE__L0": "",
      "__PARA__L0": 16,
      "__PARA__L1": 8,
      "__PIPE__L2": "",
      "__PARA__L2": 32,
      "__PARA__L3": 400
    },
    "res_util": {
      "util-URAM": 0,
      "util-BRAM": 0,
      "util-DSP": 0,
      "util-LUT": 0,
      "util-FF": 0,
      "total-URAM": 0,
      "total-BRAM": 0,
      "total-DSP": 0,
      "total-LUT": 0,
      "total-FF": 0
    },
    "valid": false
  },
  "__PARA__L0-16.__PARA__L1-8.__PARA__L2-40.__PARA__L3-400.__PIPE__L0-NA.__PIPE__L2-NA": {
    "perf": 0.0,
    "point": {
      "__PIPE__L0": "",
      "__PARA__L0": 16,
      "__PARA__L1": 8,
      "__PIPE__L2": "",
      "__PARA__L2": 40,
      "__PARA__L3": 400
    },
    "res_util": {
      "util-URAM": 0,
      "util-BRAM": 0,
      "util-DSP": 0,
      "util-LUT": 0,
      "util-FF": 0,
      "total-URAM": 0,
      "total-BRAM": 0,
      "total-DSP": 0,
      "total-LUT": 0,
      "total-FF": 0
    },
    "valid": false
  },
  "__PARA__L0-16.__PARA__L1-8.__PARA__L2-50.__PARA__L3-400.__PIPE__L0-NA.__PIPE__L2-NA": {
    "perf": 0.0,
    "point": {
      "__PIPE__L0": "",
      "__PARA__L0": 16,
      "__PARA__L1": 8,
      "__PIPE__L2": "",
      "__PARA__L2": 50,
      "__PARA__L3": 400
    },
    "res_util": {
      "util-URAM": 0,
      "util-BRAM": 0,
      "util-DSP": 0,
      "util-LUT": 0,
      "util-FF": 0,
      "total-URAM": 0,
      "total-BRAM": 0,
      "total-DSP": 0,
      "total-LUT": 0,
      "total-FF": 0
    },
    "valid": false
  },
  "__PARA__L0-16.__PARA__L1-8.__PARA__L2-64.__PARA__L3-400.__PIPE__L0-NA.__PIPE__L2-NA": {
    "perf": 0.0,
    "point": {
      "__PIPE__L0": "",
      "__PARA__L0": 16,
      "__PARA__L1": 8,
      "__PIPE__L2": "",
      "__PARA__L2": 64,
      "__PARA__L3": 400
    },
    "res_util": {
      "util-URAM": 0,
      "util-BRAM": 0,
      "util-DSP": 0,
      "util-LUT": 0,
      "util-FF": 0,
      "total-URAM": 0,
      "total-BRAM": 0,
      "total-DSP": 0,
      "total-LUT": 0,
      "total-FF": 0
    },
    "valid": false
  },
  "__PARA__L0-16.__PARA__L1-8.__PARA__L2-80.__PARA__L3-400.__PIPE__L0-NA.__PIPE__L2-NA": {
    "perf": 0.0,
    "point": {
      "__PIPE__L0": "",
      "__PARA__L0": 16,
      "__PARA__L1": 8,
      "__PIPE__L2": "",
      "__PARA__L2": 80,
      "__PARA__L3": 400
    },
    "res_util": {
      "util-URAM": 0,
      "util-BRAM": 0,
      "util-DSP": 0,
      "util-LUT": 0,
      "util-FF": 0,
      "total-URAM": 0,
      "total-BRAM": 0,
      "total-DSP": 0,
      "total-LUT": 0,
      "total-FF": 0
    },
    "valid": false
  },
  "__PARA__L0-16.__PARA__L1-8.__PARA__L2-100.__PARA__L3-400.__PIPE__L0-NA.__PIPE__L2-NA": {
    "perf": 0.0,
    "point": {
      "__PIPE__L0": "",
      "__PARA__L0": 16,
      "__PARA__L1": 8,
      "__PIPE__L2": "",
      "__PARA__L2": 100,
      "__PARA__L3": 400
    },
    "res_util": {
      "util-URAM": 0,
      "util-BRAM": 0,
      "util-DSP": 0,
      "util-LUT": 0,
      "util-FF": 0,
      "total-URAM": 0,
      "total-BRAM": 0,
      "total-DSP": 0,
      "total-LUT": 0,
      "total-FF": 0
    },
    "valid": false
  },
  "__PARA__L0-16.__PARA__L1-8.__PARA__L2-128.__PARA__L3-400.__PIPE__L0-NA.__PIPE__L2-NA": {
    "perf": 0.0,
    "point": {
      "__PIPE__L0": "",
      "__PARA__L0": 16,
      "__PARA__L1": 8,
      "__PIPE__L2": "",
      "__PARA__L2": 128,
      "__PARA__L3": 400
    },
    "res_util": {
      "util-URAM": 0,
      "util-BRAM": 0,
      "util-DSP": 0,
      "util-LUT": 0,
      "util-FF": 0,
      "total-URAM": 0,
      "total-BRAM": 0,
      "total-DSP": 0,
      "total-LUT": 0,
      "total-FF": 0
    },
    "valid": false
  },
  "__PARA__L0-16.__PARA__L1-8.__PARA__L2-200.__PARA__L3-400.__PIPE__L0-NA.__PIPE__L2-NA": {
    "perf": 0.0,
    "point": {
      "__PIPE__L0": "",
      "__PARA__L0": 16,
      "__PARA__L1": 8,
      "__PIPE__L2": "",
      "__PARA__L2": 200,
      "__PARA__L3": 400
    },
    "res_util": {
      "util-URAM": 0,
      "util-BRAM": 0,
      "util-DSP": 0,
      "util-LUT": 0,
      "util-FF": 0,
      "total-URAM": 0,
      "total-BRAM": 0,
      "total-DSP": 0,
      "total-LUT": 0,
      "total-FF": 0
    },
    "valid": false
  },
  "__PARA__L0-16.__PARA__L1-8.__PARA__L2-256.__PARA__L3-400.__PIPE__L0-NA.__PIPE__L2-NA": {
    "perf": 0.0,
    "point": {
      "__PIPE__L0": "",
      "__PARA__L0": 16,
      "__PARA__L1": 8,
      "__PIPE__L2": "",
      "__PARA__L2": 256,
      "__PARA__L3": 400
    },
    "res_util": {
      "util-URAM": 0,
      "util-BRAM": 0,
      "util-DSP": 0,
      "util-LUT": 0,
      "util-FF": 0,
      "total-URAM": 0,
      "total-BRAM": 0,
      "total-DSP": 0,
      "total-LUT": 0,
      "total-FF": 0
    },
    "valid": false
  },
  "__PARA__L0-16.__PARA__L1-8.__PARA__L2-400.__PARA__L3-400.__PIPE__L0-NA.__PIPE__L2-NA": {
    "perf": 0.0,
    "point": {
      "__PIPE__L0": "",
      "__PARA__L0": 16,
      "__PARA__L1": 8,
      "__PIPE__L2": "",
      "__PARA__L2": 400,
      "__PARA__L3": 400
    },
    "res_util": {
      "util-URAM": 0,
      "util-BRAM": 0,
      "util-DSP": 0,
      "util-LUT": 0,
      "util-FF": 0,
      "total-URAM": 0,
      "total-BRAM": 0,
      "total-DSP": 0,
      "total-LUT": 0,
      "total-FF": 0
    },
    "valid": false
  },
  "__PARA__L0-16.__PARA__L1-8.__PARA__L2-1.__PARA__L3-400.__PIPE__L0-NA.__PIPE__L2-off": {
    "perf": 293916.0,
    "point": {
      "__PIPE__L0": "",
      "__PARA__L0": 16,
      "__PARA__L1": 8,
      "__PIPE__L2": "off",
      "__PARA__L2": 1,
      "__PARA__L3": 400
    },
    "res_util": {
      "util-URAM": 0.0,
      "util-BRAM": 0.9925925925925926,
      "util-DSP": 0.8576998050682261,
      "util-LUT": 0.5233646862453196,
      "util-FF": 0.2704645418865882,
      "total-URAM": 0,
      "total-BRAM": 3216,
      "total-DSP": 4400,
      "total-LUT": 464057,
      "total-FF": 479631
    },
    "valid": true
  },
  "__PARA__L0-16.__PARA__L1-8.__PARA__L2-1.__PARA__L3-400.__PIPE__L0-NA.__PIPE__L2-   ": {
    "perf": 293916.0,
    "point": {
      "__PIPE__L0": "",
      "__PARA__L0": 16,
      "__PARA__L1": 8,
      "__PIPE__L2": "   ",
      "__PARA__L2": 1,
      "__PARA__L3": 400
    },
    "res_util": {
      "util-URAM": 0.0,
      "util-BRAM": 0.9925925925925926,
      "util-DSP": 0.8576998050682261,
      "util-LUT": 0.5233646862453196,
      "util-FF": 0.2704645418865882,
      "total-URAM": 0,
      "total-BRAM": 3216,
      "total-DSP": 4400,
      "total-LUT": 464057,
      "total-FF": 479631
    },
    "valid": true
  },
  "__PARA__L0-16.__PARA__L1-8.__PARA__L2-1.__PARA__L3-400.__PIPE__L0-off.__PIPE__L2-off": {
    "perf": 293916.0,
    "point": {
      "__PIPE__L0": "off",
      "__PARA__L0": 16,
      "__PARA__L1": 8,
      "__PIPE__L2": "off",
      "__PARA__L2": 1,
      "__PARA__L3": 400
    },
    "res_util": {
      "util-URAM": 0.0,
      "util-BRAM": 0.9925925925925926,
      "util-DSP": 0.8576998050682261,
      "util-LUT": 0.5233646862453196,
      "util-FF": 0.2704645418865882,
      "total-URAM": 0,
      "total-BRAM": 3216,
      "total-DSP": 4400,
      "total-LUT": 464057,
      "total-FF": 479631
    },
    "valid": true
  },
  "__PARA__L0-16.__PARA__L1-8.__PARA__L2-1.__PARA__L3-400.__PIPE__L0-   .__PIPE__L2-off": {
    "perf": 0.0,
    "point": {
      "__PIPE__L0": "   ",
      "__PARA__L0": 16,
      "__PARA__L1": 8,
      "__PIPE__L2": "off",
      "__PARA__L2": 1,
      "__PARA__L3": 400
    },
    "res_util": {
      "util-URAM": 0,
      "util-BRAM": 0,
      "util-DSP": 0,
      "util-LUT": 0,
      "util-FF": 0,
      "total-URAM": 0,
      "total-BRAM": 0,
      "total-DSP": 0,
      "total-LUT": 0,
      "total-FF": 0
    },
    "valid": false
  },
  "__PARA__L0-16.__PARA__L1-8.__PARA__L2-1.__PARA__L3-400.__PIPE__L0-off.__PIPE__L2-   ": {
    "perf": 293916.0,
    "point": {
      "__PIPE__L0": "off",
      "__PARA__L0": 16,
      "__PARA__L1": 8,
      "__PIPE__L2": "   ",
      "__PARA__L2": 1,
      "__PARA__L3": 400
    },
    "res_util": {
      "util-URAM": 0.0,
      "util-BRAM": 0.9925925925925926,
      "util-DSP": 0.8576998050682261,
      "util-LUT": 0.5233646862453196,
      "util-FF": 0.2704645418865882,
      "total-URAM": 0,
      "total-BRAM": 3216,
      "total-DSP": 4400,
      "total-LUT": 464057,
      "total-FF": 479631
    },
    "valid": true
  },
  "__PARA__L0-16.__PARA__L1-8.__PARA__L2-1.__PARA__L3-400.__PIPE__L0-   .__PIPE__L2-   ": {
    "perf": 0.0,
    "point": {
      "__PIPE__L0": "   ",
      "__PARA__L0": 16,
      "__PARA__L1": 8,
      "__PIPE__L2": "   ",
      "__PARA__L2": 1,
      "__PARA__L3": 400
    },
    "res_util": {
      "util-URAM": 0,
      "util-BRAM": 0,
      "util-DSP": 0,
      "util-LUT": 0,
      "util-FF": 0,
      "total-URAM": 0,
      "total-BRAM": 0,
      "total-DSP": 0,
      "total-LUT": 0,
      "total-FF": 0
    },
    "valid": false
  },
  "__PARA__L0-8.__PARA__L1-8.__PARA__L2-2.__PARA__L3-400.__PIPE__L0-NA.__PIPE__L2-NA": {
    "perf": 293914.0,
    "point": {
      "__PIPE__L0": "",
      "__PARA__L0": 8,
      "__PARA__L1": 8,
      "__PIPE__L2": "",
      "__PARA__L2": 2,
      "__PARA__L3": 400
    },
    "res_util": {
      "util-URAM": 0.0,
      "util-BRAM": 0.9932098765432099,
      "util-DSP": 1.0,
      "util-LUT": 0.9369456850272928,
      "util-FF": 0.49501567645599315,
      "total-URAM": 0,
      "total-BRAM": 3218,
      "total-DSP": 8800,
      "total-LUT": 830771,
      "total-FF": 877841
    },
    "valid": false
  },
  "__PARA__L0-8.__PARA__L1-8.__PARA__L2-4.__PARA__L3-400.__PIPE__L0-NA.__PIPE__L2-NA": {
    "perf": 293914.0,
    "point": {
      "__PIPE__L0": "",
      "__PARA__L0": 8,
      "__PARA__L1": 8,
      "__PIPE__L2": "",
      "__PARA__L2": 4,
      "__PARA__L3": 400
    },
    "res_util": {
      "util-URAM": 0.0,
      "util-BRAM": 0.9944444444444445,
      "util-DSP": 1.0,
      "util-LUT": 1.0,
      "util-FF": 0.964223846257951,
      "total-URAM": 0,
      "total-BRAM": 3222,
      "total-DSP": 17600,
      "total-LUT": 1441241,
      "total-FF": 1709916
    },
    "valid": false
  },
  "__PARA__L0-8.__PARA__L1-8.__PARA__L2-5.__PARA__L3-400.__PIPE__L0-NA.__PIPE__L2-NA": {
    "perf": 0.0,
    "point": {
      "__PIPE__L0": "",
      "__PARA__L0": 8,
      "__PARA__L1": 8,
      "__PIPE__L2": "",
      "__PARA__L2": 5,
      "__PARA__L3": 400
    },
    "res_util": {
      "util-URAM": 0,
      "util-BRAM": 0,
      "util-DSP": 0,
      "util-LUT": 0,
      "util-FF": 0,
      "total-URAM": 0,
      "total-BRAM": 0,
      "total-DSP": 0,
      "total-LUT": 0,
      "total-FF": 0
    },
    "valid": false
  },
  "__PARA__L0-8.__PARA__L1-8.__PARA__L2-8.__PARA__L3-400.__PIPE__L0-NA.__PIPE__L2-NA": {
    "perf": 293914.0,
    "point": {
      "__PIPE__L0": "",
      "__PARA__L0": 8,
      "__PARA__L1": 8,
      "__PIPE__L2": "",
      "__PARA__L2": 8,
      "__PARA__L3": 400
    },
    "res_util": {
      "util-URAM": 0.0,
      "util-BRAM": 0.9919753086419754,
      "util-DSP": 1.0,
      "util-LUT": 1.0,
      "util-FF": 1.0,
      "total-URAM": 0,
      "total-BRAM": 3214,
      "total-DSP": 35200,
      "total-LUT": 2794028,
      "total-FF": 3374576
    },
    "valid": false
  },
  "__PARA__L0-8.__PARA__L1-8.__PARA__L2-10.__PARA__L3-400.__PIPE__L0-NA.__PIPE__L2-NA": {
    "perf": 0.0,
    "point": {
      "__PIPE__L0": "",
      "__PARA__L0": 8,
      "__PARA__L1": 8,
      "__PIPE__L2": "",
      "__PARA__L2": 10,
      "__PARA__L3": 400
    },
    "res_util": {
      "util-URAM": 0,
      "util-BRAM": 0,
      "util-DSP": 0,
      "util-LUT": 0,
      "util-FF": 0,
      "total-URAM": 0,
      "total-BRAM": 0,
      "total-DSP": 0,
      "total-LUT": 0,
      "total-FF": 0
    },
    "valid": false
  },
  "__PARA__L0-8.__PARA__L1-8.__PARA__L2-16.__PARA__L3-400.__PIPE__L0-NA.__PIPE__L2-NA": {
    "perf": 0.0,
    "point": {
      "__PIPE__L0": "",
      "__PARA__L0": 8,
      "__PARA__L1": 8,
      "__PIPE__L2": "",
      "__PARA__L2": 16,
      "__PARA__L3": 400
    },
    "res_util": {
      "util-URAM": 0,
      "util-BRAM": 0,
      "util-DSP": 0,
      "util-LUT": 0,
      "util-FF": 0,
      "total-URAM": 0,
      "total-BRAM": 0,
      "total-DSP": 0,
      "total-LUT": 0,
      "total-FF": 0
    },
    "valid": false
  },
  "__PARA__L0-8.__PARA__L1-8.__PARA__L2-20.__PARA__L3-400.__PIPE__L0-NA.__PIPE__L2-NA": {
    "perf": 0.0,
    "point": {
      "__PIPE__L0": "",
      "__PARA__L0": 8,
      "__PARA__L1": 8,
      "__PIPE__L2": "",
      "__PARA__L2": 20,
      "__PARA__L3": 400
    },
    "res_util": {
      "util-URAM": 0,
      "util-BRAM": 0,
      "util-DSP": 0,
      "util-LUT": 0,
      "util-FF": 0,
      "total-URAM": 0,
      "total-BRAM": 0,
      "total-DSP": 0,
      "total-LUT": 0,
      "total-FF": 0
    },
    "valid": false
  },
  "__PARA__L0-8.__PARA__L1-8.__PARA__L2-25.__PARA__L3-400.__PIPE__L0-NA.__PIPE__L2-NA": {
    "perf": 0.0,
    "point": {
      "__PIPE__L0": "",
      "__PARA__L0": 8,
      "__PARA__L1": 8,
      "__PIPE__L2": "",
      "__PARA__L2": 25,
      "__PARA__L3": 400
    },
    "res_util": {
      "util-URAM": 0,
      "util-BRAM": 0,
      "util-DSP": 0,
      "util-LUT": 0,
      "util-FF": 0,
      "total-URAM": 0,
      "total-BRAM": 0,
      "total-DSP": 0,
      "total-LUT": 0,
      "total-FF": 0
    },
    "valid": false
  },
  "__PARA__L0-8.__PARA__L1-8.__PARA__L2-32.__PARA__L3-400.__PIPE__L0-NA.__PIPE__L2-NA": {
    "perf": 0.0,
    "point": {
      "__PIPE__L0": "",
      "__PARA__L0": 8,
      "__PARA__L1": 8,
      "__PIPE__L2": "",
      "__PARA__L2": 32,
      "__PARA__L3": 400
    },
    "res_util": {
      "util-URAM": 0,
      "util-BRAM": 0,
      "util-DSP": 0,
      "util-LUT": 0,
      "util-FF": 0,
      "total-URAM": 0,
      "total-BRAM": 0,
      "total-DSP": 0,
      "total-LUT": 0,
      "total-FF": 0
    },
    "valid": false
  },
  "__PARA__L0-8.__PARA__L1-8.__PARA__L2-40.__PARA__L3-400.__PIPE__L0-NA.__PIPE__L2-NA": {
    "perf": 0.0,
    "point": {
      "__PIPE__L0": "",
      "__PARA__L0": 8,
      "__PARA__L1": 8,
      "__PIPE__L2": "",
      "__PARA__L2": 40,
      "__PARA__L3": 400
    },
    "res_util": {
      "util-URAM": 0,
      "util-BRAM": 0,
      "util-DSP": 0,
      "util-LUT": 0,
      "util-FF": 0,
      "total-URAM": 0,
      "total-BRAM": 0,
      "total-DSP": 0,
      "total-LUT": 0,
      "total-FF": 0
    },
    "valid": false
  },
  "__PARA__L0-8.__PARA__L1-8.__PARA__L2-50.__PARA__L3-400.__PIPE__L0-NA.__PIPE__L2-NA": {
    "perf": 0.0,
    "point": {
      "__PIPE__L0": "",
      "__PARA__L0": 8,
      "__PARA__L1": 8,
      "__PIPE__L2": "",
      "__PARA__L2": 50,
      "__PARA__L3": 400
    },
    "res_util": {
      "util-URAM": 0,
      "util-BRAM": 0,
      "util-DSP": 0,
      "util-LUT": 0,
      "util-FF": 0,
      "total-URAM": 0,
      "total-BRAM": 0,
      "total-DSP": 0,
      "total-LUT": 0,
      "total-FF": 0
    },
    "valid": false
  },
  "__PARA__L0-8.__PARA__L1-8.__PARA__L2-64.__PARA__L3-400.__PIPE__L0-NA.__PIPE__L2-NA": {
    "perf": 0.0,
    "point": {
      "__PIPE__L0": "",
      "__PARA__L0": 8,
      "__PARA__L1": 8,
      "__PIPE__L2": "",
      "__PARA__L2": 64,
      "__PARA__L3": 400
    },
    "res_util": {
      "util-URAM": 0,
      "util-BRAM": 0,
      "util-DSP": 0,
      "util-LUT": 0,
      "util-FF": 0,
      "total-URAM": 0,
      "total-BRAM": 0,
      "total-DSP": 0,
      "total-LUT": 0,
      "total-FF": 0
    },
    "valid": false
  },
  "__PARA__L0-8.__PARA__L1-8.__PARA__L2-80.__PARA__L3-400.__PIPE__L0-NA.__PIPE__L2-NA": {
    "perf": 0.0,
    "point": {
      "__PIPE__L0": "",
      "__PARA__L0": 8,
      "__PARA__L1": 8,
      "__PIPE__L2": "",
      "__PARA__L2": 80,
      "__PARA__L3": 400
    },
    "res_util": {
      "util-URAM": 0,
      "util-BRAM": 0,
      "util-DSP": 0,
      "util-LUT": 0,
      "util-FF": 0,
      "total-URAM": 0,
      "total-BRAM": 0,
      "total-DSP": 0,
      "total-LUT": 0,
      "total-FF": 0
    },
    "valid": false
  },
  "__PARA__L0-8.__PARA__L1-8.__PARA__L2-100.__PARA__L3-400.__PIPE__L0-NA.__PIPE__L2-NA": {
    "perf": 0.0,
    "point": {
      "__PIPE__L0": "",
      "__PARA__L0": 8,
      "__PARA__L1": 8,
      "__PIPE__L2": "",
      "__PARA__L2": 100,
      "__PARA__L3": 400
    },
    "res_util": {
      "util-URAM": 0,
      "util-BRAM": 0,
      "util-DSP": 0,
      "util-LUT": 0,
      "util-FF": 0,
      "total-URAM": 0,
      "total-BRAM": 0,
      "total-DSP": 0,
      "total-LUT": 0,
      "total-FF": 0
    },
    "valid": false
  },
  "__PARA__L0-8.__PARA__L1-8.__PARA__L2-128.__PARA__L3-400.__PIPE__L0-NA.__PIPE__L2-NA": {
    "perf": 0.0,
    "point": {
      "__PIPE__L0": "",
      "__PARA__L0": 8,
      "__PARA__L1": 8,
      "__PIPE__L2": "",
      "__PARA__L2": 128,
      "__PARA__L3": 400
    },
    "res_util": {
      "util-URAM": 0,
      "util-BRAM": 0,
      "util-DSP": 0,
      "util-LUT": 0,
      "util-FF": 0,
      "total-URAM": 0,
      "total-BRAM": 0,
      "total-DSP": 0,
      "total-LUT": 0,
      "total-FF": 0
    },
    "valid": false
  },
  "__PARA__L0-8.__PARA__L1-8.__PARA__L2-200.__PARA__L3-400.__PIPE__L0-NA.__PIPE__L2-NA": {
    "perf": 0.0,
    "point": {
      "__PIPE__L0": "",
      "__PARA__L0": 8,
      "__PARA__L1": 8,
      "__PIPE__L2": "",
      "__PARA__L2": 200,
      "__PARA__L3": 400
    },
    "res_util": {
      "util-URAM": 0,
      "util-BRAM": 0,
      "util-DSP": 0,
      "util-LUT": 0,
      "util-FF": 0,
      "total-URAM": 0,
      "total-BRAM": 0,
      "total-DSP": 0,
      "total-LUT": 0,
      "total-FF": 0
    },
    "valid": false
  },
  "__PARA__L0-8.__PARA__L1-8.__PARA__L2-256.__PARA__L3-400.__PIPE__L0-NA.__PIPE__L2-NA": {
    "perf": 0.0,
    "point": {
      "__PIPE__L0": "",
      "__PARA__L0": 8,
      "__PARA__L1": 8,
      "__PIPE__L2": "",
      "__PARA__L2": 256,
      "__PARA__L3": 400
    },
    "res_util": {
      "util-URAM": 0,
      "util-BRAM": 0,
      "util-DSP": 0,
      "util-LUT": 0,
      "util-FF": 0,
      "total-URAM": 0,
      "total-BRAM": 0,
      "total-DSP": 0,
      "total-LUT": 0,
      "total-FF": 0
    },
    "valid": false
  },
  "__PARA__L0-8.__PARA__L1-8.__PARA__L2-400.__PARA__L3-400.__PIPE__L0-NA.__PIPE__L2-NA": {
    "perf": 0.0,
    "point": {
      "__PIPE__L0": "",
      "__PARA__L0": 8,
      "__PARA__L1": 8,
      "__PIPE__L2": "",
      "__PARA__L2": 400,
      "__PARA__L3": 400
    },
    "res_util": {
      "util-URAM": 0,
      "util-BRAM": 0,
      "util-DSP": 0,
      "util-LUT": 0,
      "util-FF": 0,
      "total-URAM": 0,
      "total-BRAM": 0,
      "total-DSP": 0,
      "total-LUT": 0,
      "total-FF": 0
    },
    "valid": false
  },
  "__PARA__L0-8.__PARA__L1-8.__PARA__L2-1.__PARA__L3-400.__PIPE__L0-NA.__PIPE__L2-off": {
    "perf": 293966.0,
    "point": {
      "__PIPE__L0": "",
      "__PARA__L0": 8,
      "__PARA__L1": 8,
      "__PIPE__L2": "off",
      "__PARA__L2": 1,
      "__PARA__L3": 400
    },
    "res_util": {
      "util-URAM": 0.0,
      "util-BRAM": 0.9925925925925926,
      "util-DSP": 0.8576998050682261,
      "util-LUT": 0.5163508819416249,
      "util-FF": 0.26041130960436687,
      "total-URAM": 0,
      "total-BRAM": 3216,
      "total-DSP": 4400,
      "total-LUT": 457838,
      "total-FF": 461803
    },
    "valid": true
  },
  "__PARA__L0-8.__PARA__L1-8.__PARA__L2-1.__PARA__L3-400.__PIPE__L0-NA.__PIPE__L2-   ": {
    "perf": 293966.0,
    "point": {
      "__PIPE__L0": "",
      "__PARA__L0": 8,
      "__PARA__L1": 8,
      "__PIPE__L2": "   ",
      "__PARA__L2": 1,
      "__PARA__L3": 400
    },
    "res_util": {
      "util-URAM": 0.0,
      "util-BRAM": 0.9925925925925926,
      "util-DSP": 0.8576998050682261,
      "util-LUT": 0.5163508819416249,
      "util-FF": 0.26041130960436687,
      "total-URAM": 0,
      "total-BRAM": 3216,
      "total-DSP": 4400,
      "total-LUT": 457838,
      "total-FF": 461803
    },
    "valid": true
  },
  "__PARA__L0-8.__PARA__L1-8.__PARA__L2-1.__PARA__L3-400.__PIPE__L0-off.__PIPE__L2-off": {
    "perf": 293966.0,
    "point": {
      "__PIPE__L0": "off",
      "__PARA__L0": 8,
      "__PARA__L1": 8,
      "__PIPE__L2": "off",
      "__PARA__L2": 1,
      "__PARA__L3": 400
    },
    "res_util": {
      "util-URAM": 0.0,
      "util-BRAM": 0.9925925925925926,
      "util-DSP": 0.8576998050682261,
      "util-LUT": 0.5163508819416249,
      "util-FF": 0.26041130960436687,
      "total-URAM": 0,
      "total-BRAM": 3216,
      "total-DSP": 4400,
      "total-LUT": 457838,
      "total-FF": 461803
    },
    "valid": true
  }
}