{
  "__PARA__L0-1.__PARA__L1-1.__PARA__L2-1.__PARA__L3-1.__PIPE__L0-NA.__PIPE__L2-NA": {
    "perf": 187354.0,
    "point": {
      "__PIPE__L0": "",
      "__PARA__L0": 1,
      "__PARA__L1": 1,
      "__PIPE__L2": "",
      "__PARA__L2": 1,
      "__PARA__L3": 1
    },
    "res_util": {
      "util-URAM": 0.0,
      "util-BRAM": 0.012345679012345678,
      "util-DSP": 0.0021442495126705653,
      "util-LUT": 0.002853340551269906,
      "util-FF": 0.0012450940587359588,
      "total-URAM": 0,
      "total-BRAM": 40,
      "total-DSP": 11,
      "total-LUT": 2530,
      "total-FF": 2208
    },
    "valid": true
  },
  "__PARA__L0-1.__PARA__L1-2.__PARA__L2-1.__PARA__L3-1.__PIPE__L0-NA.__PIPE__L2-NA": {
    "perf": 144160.0,
    "point": {
      "__PIPE__L0": "",
      "__PARA__L0": 1,
      "__PARA__L1": 2,
      "__PIPE__L2": "",
      "__PARA__L2": 1,
      "__PARA__L3": 1
    },
    "res_util": {
      "util-URAM": 0.0,
      "util-BRAM": 0.012345679012345678,
      "util-DSP": 0.0021442495126705653,
      "util-LUT": 0.0030405557811160736,
      "util-FF": 0.0014283619795191049,
      "total-URAM": 0,
      "total-BRAM": 40,
      "total-DSP": 11,
      "total-LUT": 2696,
      "total-FF": 2533
    },
    "valid": true
  },
  "__PARA__L0-1.__PARA__L1-3.__PARA__L2-1.__PARA__L3-1.__PIPE__L0-NA.__PIPE__L2-NA": {
    "perf": 129772.0,
    "point": {
      "__PIPE__L0": "",
      "__PARA__L0": 1,
      "__PARA__L1": 3,
      "__PIPE__L2": "",
      "__PARA__L2": 1,
      "__PARA__L3": 1
    },
    "res_util": {
      "util-URAM": 0.0,
      "util-BRAM": 0.03148148148148148,
      "util-DSP": 0.0021442495126705653,
      "util-LUT": 0.004153696936888167,
      "util-FF": 0.0019894437677628906,
      "total-URAM": 0,
      "total-BRAM": 102,
      "total-DSP": 11,
      "total-LUT": 3683,
      "total-FF": 3528
    },
    "valid": true
  },
  "__PARA__L0-1.__PARA__L1-4.__PARA__L2-1.__PARA__L3-1.__PIPE__L0-NA.__PIPE__L2-NA": {
    "perf": 122570.0,
    "point": {
      "__PIPE__L0": "",
      "__PARA__L0": 1,
      "__PARA__L1": 4,
      "__PIPE__L2": "",
      "__PARA__L2": 1,
      "__PARA__L3": 1
    },
    "res_util": {
      "util-URAM": 0.0,
      "util-BRAM": 0.021604938271604937,
      "util-DSP": 0.0021442495126705653,
      "util-LUT": 0.0035717508007398384,
      "util-FF": 0.0017706500654125503,
      "total-URAM": 0,
      "total-BRAM": 70,
      "total-DSP": 11,
      "total-LUT": 3167,
      "total-FF": 3140
    },
    "valid": true
  },
  "__PARA__L0-1.__PARA__L1-5.__PARA__L2-1.__PARA__L3-1.__PIPE__L0-NA.__PIPE__L2-NA": {
    "perf": 118256.0,
    "point": {
      "__PIPE__L0": "",
      "__PARA__L0": 1,
      "__PARA__L1": 5,
      "__PIPE__L2": "",
      "__PARA__L2": 1,
      "__PARA__L3": 1
    },
    "res_util": {
      "util-URAM": 0.006944444444444444,
      "util-BRAM": 0.001851851851851852,
      "util-DSP": 0.0021442495126705653,
      "util-LUT": 0.004552939053548067,
      "util-FF": 0.00242308386340055,
      "total-URAM": 5,
      "total-BRAM": 6,
      "total-DSP": 11,
      "total-LUT": 4037,
      "total-FF": 4297
    },
    "valid": true
  },
  "__PARA__L0-1.__PARA__L1-6.__PARA__L2-1.__PARA__L3-1.__PIPE__L0-NA.__PIPE__L2-NA": {
    "perf": 115384.0,
    "point": {
      "__PIPE__L0": "",
      "__PARA__L0": 1,
      "__PARA__L1": 6,
      "__PIPE__L2": "",
      "__PARA__L2": 1,
      "__PARA__L3": 1
    },
    "res_util": {
      "util-URAM": 0.0,
      "util-BRAM": 0.03148148148148148,
      "util-DSP": 0.0021442495126705653,
      "util-LUT": 0.004346551179681509,
      "util-FF": 0.0024636847566202012,
      "total-URAM": 0,
      "total-BRAM": 102,
      "total-DSP": 11,
      "total-LUT": 3854,
      "total-FF": 4369
    },
    "valid": true
  },
  "__PARA__L0-1.__PARA__L1-8.__PARA__L2-1.__PARA__L3-1.__PIPE__L0-NA.__PIPE__L2-NA": {
    "perf": 111773.0,
    "point": {
      "__PIPE__L0": "",
      "__PARA__L0": 1,
      "__PARA__L1": 8,
      "__PIPE__L2": "",
      "__PARA__L2": 1,
      "__PARA__L3": 1
    },
    "res_util": {
      "util-URAM": 0.005555555555555556,
      "util-BRAM": 0.001851851851851852,
      "util-DSP": 0.0042884990253411305,
      "util-LUT": 0.004860829160463752,
      "util-FF": 0.0028894302341318174,
      "total-URAM": 4,
      "total-BRAM": 6,
      "total-DSP": 22,
      "total-LUT": 4310,
      "total-FF": 5124
    },
    "valid": true
  },
  "__PARA__L0-1.__PARA__L1-10.__PARA__L2-1.__PARA__L3-1.__PIPE__L0-NA.__PIPE__L2-NA": {
    "perf": 109626.0,
    "point": {
      "__PIPE__L0": "",
      "__PARA__L0": 1,
      "__PARA__L1": 10,
      "__PIPE__L2": "",
      "__PARA__L2": 1,
      "__PARA__L3": 1
    },
    "res_util": {
      "util-URAM": 0.006944444444444444,
      "util-BRAM": 0.001851851851851852,
      "util-DSP": 0.0042884990253411305,
      "util-LUT": 0.005792394099336852,
      "util-FF": 0.0036563359949474445,
      "total-URAM": 5,
      "total-BRAM": 6,
      "total-DSP": 22,
      "total-LUT": 5136,
      "total-FF": 6484
    },
    "valid": true
  },
  "__PARA__L0-1.__PARA__L1-12.__PARA__L2-1.__PARA__L3-1.__PIPE__L0-NA.__PIPE__L2-NA": {
    "perf": 108188.0,
    "point": {
      "__PIPE__L0": "",
      "__PARA__L0": 1,
      "__PARA__L1": 12,
      "__PIPE__L2": "",
      "__PARA__L2": 1,
      "__PARA__L3": 1
    },
    "res_util": {
      "util-URAM": 0.008333333333333333,
      "util-BRAM": 0.001851851851851852,
      "util-DSP": 0.0042884990253411305,
      "util-LUT": 0.006052916497496278,
      "util-FF": 0.004055014210312627,
      "total-URAM": 6,
      "total-BRAM": 6,
      "total-DSP": 22,
      "total-LUT": 5367,
      "total-FF": 7191
    },
    "valid": true
  },
  "__PARA__L0-1.__PARA__L1-15.__PARA__L2-1.__PARA__L3-1.__PIPE__L0-NA.__PIPE__L2-NA": {
    "perf": 106744.0,
    "point": {
      "__PIPE__L0": "",
      "__PARA__L0": 1,
      "__PARA__L1": 15,
      "__PIPE__L2": "",
      "__PARA__L2": 1,
      "__PARA__L3": 1
    },
    "res_util": {
      "util-URAM": 0.0,
      "util-BRAM": 0.020370370370370372,
      "util-DSP": 0.006432748538011696,
      "util-LUT": 0.008384084449857897,
      "util-FF": 0.005523977083051383,
      "total-URAM": 0,
      "total-BRAM": 66,
      "total-DSP": 33,
      "total-LUT": 7434,
      "total-FF": 9796
    },
    "valid": true
  },
  "__PARA__L0-1.__PARA__L1-16.__PARA__L2-1.__PARA__L3-1.__PIPE__L0-NA.__PIPE__L2-NA": {
    "perf": 157606.0,
    "point": {
      "__PIPE__L0": "",
      "__PARA__L0": 1,
      "__PARA__L1": 16,
      "__PIPE__L2": "",
      "__PARA__L2": 1,
      "__PARA__L3": 1
    },
    "res_util": {
      "util-URAM": 0.011111111111111112,
      "util-BRAM": 0.001851851851851852,
      "util-DSP": 0.0027290448343079924,
      "util-LUT": 0.0062344927143952724,
      "util-FF": 0.0035057743492579057,
      "total-URAM": 8,
      "total-BRAM": 6,
      "total-DSP": 14,
      "total-LUT": 5528,
      "total-FF": 6217
    },
    "valid": true
  },
  "__PARA__L0-1.__PARA__L1-20.__PARA__L2-1.__PARA__L3-1.__PIPE__L0-NA.__PIPE__L2-NA": {
    "perf": 105306.0,
    "point": {
      "__PIPE__L0": "",
      "__PARA__L0": 1,
      "__PARA__L1": 20,
      "__PIPE__L2": "",
      "__PARA__L2": 1,
      "__PARA__L3": 1
    },
    "res_util": {
      "util-URAM": 0.013888888888888888,
      "util-BRAM": 0.001851851851851852,
      "util-DSP": 0.008576998050682261,
      "util-LUT": 0.00892655749537601,
      "util-FF": 0.0063952045833897235,
      "total-URAM": 10,
      "total-BRAM": 6,
      "total-DSP": 44,
      "total-LUT": 7915,
      "total-FF": 11341
    },
    "valid": true
  },
  "__PARA__L0-1.__PARA__L1-24.__PARA__L2-1.__PARA__L3-1.__PIPE__L0-NA.__PIPE__L2-NA": {
    "perf": 104595.0,
    "point": {
      "__PIPE__L0": "",
      "__PARA__L0": 1,
      "__PARA__L1": 24,
      "__PIPE__L2": "",
      "__PARA__L2": 1,
      "__PARA__L3": 1
    },
    "res_util": {
      "util-URAM": 0.016666666666666666,
      "util-BRAM": 0.001851851851851852,
      "util-DSP": 0.008576998050682261,
      "util-LUT": 0.009455496909820905,
      "util-FF": 0.007083728064239635,
      "total-URAM": 12,
      "total-BRAM": 6,
      "total-DSP": 44,
      "total-LUT": 8384,
      "total-FF": 12562
    },
    "valid": true
  },
  "__PARA__L0-1.__PARA__L1-30.__PARA__L2-1.__PARA__L3-1.__PIPE__L0-NA.__PIPE__L2-NA": {
    "perf": 103874.0,
    "point": {
      "__PIPE__L0": "",
      "__PARA__L0": 1,
      "__PARA__L1": 30,
      "__PIPE__L2": "",
      "__PARA__L2": 1,
      "__PARA__L3": 1
    },
    "res_util": {
      "util-URAM": 0.0,
      "util-BRAM": 0.020370370370370372,
      "util-DSP": 0.010721247563352826,
      "util-LUT": 0.010967880182252898,
      "util-FF": 0.008700996977489061,
      "total-URAM": 0,
      "total-BRAM": 66,
      "total-DSP": 55,
      "total-LUT": 9725,
      "total-FF": 15430
    },
    "valid": true
  },
  "__PARA__L0-1.__PARA__L1-32.__PARA__L2-1.__PARA__L3-1.__PIPE__L0-NA.__PIPE__L2-NA": {
    "perf": 129306.0,
    "point": {
      "__PIPE__L0": "",
      "__PARA__L0": 1,
      "__PARA__L1": 32,
      "__PIPE__L2": "",
      "__PARA__L2": 1,
      "__PARA__L3": 1
    },
    "res_util": {
      "util-URAM": 0.0,
      "util-BRAM": 0.021604938271604937,
      "util-DSP": 0.0027290448343079924,
      "util-LUT": 0.00788559570532774,
      "util-FF": 0.00511684034826544,
      "total-URAM": 0,
      "total-BRAM": 70,
      "total-DSP": 14,
      "total-LUT": 6992,
      "total-FF": 9074
    },
    "valid": true
  },
  "__PARA__L0-1.__PARA__L1-40.__PARA__L2-1.__PARA__L3-1.__PIPE__L0-NA.__PIPE__L2-NA": {
    "perf": 103159.0,
    "point": {
      "__PIPE__L0": "",
      "__PARA__L0": 1,
      "__PARA__L1": 40,
      "__PIPE__L2": "",
      "__PARA__L2": 1,
      "__PARA__L3": 1
    },
    "res_util": {
      "util-URAM": 0.0,
      "util-BRAM": 0.02654320987654321,
      "util-DSP": 0.015009746588693957,
      "util-LUT": 0.014053548066946362,
      "util-FF": 0.011376708620922993,
      "total-URAM": 0,
      "total-BRAM": 86,
      "total-DSP": 77,
      "total-LUT": 12461,
      "total-FF": 20175
    },
    "valid": true
  },
  "__PARA__L0-1.__PARA__L1-60.__PARA__L2-1.__PARA__L3-1.__PIPE__L0-NA.__PIPE__L2-NA": {
    "perf": 102432.0,
    "point": {
      "__PIPE__L0": "",
      "__PARA__L0": 1,
      "__PARA__L1": 60,
      "__PIPE__L2": "",
      "__PARA__L2": 1,
      "__PARA__L3": 1
    },
    "res_util": {
      "util-URAM": 0.0,
      "util-BRAM": 0.07592592592592592,
      "util-DSP": 0.021442495126705652,
      "util-LUT": 0.029022871836513735,
      "util-FF": 0.018383746109081067,
      "total-URAM": 0,
      "total-BRAM": 246,
      "total-DSP": 110,
      "total-LUT": 25734,
      "total-FF": 32601
    },
    "valid": true
  },
  "__PARA__L0-1.__PARA__L1-64.__PARA__L2-1.__PARA__L3-1.__PIPE__L0-NA.__PIPE__L2-NA": {
    "perf": 119959.0,
    "point": {
      "__PIPE__L0": "",
      "__PARA__L0": 1,
      "__PARA__L1": 64,
      "__PIPE__L2": "",
      "__PARA__L2": 1,
      "__PARA__L3": 1
    },
    "res_util": {
      "util-URAM": 0.0,
      "util-BRAM": 0.07592592592592592,
      "util-DSP": 0.0027290448343079924,
      "util-LUT": 0.02077186809220914,
      "util-FF": 0.011543623404159336,
      "total-URAM": 0,
      "total-BRAM": 246,
      "total-DSP": 14,
      "total-LUT": 18418,
      "total-FF": 20471
    },
    "valid": true
  },
  "__PARA__L0-1.__PARA__L1-120.__PARA__L2-1.__PARA__L3-1.__PIPE__L0-NA.__PIPE__L2-NA": {
    "perf": 101165.0,
    "point": {
      "__PIPE__L0": "",
      "__PARA__L0": 1,
      "__PARA__L1": 120,
      "__PIPE__L2": "",
      "__PARA__L2": 1,
      "__PARA__L3": 1
    },
    "res_util": {
      "util-URAM": 0.0,
      "util-BRAM": 0.07654320987654321,
      "util-DSP": 0.2573099415204678,
      "util-LUT": 0.12041548247394776,
      "util-FF": 0.0741496368475662,
      "total-URAM": 0,
      "total-BRAM": 248,
      "total-DSP": 1320,
      "total-LUT": 106770,
      "total-FF": 131494
    },
    "valid": true
  },
  "__PARA__L0-1.__PARA__L1-120.__PARA__L2-1.__PARA__L3-2.__PIPE__L0-NA.__PIPE__L2-NA": {
    "perf": 57971.0,
    "point": {
      "__PIPE__L0": "",
      "__PARA__L0": 1,
      "__PARA__L1": 120,
      "__PIPE__L2": "",
      "__PARA__L2": 1,
      "__PARA__L3": 2
    },
    "res_util": {
      "util-URAM": 0.0,
      "util-BRAM": 0.07654320987654321,
      "util-DSP": 0.2573099415204678,
      "util-LUT": 0.12251770650065412,
      "util-FF": 0.07436166373437994,
      "total-URAM": 0,
      "total-BRAM": 248,
      "total-DSP": 1320,
      "total-LUT": 108634,
      "total-FF": 131870
    },
    "valid": true
  },
  "__PARA__L0-1.__PARA__L1-120.__PARA__L2-1.__PARA__L3-3.__PIPE__L0-NA.__PIPE__L2-NA": {
    "perf": 43585.0,
    "point": {
      "__PIPE__L0": "",
      "__PARA__L0": 1,
      "__PARA__L1": 120,
      "__PIPE__L2": "",
      "__PARA__L2": 1,
      "__PARA__L3": 3
    },
    "res_util": {
      "util-URAM": 0.0,
      "util-BRAM": 0.001851851851851852,
      "util-DSP": 0.2573099415204678,
      "util-LUT": 0.16372197410565253,
      "util-FF": 0.0878377768755357,
      "total-URAM": 0,
      "total-BRAM": 6,
      "total-DSP": 1320,
      "total-LUT": 145169,
      "total-FF": 155768
    },
    "valid": true
  },
  "__PARA__L0-1.__PARA__L1-120.__PARA__L2-1.__PARA__L3-4.__PIPE__L0-NA.__PIPE__L2-NA": {
    "perf": 36381.0,
    "point": {
      "__PIPE__L0": "",
      "__PARA__L0": 1,
      "__PARA__L1": 120,
      "__PIPE__L2": "",
      "__PARA__L2": 1,
      "__PARA__L3": 4
    },
    "res_util": {
      "util-URAM": 0.0,
      "util-BRAM": 0.001851851851851852,
      "util-DSP": 0.2573099415204678,
      "util-LUT": 0.15871114720079396,
      "util-FF": 0.08358144990300898,
      "total-URAM": 0,
      "total-BRAM": 6,
      "total-DSP": 1320,
      "total-LUT": 140726,
      "total-FF": 148220
    },
    "valid": true
  },
  "__PARA__L0-1.__PARA__L1-120.__PARA__L2-1.__PARA__L3-5.__PIPE__L0-NA.__PIPE__L2-NA": {
    "perf": 32070.0,
    "point": {
      "__PIPE__L0": "",
      "__PARA__L0": 1,
      "__PARA__L1": 120,
      "__PIPE__L2": "",
      "__PARA__L2": 1,
      "__PARA__L3": 5
    },
    "res_util": {
      "util-URAM": 0.0,
      "util-BRAM": 0.001851851851851852,
      "util-DSP": 0.2573099415204678,
      "util-LUT": 0.19855077367257634,
      "util-FF": 0.0968968511751703,
      "total-URAM": 0,
      "total-BRAM": 6,
      "total-DSP": 1320,
      "total-LUT": 176051,
      "total-FF": 171833
    },
    "valid": true
  },
  "__PARA__L0-1.__PARA__L1-120.__PARA__L2-1.__PARA__L3-6.__PIPE__L0-NA.__PIPE__L2-NA": {
    "perf": 29197.0,
    "point": {
      "__PIPE__L0": "",
      "__PARA__L0": 1,
      "__PARA__L1": 120,
      "__PIPE__L2": "",
      "__PARA__L2": 1,
      "__PARA__L3": 6
    },
    "res_util": {
      "util-URAM": 0.0,
      "util-BRAM": 0.001851851851851852,
      "util-DSP": 0.2573099415204678,
      "util-LUT": 0.16960008120178643,
      "util-FF": 0.08830863445662471,
      "total-URAM": 0,
      "total-BRAM": 6,
      "total-DSP": 1320,
      "total-LUT": 150381,
      "total-FF": 156603
    },
    "valid": true
  },
  "__PARA__L0-1.__PARA__L1-120.__PARA__L2-1.__PARA__L3-8.__PIPE__L0-NA.__PIPE__L2-NA": {
    "perf": 25586.0,
    "point": {
      "__PIPE__L0": "",
      "__PARA__L0": 1,
      "__PARA__L1": 120,
      "__PIPE__L2": "",
      "__PARA__L2": 1,
      "__PARA__L3": 8
    },
    "res_util": {
      "util-URAM": 0.0,
      "util-BRAM": 0.001851851851851852,
      "util-DSP": 0.2573099415204678,
      "util-LUT": 0.1900516533585961,
      "util-FF": 0.09306514187756575,
      "total-URAM": 0,
      "total-BRAM": 6,
      "total-DSP": 1320,
      "total-LUT": 168515,
      "total-FF": 165038
    },
    "valid": true
  },
  "__PARA__L0-1.__PARA__L1-120.__PARA__L2-1.__PARA__L3-10.__PIPE__L0-NA.__PIPE__L2-NA": {
    "perf": 23440.0,
    "point": {
      "__PIPE__L0": "",
      "__PARA__L0": 1,
      "__PARA__L1": 120,
      "__PIPE__L2": "",
      "__PARA__L2": 1,
      "__PARA__L3": 10
    },
    "res_util": {
      "util-URAM": 0.0,
      "util-BRAM": 0.001851851851851852,
      "util-DSP": 0.2573099415204678,
      "util-LUT": 0.20847318085442323,
      "util-FF": 0.09769477150719538,
      "total-URAM": 0,
      "total-BRAM": 6,
      "total-DSP": 1320,
      "total-LUT": 184849,
      "total-FF": 173248
    },
    "valid": true
  },
  "__PARA__L0-1.__PARA__L1-120.__PARA__L2-1.__PARA__L3-12.__PIPE__L0-NA.__PIPE__L2-NA": {
    "perf": 22002.0,
    "point": {
      "__PIPE__L0": "",
      "__PARA__L0": 1,
      "__PARA__L1": 120,
      "__PIPE__L2": "",
      "__PARA__L2": 1,
      "__PARA__L3": 12
    },
    "res_util": {
      "util-URAM": 0.0,
      "util-BRAM": 0.001851851851851852,
      "util-DSP": 0.2573099415204678,
      "util-LUT": 0.2273695132404024,
      "util-FF": 0.10237966346370732,
      "total-URAM": 0,
      "total-BRAM": 6,
      "total-DSP": 1320,
      "total-LUT": 201604,
      "total-FF": 181556
    },
    "valid": true
  },
  "__PARA__L0-1.__PARA__L1-120.__PARA__L2-1.__PARA__L3-15.__PIPE__L0-NA.__PIPE__L2-NA": {
    "perf": 20558.0,
    "point": {
      "__PIPE__L0": "",
      "__PARA__L0": 1,
      "__PARA__L1": 120,
      "__PIPE__L2": "",
      "__PARA__L2": 1,
      "__PARA__L3": 15
    },
    "res_util": {
      "util-URAM": 0.0,
      "util-BRAM": 0.001851851851851852,
      "util-DSP": 0.2573099415204678,
      "util-LUT": 0.3668832047638381,
      "util-FF": 0.14217643343709116,
      "total-URAM": 0,
      "total-BRAM": 6,
      "total-DSP": 1320,
      "total-LUT": 325308,
      "total-FF": 252130
    },
    "valid": true
  },
  "__PARA__L0-1.__PARA__L1-120.__PARA__L2-1.__PARA__L3-16.__PIPE__L0-NA.__PIPE__L2-NA": {
    "perf": 81006.0,
    "point": {
      "__PIPE__L0": "",
      "__PARA__L0": 1,
      "__PARA__L1": 120,
      "__PIPE__L2": "",
      "__PARA__L2": 1,
      "__PARA__L3": 16
    },
    "res_util": {
      "util-URAM": 0.0,
      "util-BRAM": 0.001851851851851852,
      "util-DSP": 0.2573099415204678,
      "util-LUT": 0.2675474804890152,
      "util-FF": 0.11145283529570985,
      "total-URAM": 0,
      "total-BRAM": 6,
      "total-DSP": 1320,
      "total-LUT": 237229,
      "total-FF": 197646
    },
    "valid": true
  },
  "__PARA__L0-1.__PARA__L1-120.__PARA__L2-1.__PARA__L3-20.__PIPE__L0-NA.__PIPE__L2-NA": {
    "perf": 19120.0,
    "point": {
      "__PIPE__L0": "",
      "__PARA__L0": 1,
      "__PARA__L1": 120,
      "__PIPE__L2": "",
      "__PARA__L2": 1,
      "__PARA__L3": 20
    },
    "res_util": {
      "util-URAM": 0.0,
      "util-BRAM": 0.001851851851851852,
      "util-DSP": 0.2573099415204678,
      "util-LUT": 0.30368340325709386,
      "util-FF": 0.12110005864573466,
      "total-URAM": 0,
      "total-BRAM": 6,
      "total-DSP": 1320,
      "total-LUT": 269270,
      "total-FF": 214754
    },
    "valid": true
  },
  "__PARA__L0-1.__PARA__L1-120.__PARA__L2-1.__PARA__L3-24.__PIPE__L0-NA.__PIPE__L2-NA": {
    "perf": 18409.0,
    "point": {
      "__PIPE__L0": "",
      "__PARA__L0": 1,
      "__PARA__L1": 120,
      "__PIPE__L2": "",
      "__PARA__L2": 1,
      "__PARA__L3": 24
    },
    "res_util": {
      "util-URAM": 0.0,
      "util-BRAM": 0.001851851851851852,
      "util-DSP": 0.2573099415204678,
      "util-LUT": 0.34161817115532095,
      "util-FF": 0.13041345242928679,
      "total-URAM": 0,
      "total-BRAM": 6,
      "total-DSP": 1320,
      "total-LUT": 302906,
      "total-FF": 231270
    },
    "valid": true
  },
  "__PARA__L0-1.__PARA__L1-120.__PARA__L2-1.__PARA__L3-30.__PIPE__L0-NA.__PIPE__L2-NA": {
    "perf": 17688.0,
    "point": {
      "__PIPE__L0": "",
      "__PARA__L0": 1,
      "__PARA__L1": 120,
      "__PIPE__L2": "",
      "__PARA__L2": 1,
      "__PARA__L3": 30
    },
    "res_util": {
      "util-URAM": 0.0,
      "util-BRAM": 0.001851851851851852,
      "util-DSP": 0.2573099415204678,
      "util-LUT": 0.39635268642576804,
      "util-FF": 0.14441737718229802,
      "total-URAM": 0,
      "total-BRAM": 6,
      "total-DSP": 1320,
      "total-LUT": 351438,
      "total-FF": 256104
    },
    "valid": true
  },
  "__PARA__L0-1.__PARA__L1-120.__PARA__L2-1.__PARA__L3-32.__PIPE__L0-NA.__PIPE__L2-NA": {
    "perf": 52686.0,
    "point": {
      "__PIPE__L0": "",
      "__PARA__L0": 1,
      "__PARA__L1": 120,
      "__PIPE__L2": "",
      "__PARA__L2": 1,
      "__PARA__L3": 32
    },
    "res_util": {
      "util-URAM": 0.0,
      "util-BRAM": 0.001851851851851852,
      "util-DSP": 0.2573099415204678,
      "util-LUT": 0.41845536157351015,
      "util-FF": 0.14845096314341139,
      "total-URAM": 0,
      "total-BRAM": 6,
      "total-DSP": 1320,
      "total-LUT": 371036,
      "total-FF": 263257
    },
    "valid": true
  },
  "__PARA__L0-1.__PARA__L1-120.__PARA__L2-1.__PARA__L3-40.__PIPE__L0-NA.__PIPE__L2-NA": {
    "perf": 0.0,
    "point": {
      "__PIPE__L0": "",
      "__PARA__L0": 1,
      "__PARA__L1": 120,
      "__PIPE__L2": "",
      "__PARA__L2": 1,
      "__PARA__L3": 40
    },
    "res_util": {
      "util-URAM": 0,
      "util-BRAM": 0,
      "util-DSP": 0,
      "util-LUT": 0,
      "util-FF": 0,
      "total-URAM": 0,
      "total-BRAM": 0,
      "total-DSP": 0,
      "total-LUT": 0,
      "total-FF": 0
    },
    "valid": false
  },
  "__PARA__L0-1.__PARA__L1-120.__PARA__L2-1.__PARA__L3-60.__PIPE__L0-NA.__PIPE__L2-NA": {
    "perf": 0.0,
    "point": {
      "__PIPE__L0": "",
      "__PARA__L0": 1,
      "__PARA__L1": 120,
      "__PIPE__L2": "",
      "__PARA__L2": 1,
      "__PARA__L3": 60
    },
    "res_util": {
      "util-URAM": 0,
      "util-BRAM": 0,
      "util-DSP": 0,
      "util-LUT": 0,
      "util-FF": 0,
      "total-URAM": 0,
      "total-BRAM": 0,
      "total-DSP": 0,
      "total-LUT": 0,
      "total-FF": 0
    },
    "valid": false
  },
  "__PARA__L0-1.__PARA__L1-120.__PARA__L2-1.__PARA__L3-64.__PIPE__L0-NA.__PIPE__L2-NA": {
    "perf": 0.0,
    "point": {
      "__PIPE__L0": "",
      "__PARA__L0": 1,
      "__PARA__L1": 120,
      "__PIPE__L2": "",
      "__PARA__L2": 1,
      "__PARA__L3": 64
    },
    "res_util": {
      "util-URAM": 0,
      "util-BRAM": 0,
      "util-DSP": 0,
      "util-LUT": 0,
      "util-FF": 0,
      "total-URAM": 0,
      "total-BRAM": 0,
      "total-DSP": 0,
      "total-LUT": 0,
      "total-FF": 0
    },
    "valid": false
  },
  "__PARA__L0-1.__PARA__L1-120.__PARA__L2-1.__PARA__L3-120.__PIPE__L0-NA.__PIPE__L2-NA": {
    "perf": 0.0,
    "point": {
      "__PIPE__L0": "",
      "__PARA__L0": 1,
      "__PARA__L1": 120,
      "__PIPE__L2": "",
      "__PARA__L2": 1,
      "__PARA__L3": 120
    },
    "res_util": {
      "util-URAM": 0,
      "util-BRAM": 0,
      "util-DSP": 0,
      "util-LUT": 0,
      "util-FF": 0,
      "total-URAM": 0,
      "total-BRAM": 0,
      "total-DSP": 0,
      "total-LUT": 0,
      "total-FF": 0
    },
    "valid": false
  },
  "__PARA__L0-1.__PARA__L1-120.__PARA__L2-2.__PARA__L3-30.__PIPE__L0-NA.__PIPE__L2-NA": {
    "perf": 23165.0,
    "point": {
      "__PIPE__L0": "",
      "__PARA__L0": 1,
      "__PARA__L1": 120,
      "__PIPE__L2": "",
      "__PARA__L2": 2,
      "__PARA__L3": 30
    },
    "res_util": {
      "util-URAM": 0.0,
      "util-BRAM": 0.001851851851851852,
      "util-DSP": 0.2573099415204678,
      "util-LUT": 0.39509067532819053,
      "util-FF": 0.14873009428429648,
      "total-URAM": 0,
      "total-BRAM": 6,
      "total-DSP": 1320,
      "total-LUT": 350319,
      "total-FF": 263752
    },
    "valid": true
  },
  "__PARA__L0-1.__PARA__L1-120.__PARA__L2-3.__PARA__L3-30.__PIPE__L0-NA.__PIPE__L2-NA": {
    "perf": 0.0,
    "point": {
      "__PIPE__L0": "",
      "__PARA__L0": 1,
      "__PARA__L1": 120,
      "__PIPE__L2": "",
      "__PARA__L2": 3,
      "__PARA__L3": 30
    },
    "res_util": {
      "util-URAM": 0,
      "util-BRAM": 0,
      "util-DSP": 0,
      "util-LUT": 0,
      "util-FF": 0,
      "total-URAM": 0,
      "total-BRAM": 0,
      "total-DSP": 0,
      "total-LUT": 0,
      "total-FF": 0
    },
    "valid": false
  },
  "__PARA__L0-1.__PARA__L1-120.__PARA__L2-4.__PARA__L3-30.__PIPE__L0-NA.__PIPE__L2-NA": {
    "perf": 23105.0,
    "point": {
      "__PIPE__L0": "",
      "__PARA__L0": 1,
      "__PARA__L1": 120,
      "__PIPE__L2": "",
      "__PARA__L2": 4,
      "__PARA__L3": 30
    },
    "res_util": {
      "util-URAM": 0.0,
      "util-BRAM": 0.001851851851851852,
      "util-DSP": 0.2573099415204678,
      "util-LUT": 0.40071277123652277,
      "util-FF": 0.15765721568096722,
      "total-URAM": 0,
      "total-BRAM": 6,
      "total-DSP": 1320,
      "total-LUT": 355304,
      "total-FF": 279583
    },
    "valid": true
  },
  "__PARA__L0-1.__PARA__L1-120.__PARA__L2-5.__PARA__L3-30.__PIPE__L0-NA.__PIPE__L2-NA": {
    "perf": 0.0,
    "point": {
      "__PIPE__L0": "",
      "__PARA__L0": 1,
      "__PARA__L1": 120,
      "__PIPE__L2": "",
      "__PARA__L2": 5,
      "__PARA__L3": 30
    },
    "res_util": {
      "util-URAM": 0,
      "util-BRAM": 0,
      "util-DSP": 0,
      "util-LUT": 0,
      "util-FF": 0,
      "total-URAM": 0,
      "total-BRAM": 0,
      "total-DSP": 0,
      "total-LUT": 0,
      "total-FF": 0
    },
    "valid": false
  },
  "__PARA__L0-1.__PARA__L1-120.__PARA__L2-6.__PARA__L3-30.__PIPE__L0-NA.__PIPE__L2-NA": {
    "perf": 23085.0,
    "point": {
      "__PIPE__L0": "",
      "__PARA__L0": 1,
      "__PARA__L1": 120,
      "__PIPE__L2": "",
      "__PARA__L2": 6,
      "__PARA__L3": 30
    },
    "res_util": {
      "util-URAM": 0.0,
      "util-BRAM": 0.0024691358024691358,
      "util-DSP": 0.2573099415204678,
      "util-LUT": 0.5903155591645238,
      "util-FF": 0.1665832092750485,
      "total-URAM": 0,
      "total-BRAM": 8,
      "total-DSP": 1320,
      "total-LUT": 523421,
      "total-FF": 295412
    },
    "valid": true
  },
  "__PARA__L0-1.__PARA__L1-120.__PARA__L2-8.__PARA__L3-30.__PIPE__L0-NA.__PIPE__L2-NA": {
    "perf": 23075.0,
    "point": {
      "__PIPE__L0": "",
      "__PARA__L0": 1,
      "__PARA__L1": 120,
      "__PIPE__L2": "",
      "__PARA__L2": 8,
      "__PARA__L3": 30
    },
    "res_util": {
      "util-URAM": 0.0,
      "util-BRAM": 0.0024691358024691358,
      "util-DSP": 0.2573099415204678,
      "util-LUT": 0.40530518338070104,
      "util-FF": 0.1755063833626562,
      "total-URAM": 0,
      "total-BRAM": 8,
      "total-DSP": 1320,
      "total-LUT": 359376,
      "total-FF": 311236
    },
    "valid": true
  },
  "__PARA__L0-1.__PARA__L1-120.__PARA__L2-10.__PARA__L3-30.__PIPE__L0-NA.__PIPE__L2-NA": {
    "perf": 0.0,
    "point": {
      "__PIPE__L0": "",
      "__PARA__L0": 1,
      "__PARA__L1": 120,
      "__PIPE__L2": "",
      "__PARA__L2": 10,
      "__PARA__L3": 30
    },
    "res_util": {
      "util-URAM": 0,
      "util-BRAM": 0,
      "util-DSP": 0,
      "util-LUT": 0,
      "util-FF": 0,
      "total-URAM": 0,
      "total-BRAM": 0,
      "total-DSP": 0,
      "total-LUT": 0,
      "total-FF": 0
    },
    "valid": false
  },
  "__PARA__L0-1.__PARA__L1-120.__PARA__L2-12.__PARA__L3-30.__PIPE__L0-NA.__PIPE__L2-NA": {
    "perf": 23065.0,
    "point": {
      "__PIPE__L0": "",
      "__PARA__L0": 1,
      "__PARA__L1": 120,
      "__PIPE__L2": "",
      "__PARA__L2": 12,
      "__PARA__L3": 30
    },
    "res_util": {
      "util-URAM": 0.0,
      "util-BRAM": 0.0024691358024691358,
      "util-DSP": 0.2573099415204678,
      "util-LUT": 0.5984988947534624,
      "util-FF": 0.19339953534533316,
      "total-URAM": 0,
      "total-BRAM": 8,
      "total-DSP": 1320,
      "total-LUT": 530677,
      "total-FF": 342967
    },
    "valid": true
  },
  "__PARA__L0-1.__PARA__L1-120.__PARA__L2-15.__PARA__L3-30.__PIPE__L0-NA.__PIPE__L2-NA": {
    "perf": 0.0,
    "point": {
      "__PIPE__L0": "",
      "__PARA__L0": 1,
      "__PARA__L1": 120,
      "__PIPE__L2": "",
      "__PARA__L2": 15,
      "__PARA__L3": 30
    },
    "res_util": {
      "util-URAM": 0,
      "util-BRAM": 0,
      "util-DSP": 0,
      "util-LUT": 0,
      "util-FF": 0,
      "total-URAM": 0,
      "total-BRAM": 0,
      "total-DSP": 0,
      "total-LUT": 0,
      "total-FF": 0
    },
    "valid": false
  },
  "__PARA__L0-1.__PARA__L1-120.__PARA__L2-16.__PARA__L3-30.__PIPE__L0-NA.__PIPE__L2-NA": {
    "perf": 23638.0,
    "point": {
      "__PIPE__L0": "",
      "__PARA__L0": 1,
      "__PARA__L1": 120,
      "__PIPE__L2": "",
      "__PARA__L2": 16,
      "__PARA__L3": 30
    },
    "res_util": {
      "util-URAM": 0.0,
      "util-BRAM": 0.0024691358024691358,
      "util-DSP": 0.2573099415204678,
      "util-LUT": 0.421145170749312,
      "util-FF": 0.21120584652862362,
      "total-URAM": 0,
      "total-BRAM": 8,
      "total-DSP": 1320,
      "total-LUT": 373421,
      "total-FF": 374544
    },
    "valid": true
  },
  "__PARA__L0-1.__PARA__L1-120.__PARA__L2-20.__PARA__L3-30.__PIPE__L0-NA.__PIPE__L2-NA": {
    "perf": 23057.0,
    "point": {
      "__PIPE__L0": "",
      "__PARA__L0": 1,
      "__PARA__L1": 120,
      "__PIPE__L2": "",
      "__PARA__L2": 20,
      "__PARA__L3": 30
    },
    "res_util": {
      "util-URAM": 0.0,
      "util-BRAM": 0.0024691358024691358,
      "util-DSP": 0.2573099415204678,
      "util-LUT": 0.7105077367257635,
      "util-FF": 0.229177944692561,
      "total-URAM": 0,
      "total-BRAM": 8,
      "total-DSP": 1320,
      "total-LUT": 629993,
      "total-FF": 406415
    },
    "valid": true
  },
  "__PARA__L0-1.__PARA__L1-120.__PARA__L2-24.__PARA__L3-30.__PIPE__L0-NA.__PIPE__L2-NA": {
    "perf": 23055.0,
    "point": {
      "__PIPE__L0": "",
      "__PARA__L0": 1,
      "__PARA__L1": 120,
      "__PIPE__L2": "",
      "__PARA__L2": 24,
      "__PARA__L3": 30
    },
    "res_util": {
      "util-URAM": 0.0,
      "util-BRAM": 0.0024691358024691358,
      "util-DSP": 0.2573099415204678,
      "util-LUT": 0.5995376009383317,
      "util-FF": 0.24706320205711194,
      "total-URAM": 0,
      "total-BRAM": 8,
      "total-DSP": 1320,
      "total-LUT": 531598,
      "total-FF": 438132
    },
    "valid": true
  },
  "__PARA__L0-1.__PARA__L1-120.__PARA__L2-30.__PARA__L3-30.__PIPE__L0-NA.__PIPE__L2-NA": {
    "perf": 0.0,
    "point": {
      "__PIPE__L0": "",
      "__PARA__L0": 1,
      "__PARA__L1": 120,
      "__PIPE__L2": "",
      "__PARA__L2": 30,
      "__PARA__L3": 30
    },
    "res_util": {
      "util-URAM": 0,
      "util-BRAM": 0,
      "util-DSP": 0,
      "util-LUT": 0,
      "util-FF": 0,
      "total-URAM": 0,
      "total-BRAM": 0,
      "total-DSP": 0,
      "total-LUT": 0,
      "total-FF": 0
    },
    "valid": false
  },
  "__PARA__L0-1.__PARA__L1-120.__PARA__L2-32.__PARA__L3-30.__PIPE__L0-NA.__PIPE__L2-NA": {
    "perf": 23658.0,
    "point": {
      "__PIPE__L0": "",
      "__PARA__L0": 1,
      "__PARA__L1": 120,
      "__PIPE__L2": "",
      "__PARA__L2": 32,
      "__PARA__L3": 30
    },
    "res_util": {
      "util-URAM": 0.0,
      "util-BRAM": 0.0024691358024691358,
      "util-DSP": 0.2573099415204678,
      "util-LUT": 0.4437711462985519,
      "util-FF": 0.2827316506518699,
      "total-URAM": 0,
      "total-BRAM": 8,
      "total-DSP": 1320,
      "total-LUT": 393483,
      "total-FF": 501385
    },
    "valid": true
  },
  "__PARA__L0-1.__PARA__L1-120.__PARA__L2-40.__PARA__L3-30.__PIPE__L0-NA.__PIPE__L2-NA": {
    "perf": 23051.0,
    "point": {
      "__PIPE__L0": "",
      "__PARA__L0": 1,
      "__PARA__L1": 120,
      "__PIPE__L2": "",
      "__PARA__L2": 40,
      "__PARA__L3": 30
    },
    "res_util": {
      "util-URAM": 0.0,
      "util-BRAM": 0.0024691358024691358,
      "util-DSP": 0.2573099415204678,
      "util-LUT": 0.6980342400866152,
      "util-FF": 0.31862002075156765,
      "total-URAM": 0,
      "total-BRAM": 8,
      "total-DSP": 1320,
      "total-LUT": 618933,
      "total-FF": 565028
    },
    "valid": true
  },
  "__PARA__L0-1.__PARA__L1-120.__PARA__L2-60.__PARA__L3-30.__PIPE__L0-NA.__PIPE__L2-NA": {
    "perf": 0.0,
    "point": {
      "__PIPE__L0": "",
      "__PARA__L0": 1,
      "__PARA__L1": 120,
      "__PIPE__L2": "",
      "__PARA__L2": 60,
      "__PARA__L3": 30
    },
    "res_util": {
      "util-URAM": 0,
      "util-BRAM": 0,
      "util-DSP": 0,
      "util-LUT": 0,
      "util-FF": 0,
      "total-URAM": 0,
      "total-BRAM": 0,
      "total-DSP": 0,
      "total-LUT": 0,
      "total-FF": 0
    },
    "valid": false
  },
  "__PARA__L0-1.__PARA__L1-120.__PARA__L2-64.__PARA__L3-30.__PIPE__L0-NA.__PIPE__L2-NA": {
    "perf": 23716.0,
    "point": {
      "__PIPE__L0": "",
      "__PARA__L0": 1,
      "__PARA__L1": 120,
      "__PIPE__L2": "",
      "__PARA__L2": 64,
      "__PARA__L3": 30
    },
    "res_util": {
      "util-URAM": 0.0,
      "util-BRAM": 0.0024691358024691358,
      "util-DSP": 0.2573099415204678,
      "util-LUT": 0.591203139802409,
      "util-FF": 0.4257984842333198,
      "total-URAM": 0,
      "total-BRAM": 8,
      "total-DSP": 1320,
      "total-LUT": 524208,
      "total-FF": 755094
    },
    "valid": true
  },
  "__PARA__L0-1.__PARA__L1-120.__PARA__L2-120.__PARA__L3-30.__PIPE__L0-NA.__PIPE__L2-NA": {
    "perf": 23098.0,
    "point": {
      "__PIPE__L0": "",
      "__PARA__L0": 1,
      "__PARA__L1": 120,
      "__PIPE__L2": "",
      "__PARA__L2": 120,
      "__PARA__L3": 30
    },
    "res_util": {
      "util-URAM": 0.0,
      "util-BRAM": 0.0024691358024691358,
      "util-DSP": 0.2573099415204678,
      "util-LUT": 0.5650809762259215,
      "util-FF": 0.6759236703207471,
      "total-URAM": 0,
      "total-BRAM": 8,
      "total-DSP": 1320,
      "total-LUT": 501046,
      "total-FF": 1198656
    },
    "valid": true
  },
  "__PARA__L0-1.__PARA__L1-120.__PARA__L2-1.__PARA__L3-30.__PIPE__L0-NA.__PIPE__L2-off": {
    "perf": 17688.0,
    "point": {
      "__PIPE__L0": "",
      "__PARA__L0": 1,
      "__PARA__L1": 120,
      "__PIPE__L2": "off",
      "__PARA__L2": 1,
      "__PARA__L3": 30
    },
    "res_util": {
      "util-URAM": 0.0,
      "util-BRAM": 0.001851851851851852,
      "util-DSP": 0.2573099415204678,
      "util-LUT": 0.39635268642576804,
      "util-FF": 0.14441737718229802,
      "total-URAM": 0,
      "total-BRAM": 6,
      "total-DSP": 1320,
      "total-LUT": 351438,
      "total-FF": 256104
    },
    "valid": true
  },
  "__PARA__L0-1.__PARA__L1-120.__PARA__L2-1.__PARA__L3-30.__PIPE__L0-NA.__PIPE__L2-   ": {
    "perf": 0.0,
    "point": {
      "__PIPE__L0": "",
      "__PARA__L0": 1,
      "__PARA__L1": 120,
      "__PIPE__L2": "   ",
      "__PARA__L2": 1,
      "__PARA__L3": 30
    },
    "res_util": {
      "util-URAM": 0,
      "util-BRAM": 0,
      "util-DSP": 0,
      "util-LUT": 0,
      "util-FF": 0,
      "total-URAM": 0,
      "total-BRAM": 0,
      "total-DSP": 0,
      "total-LUT": 0,
      "total-FF": 0
    },
    "valid": false
  },
  "__PARA__L0-2.__PARA__L1-120.__PARA__L2-1.__PARA__L3-30.__PIPE__L0-NA.__PIPE__L2-off": {
    "perf": 0.0,
    "point": {
      "__PIPE__L0": "",
      "__PARA__L0": 2,
      "__PARA__L1": 120,
      "__PIPE__L2": "off",
      "__PARA__L2": 1,
      "__PARA__L3": 30
    },
    "res_util": {
      "util-URAM": 0,
      "util-BRAM": 0,
      "util-DSP": 0,
      "util-LUT": 0,
      "util-FF": 0,
      "total-URAM": 0,
      "total-BRAM": 0,
      "total-DSP": 0,
      "total-LUT": 0,
      "total-FF": 0
    },
    "valid": false
  },
  "__PARA__L0-3.__PARA__L1-120.__PARA__L2-1.__PARA__L3-30.__PIPE__L0-NA.__PIPE__L2-off": {
    "perf": 0.0,
    "point": {
      "__PIPE__L0": "",
      "__PARA__L0": 3,
      "__PARA__L1": 120,
      "__PIPE__L2": "off",
      "__PARA__L2": 1,
      "__PARA__L3": 30
    },
    "res_util": {
      "util-URAM": 0,
      "util-BRAM": 0,
      "util-DSP": 0,
      "util-LUT": 0,
      "util-FF": 0,
      "total-URAM": 0,
      "total-BRAM": 0,
      "total-DSP": 0,
      "total-LUT": 0,
      "total-FF": 0
    },
    "valid": false
  },
  "__PARA__L0-4.__PARA__L1-120.__PARA__L2-1.__PARA__L3-30.__PIPE__L0-NA.__PIPE__L2-off": {
    "perf": 0.0,
    "point": {
      "__PIPE__L0": "",
      "__PARA__L0": 4,
      "__PARA__L1": 120,
      "__PIPE__L2": "off",
      "__PARA__L2": 1,
      "__PARA__L3": 30
    },
    "res_util": {
      "util-URAM": 0,
      "util-BRAM": 0,
      "util-DSP": 0,
      "util-LUT": 0,
      "util-FF": 0,
      "total-URAM": 0,
      "total-BRAM": 0,
      "total-DSP": 0,
      "total-LUT": 0,
      "total-FF": 0
    },
    "valid": false
  },
  "__PARA__L0-5.__PARA__L1-120.__PARA__L2-1.__PARA__L3-30.__PIPE__L0-NA.__PIPE__L2-off": {
    "perf": 0.0,
    "point": {
      "__PIPE__L0": "",
      "__PARA__L0": 5,
      "__PARA__L1": 120,
      "__PIPE__L2": "off",
      "__PARA__L2": 1,
      "__PARA__L3": 30
    },
    "res_util": {
      "util-URAM": 0,
      "util-BRAM": 0,
      "util-DSP": 0,
      "util-LUT": 0,
      "util-FF": 0,
      "total-URAM": 0,
      "total-BRAM": 0,
      "total-DSP": 0,
      "total-LUT": 0,
      "total-FF": 0
    },
    "valid": false
  },
  "__PARA__L0-6.__PARA__L1-120.__PARA__L2-1.__PARA__L3-30.__PIPE__L0-NA.__PIPE__L2-off": {
    "perf": 0.0,
    "point": {
      "__PIPE__L0": "",
      "__PARA__L0": 6,
      "__PARA__L1": 120,
      "__PIPE__L2": "off",
      "__PARA__L2": 1,
      "__PARA__L3": 30
    },
    "res_util": {
      "util-URAM": 0,
      "util-BRAM": 0,
      "util-DSP": 0,
      "util-LUT": 0,
      "util-FF": 0,
      "total-URAM": 0,
      "total-BRAM": 0,
      "total-DSP": 0,
      "total-LUT": 0,
      "total-FF": 0
    },
    "valid": false
  },
  "__PARA__L0-8.__PARA__L1-120.__PARA__L2-1.__PARA__L3-30.__PIPE__L0-NA.__PIPE__L2-off": {
    "perf": 0.0,
    "point": {
      "__PIPE__L0": "",
      "__PARA__L0": 8,
      "__PARA__L1": 120,
      "__PIPE__L2": "off",
      "__PARA__L2": 1,
      "__PARA__L3": 30
    },
    "res_util": {
      "util-URAM": 0,
      "util-BRAM": 0,
      "util-DSP": 0,
      "util-LUT": 0,
      "util-FF": 0,
      "total-URAM": 0,
      "total-BRAM": 0,
      "total-DSP": 0,
      "total-LUT": 0,
      "total-FF": 0
    },
    "valid": false
  },
  "__PARA__L0-10.__PARA__L1-120.__PARA__L2-1.__PARA__L3-30.__PIPE__L0-NA.__PIPE__L2-off": {
    "perf": 0.0,
    "point": {
      "__PIPE__L0": "",
      "__PARA__L0": 10,
      "__PARA__L1": 120,
      "__PIPE__L2": "off",
      "__PARA__L2": 1,
      "__PARA__L3": 30
    },
    "res_util": {
      "util-URAM": 0,
      "util-BRAM": 0,
      "util-DSP": 0,
      "util-LUT": 0,
      "util-FF": 0,
      "total-URAM": 0,
      "total-BRAM": 0,
      "total-DSP": 0,
      "total-LUT": 0,
      "total-FF": 0
    },
    "valid": false
  },
  "__PARA__L0-12.__PARA__L1-120.__PARA__L2-1.__PARA__L3-30.__PIPE__L0-NA.__PIPE__L2-off": {
    "perf": 0.0,
    "point": {
      "__PIPE__L0": "",
      "__PARA__L0": 12,
      "__PARA__L1": 120,
      "__PIPE__L2": "off",
      "__PARA__L2": 1,
      "__PARA__L3": 30
    },
    "res_util": {
      "util-URAM": 0,
      "util-BRAM": 0,
      "util-DSP": 0,
      "util-LUT": 0,
      "util-FF": 0,
      "total-URAM": 0,
      "total-BRAM": 0,
      "total-DSP": 0,
      "total-LUT": 0,
      "total-FF": 0
    },
    "valid": false
  },
  "__PARA__L0-15.__PARA__L1-120.__PARA__L2-1.__PARA__L3-30.__PIPE__L0-NA.__PIPE__L2-off": {
    "perf": 17576.0,
    "point": {
      "__PIPE__L0": "",
      "__PARA__L0": 15,
      "__PARA__L1": 120,
      "__PIPE__L2": "off",
      "__PARA__L2": 1,
      "__PARA__L3": 30
    },
    "res_util": {
      "util-URAM": 0.0,
      "util-BRAM": 0.0012345679012345679,
      "util-DSP": 1.0,
      "util-LUT": 1.0,
      "util-FF": 1.0,
      "total-URAM": 0,
      "total-BRAM": 4,
      "total-DSP": 19800,
      "total-LUT": 1721980,
      "total-FF": 1982142
    },
    "valid": false
  },
  "__PARA__L0-16.__PARA__L1-120.__PARA__L2-1.__PARA__L3-30.__PIPE__L0-NA.__PIPE__L2-off": {
    "perf": 0.0,
    "point": {
      "__PIPE__L0": "",
      "__PARA__L0": 16,
      "__PARA__L1": 120,
      "__PIPE__L2": "off",
      "__PARA__L2": 1,
      "__PARA__L3": 30
    },
    "res_util": {
      "util-URAM": 0,
      "util-BRAM": 0,
      "util-DSP": 0,
      "util-LUT": 0,
      "util-FF": 0,
      "total-URAM": 0,
      "total-BRAM": 0,
      "total-DSP": 0,
      "total-LUT": 0,
      "total-FF": 0
    },
    "valid": false
  },
  "__PARA__L0-20.__PARA__L1-120.__PARA__L2-1.__PARA__L3-30.__PIPE__L0-NA.__PIPE__L2-off": {
    "perf": 0.0,
    "point": {
      "__PIPE__L0": "",
      "__PARA__L0": 20,
      "__PARA__L1": 120,
      "__PIPE__L2": "off",
      "__PARA__L2": 1,
      "__PARA__L3": 30
    },
    "res_util": {
      "util-URAM": 0,
      "util-BRAM": 0,
      "util-DSP": 0,
      "util-LUT": 0,
      "util-FF": 0,
      "total-URAM": 0,
      "total-BRAM": 0,
      "total-DSP": 0,
      "total-LUT": 0,
      "total-FF": 0
    },
    "valid": false
  },
  "__PARA__L0-24.__PARA__L1-120.__PARA__L2-1.__PARA__L3-30.__PIPE__L0-NA.__PIPE__L2-off": {
    "perf": 0.0,
    "point": {
      "__PIPE__L0": "",
      "__PARA__L0": 24,
      "__PARA__L1": 120,
      "__PIPE__L2": "off",
      "__PARA__L2": 1,
      "__PARA__L3": 30
    },
    "res_util": {
      "util-URAM": 0,
      "util-BRAM": 0,
      "util-DSP": 0,
      "util-LUT": 0,
      "util-FF": 0,
      "total-URAM": 0,
      "total-BRAM": 0,
      "total-DSP": 0,
      "total-LUT": 0,
      "total-FF": 0
    },
    "valid": false
  },
  "__PARA__L0-30.__PARA__L1-120.__PARA__L2-1.__PARA__L3-30.__PIPE__L0-NA.__PIPE__L2-off": {
    "perf": 0.0,
    "point": {
      "__PIPE__L0": "",
      "__PARA__L0": 30,
      "__PARA__L1": 120,
      "__PIPE__L2": "off",
      "__PARA__L2": 1,
      "__PARA__L3": 30
    },
    "res_util": {
      "util-URAM": 0,
      "util-BRAM": 0,
      "util-DSP": 0,
      "util-LUT": 0,
      "util-FF": 0,
      "total-URAM": 0,
      "total-BRAM": 0,
      "total-DSP": 0,
      "total-LUT": 0,
      "total-FF": 0
    },
    "valid": false
  },
  "__PARA__L0-32.__PARA__L1-120.__PARA__L2-1.__PARA__L3-30.__PIPE__L0-NA.__PIPE__L2-off": {
    "perf": 0.0,
    "point": {
      "__PIPE__L0": "",
      "__PARA__L0": 32,
      "__PARA__L1": 120,
      "__PIPE__L2": "off",
      "__PARA__L2": 1,
      "__PARA__L3": 30
    },
    "res_util": {
      "util-URAM": 0,
      "util-BRAM": 0,
      "util-DSP": 0,
      "util-LUT": 0,
      "util-FF": 0,
      "total-URAM": 0,
      "total-BRAM": 0,
      "total-DSP": 0,
      "total-LUT": 0,
      "total-FF": 0
    },
    "valid": false
  },
  "__PARA__L0-40.__PARA__L1-120.__PARA__L2-1.__PARA__L3-30.__PIPE__L0-NA.__PIPE__L2-off": {
    "perf": 0.0,
    "point": {
      "__PIPE__L0": "",
      "__PARA__L0": 40,
      "__PARA__L1": 120,
      "__PIPE__L2": "off",
      "__PARA__L2": 1,
      "__PARA__L3": 30
    },
    "res_util": {
      "util-URAM": 0,
      "util-BRAM": 0,
      "util-DSP": 0,
      "util-LUT": 0,
      "util-FF": 0,
      "total-URAM": 0,
      "total-BRAM": 0,
      "total-DSP": 0,
      "total-LUT": 0,
      "total-FF": 0
    },
    "valid": false
  },
  "__PARA__L0-60.__PARA__L1-120.__PARA__L2-1.__PARA__L3-30.__PIPE__L0-NA.__PIPE__L2-off": {
    "perf": 0.0,
    "point": {
      "__PIPE__L0": "",
      "__PARA__L0": 60,
      "__PARA__L1": 120,
      "__PIPE__L2": "off",
      "__PARA__L2": 1,
      "__PARA__L3": 30
    },
    "res_util": {
      "util-URAM": 0,
      "util-BRAM": 0,
      "util-DSP": 0,
      "util-LUT": 0,
      "util-FF": 0,
      "total-URAM": 0,
      "total-BRAM": 0,
      "total-DSP": 0,
      "total-LUT": 0,
      "total-FF": 0
    },
    "valid": false
  },
  "__PARA__L0-64.__PARA__L1-120.__PARA__L2-1.__PARA__L3-30.__PIPE__L0-NA.__PIPE__L2-off": {
    "perf": 0.0,
    "point": {
      "__PIPE__L0": "",
      "__PARA__L0": 64,
      "__PARA__L1": 120,
      "__PIPE__L2": "off",
      "__PARA__L2": 1,
      "__PARA__L3": 30
    },
    "res_util": {
      "util-URAM": 0,
      "util-BRAM": 0,
      "util-DSP": 0,
      "util-LUT": 0,
      "util-FF": 0,
      "total-URAM": 0,
      "total-BRAM": 0,
      "total-DSP": 0,
      "total-LUT": 0,
      "total-FF": 0
    },
    "valid": false
  },
  "__PARA__L0-120.__PARA__L1-120.__PARA__L2-1.__PARA__L3-30.__PIPE__L0-NA.__PIPE__L2-off": {
    "perf": 0.0,
    "point": {
      "__PIPE__L0": "",
      "__PARA__L0": 120,
      "__PARA__L1": 120,
      "__PIPE__L2": "off",
      "__PARA__L2": 1,
      "__PARA__L3": 30
    },
    "res_util": {
      "util-URAM": 0,
      "util-BRAM": 0,
      "util-DSP": 0,
      "util-LUT": 0,
      "util-FF": 0,
      "total-URAM": 0,
      "total-BRAM": 0,
      "total-DSP": 0,
      "total-LUT": 0,
      "total-FF": 0
    },
    "valid": false
  },
  "__PARA__L0-1.__PARA__L1-120.__PARA__L2-1.__PARA__L3-30.__PIPE__L0-off.__PIPE__L2-off": {
    "perf": 0.0,
    "point": {
      "__PIPE__L0": "off",
      "__PARA__L0": 1,
      "__PARA__L1": 120,
      "__PIPE__L2": "off",
      "__PARA__L2": 1,
      "__PARA__L3": 30
    },
    "res_util": {
      "util-URAM": 0,
      "util-BRAM": 0,
      "util-DSP": 0,
      "util-LUT": 0,
      "util-FF": 0,
      "total-URAM": 0,
      "total-BRAM": 0,
      "total-DSP": 0,
      "total-LUT": 0,
      "total-FF": 0
    },
    "valid": false
  },
  "__PARA__L0-1.__PARA__L1-120.__PARA__L2-1.__PARA__L3-30.__PIPE__L0-   .__PIPE__L2-off": {
    "perf": 0.0,
    "point": {
      "__PIPE__L0": "   ",
      "__PARA__L0": 1,
      "__PARA__L1": 120,
      "__PIPE__L2": "off",
      "__PARA__L2": 1,
      "__PARA__L3": 30
    },
    "res_util": {
      "util-URAM": 0,
      "util-BRAM": 0,
      "util-DSP": 0,
      "util-LUT": 0,
      "util-FF": 0,
      "total-URAM": 0,
      "total-BRAM": 0,
      "total-DSP": 0,
      "total-LUT": 0,
      "total-FF": 0
    },
    "valid": false
  },
  "__PARA__L0-2.__PARA__L1-120.__PARA__L2-40.__PARA__L3-30.__PIPE__L0-NA.__PIPE__L2-NA": {
    "perf": 0.0,
    "point": {
      "__PIPE__L0": "",
      "__PARA__L0": 2,
      "__PARA__L1": 120,
      "__PIPE__L2": "",
      "__PARA__L2": 40,
      "__PARA__L3": 30
    },
    "res_util": {
      "util-URAM": 0,
      "util-BRAM": 0,
      "util-DSP": 0,
      "util-LUT": 0,
      "util-FF": 0,
      "total-URAM": 0,
      "total-BRAM": 0,
      "total-DSP": 0,
      "total-LUT": 0,
      "total-FF": 0
    },
    "valid": false
  },
  "__PARA__L0-3.__PARA__L1-120.__PARA__L2-40.__PARA__L3-30.__PIPE__L0-NA.__PIPE__L2-NA": {
    "perf": 0.0,
    "point": {
      "__PIPE__L0": "",
      "__PARA__L0": 3,
      "__PARA__L1": 120,
      "__PIPE__L2": "",
      "__PARA__L2": 40,
      "__PARA__L3": 30
    },
    "res_util": {
      "util-URAM": 0,
      "util-BRAM": 0,
      "util-DSP": 0,
      "util-LUT": 0,
      "util-FF": 0,
      "total-URAM": 0,
      "total-BRAM": 0,
      "total-DSP": 0,
      "total-LUT": 0,
      "total-FF": 0
    },
    "valid": false
  },
  "__PARA__L0-4.__PARA__L1-120.__PARA__L2-40.__PARA__L3-30.__PIPE__L0-NA.__PIPE__L2-NA": {
    "perf": 0.0,
    "point": {
      "__PIPE__L0": "",
      "__PARA__L0": 4,
      "__PARA__L1": 120,
      "__PIPE__L2": "",
      "__PARA__L2": 40,
      "__PARA__L3": 30
    },
    "res_util": {
      "util-URAM": 0,
      "util-BRAM": 0,
      "util-DSP": 0,
      "util-LUT": 0,
      "util-FF": 0,
      "total-URAM": 0,
      "total-BRAM": 0,
      "total-DSP": 0,
      "total-LUT": 0,
      "total-FF": 0
    },
    "valid": false
  },
  "__PARA__L0-5.__PARA__L1-120.__PARA__L2-40.__PARA__L3-30.__PIPE__L0-NA.__PIPE__L2-NA": {
    "perf": 0.0,
    "point": {
      "__PIPE__L0": "",
      "__PARA__L0": 5,
      "__PARA__L1": 120,
      "__PIPE__L2": "",
      "__PARA__L2": 40,
      "__PARA__L3": 30
    },
    "res_util": {
      "util-URAM": 0,
      "util-BRAM": 0,
      "util-DSP": 0,
      "util-LUT": 0,
      "util-FF": 0,
      "total-URAM": 0,
      "total-BRAM": 0,
      "total-DSP": 0,
      "total-LUT": 0,
      "total-FF": 0
    },
    "valid": false
  },
  "__PARA__L0-6.__PARA__L1-120.__PARA__L2-40.__PARA__L3-30.__PIPE__L0-NA.__PIPE__L2-NA": {
    "perf": 0.0,
    "point": {
      "__PIPE__L0": "",
      "__PARA__L0": 6,
      "__PARA__L1": 120,
      "__PIPE__L2": "",
      "__PARA__L2": 40,
      "__PARA__L3": 30
    },
    "res_util": {
      "util-URAM": 0,
      "util-BRAM": 0,
      "util-DSP": 0,
      "util-LUT": 0,
      "util-FF": 0,
      "total-URAM": 0,
      "total-BRAM": 0,
      "total-DSP": 0,
      "total-LUT": 0,
      "total-FF": 0
    },
    "valid": false
  },
  "__PARA__L0-8.__PARA__L1-120.__PARA__L2-40.__PARA__L3-30.__PIPE__L0-NA.__PIPE__L2-NA": {
    "perf": 0.0,
    "point": {
      "__PIPE__L0": "",
      "__PARA__L0": 8,
      "__PARA__L1": 120,
      "__PIPE__L2": "",
      "__PARA__L2": 40,
      "__PARA__L3": 30
    },
    "res_util": {
      "util-URAM": 0,
      "util-BRAM": 0,
      "util-DSP": 0,
      "util-LUT": 0,
      "util-FF": 0,
      "total-URAM": 0,
      "total-BRAM": 0,
      "total-DSP": 0,
      "total-LUT": 0,
      "total-FF": 0
    },
    "valid": false
  },
  "__PARA__L0-10.__PARA__L1-120.__PARA__L2-40.__PARA__L3-30.__PIPE__L0-NA.__PIPE__L2-NA": {
    "perf": 0.0,
    "point": {
      "__PIPE__L0": "",
      "__PARA__L0": 10,
      "__PARA__L1": 120,
      "__PIPE__L2": "",
      "__PARA__L2": 40,
      "__PARA__L3": 30
    },
    "res_util": {
      "util-URAM": 0,
      "util-BRAM": 0,
      "util-DSP": 0,
      "util-LUT": 0,
      "util-FF": 0,
      "total-URAM": 0,
      "total-BRAM": 0,
      "total-DSP": 0,
      "total-LUT": 0,
      "total-FF": 0
    },
    "valid": false
  },
  "__PARA__L0-12.__PARA__L1-120.__PARA__L2-40.__PARA__L3-30.__PIPE__L0-NA.__PIPE__L2-NA": {
    "perf": 0.0,
    "point": {
      "__PIPE__L0": "",
      "__PARA__L0": 12,
      "__PARA__L1": 120,
      "__PIPE__L2": "",
      "__PARA__L2": 40,
      "__PARA__L3": 30
    },
    "res_util": {
      "util-URAM": 0,
      "util-BRAM": 0,
      "util-DSP": 0,
      "util-LUT": 0,
      "util-FF": 0,
      "total-URAM": 0,
      "total-BRAM": 0,
      "total-DSP": 0,
      "total-LUT": 0,
      "total-FF": 0
    },
    "valid": false
  },
  "__PARA__L0-15.__PARA__L1-120.__PARA__L2-40.__PARA__L3-30.__PIPE__L0-NA.__PIPE__L2-NA": {
    "perf": 0.0,
    "point": {
      "__PIPE__L0": "",
      "__PARA__L0": 15,
      "__PARA__L1": 120,
      "__PIPE__L2": "",
      "__PARA__L2": 40,
      "__PARA__L3": 30
    },
    "res_util": {
      "util-URAM": 0,
      "util-BRAM": 0,
      "util-DSP": 0,
      "util-LUT": 0,
      "util-FF": 0,
      "total-URAM": 0,
      "total-BRAM": 0,
      "total-DSP": 0,
      "total-LUT": 0,
      "total-FF": 0
    },
    "valid": false
  },
  "__PARA__L0-16.__PARA__L1-120.__PARA__L2-40.__PARA__L3-30.__PIPE__L0-NA.__PIPE__L2-NA": {
    "perf": 0.0,
    "point": {
      "__PIPE__L0": "",
      "__PARA__L0": 16,
      "__PARA__L1": 120,
      "__PIPE__L2": "",
      "__PARA__L2": 40,
      "__PARA__L3": 30
    },
    "res_util": {
      "util-URAM": 0,
      "util-BRAM": 0,
      "util-DSP": 0,
      "util-LUT": 0,
      "util-FF": 0,
      "total-URAM": 0,
      "total-BRAM": 0,
      "total-DSP": 0,
      "total-LUT": 0,
      "total-FF": 0
    },
    "valid": false
  },
  "__PARA__L0-20.__PARA__L1-120.__PARA__L2-40.__PARA__L3-30.__PIPE__L0-NA.__PIPE__L2-NA": {
    "perf": 0.0,
    "point": {
      "__PIPE__L0": "",
      "__PARA__L0": 20,
      "__PARA__L1": 120,
      "__PIPE__L2": "",
      "__PARA__L2": 40,
      "__PARA__L3": 30
    },
    "res_util": {
      "util-URAM": 0,
      "util-BRAM": 0,
      "util-DSP": 0,
      "util-LUT": 0,
      "util-FF": 0,
      "total-URAM": 0,
      "total-BRAM": 0,
      "total-DSP": 0,
      "total-LUT": 0,
      "total-FF": 0
    },
    "valid": false
  },
  "__PARA__L0-24.__PARA__L1-120.__PARA__L2-40.__PARA__L3-30.__PIPE__L0-NA.__PIPE__L2-NA": {
    "perf": 0.0,
    "point": {
      "__PIPE__L0": "",
      "__PARA__L0": 24,
      "__PARA__L1": 120,
      "__PIPE__L2": "",
      "__PARA__L2": 40,
      "__PARA__L3": 30
    },
    "res_util": {
      "util-URAM": 0,
      "util-BRAM": 0,
      "util-DSP": 0,
      "util-LUT": 0,
      "util-FF": 0,
      "total-URAM": 0,
      "total-BRAM": 0,
      "total-DSP": 0,
      "total-LUT": 0,
      "total-FF": 0
    },
    "valid": false
  },
  "__PARA__L0-30.__PARA__L1-120.__PARA__L2-40.__PARA__L3-30.__PIPE__L0-NA.__PIPE__L2-NA": {
    "perf": 0.0,
    "point": {
      "__PIPE__L0": "",
      "__PARA__L0": 30,
      "__PARA__L1": 120,
      "__PIPE__L2": "",
      "__PARA__L2": 40,
      "__PARA__L3": 30
    },
    "res_util": {
      "util-URAM": 0,
      "util-BRAM": 0,
      "util-DSP": 0,
      "util-LUT": 0,
      "util-FF": 0,
      "total-URAM": 0,
      "total-BRAM": 0,
      "total-DSP": 0,
      "total-LUT": 0,
      "total-FF": 0
    },
    "valid": false
  },
  "__PARA__L0-32.__PARA__L1-120.__PARA__L2-40.__PARA__L3-30.__PIPE__L0-NA.__PIPE__L2-NA": {
    "perf": 0.0,
    "point": {
      "__PIPE__L0": "",
      "__PARA__L0": 32,
      "__PARA__L1": 120,
      "__PIPE__L2": "",
      "__PARA__L2": 40,
      "__PARA__L3": 30
    },
    "res_util": {
      "util-URAM": 0,
      "util-BRAM": 0,
      "util-DSP": 0,
      "util-LUT": 0,
      "util-FF": 0,
      "total-URAM": 0,
      "total-BRAM": 0,
      "total-DSP": 0,
      "total-LUT": 0,
      "total-FF": 0
    },
    "valid": false
  },
  "__PARA__L0-40.__PARA__L1-120.__PARA__L2-40.__PARA__L3-30.__PIPE__L0-NA.__PIPE__L2-NA": {
    "perf": 0.0,
    "point": {
      "__PIPE__L0": "",
      "__PARA__L0": 40,
      "__PARA__L1": 120,
      "__PIPE__L2": "",
      "__PARA__L2": 40,
      "__PARA__L3": 30
    },
    "res_util": {
      "util-URAM": 0,
      "util-BRAM": 0,
      "util-DSP": 0,
      "util-LUT": 0,
      "util-FF": 0,
      "total-URAM": 0,
      "total-BRAM": 0,
      "total-DSP": 0,
      "total-LUT": 0,
      "total-FF": 0
    },
    "valid": false
  },
  "__PARA__L0-60.__PARA__L1-120.__PARA__L2-40.__PARA__L3-30.__PIPE__L0-NA.__PIPE__L2-NA": {
    "perf": 0.0,
    "point": {
      "__PIPE__L0": "",
      "__PARA__L0": 60,
      "__PARA__L1": 120,
      "__PIPE__L2": "",
      "__PARA__L2": 40,
      "__PARA__L3": 30
    },
    "res_util": {
      "util-URAM": 0,
      "util-BRAM": 0,
      "util-DSP": 0,
      "util-LUT": 0,
      "util-FF": 0,
      "total-URAM": 0,
      "total-BRAM": 0,
      "total-DSP": 0,
      "total-LUT": 0,
      "total-FF": 0
    },
    "valid": false
  },
  "__PARA__L0-64.__PARA__L1-120.__PARA__L2-40.__PARA__L3-30.__PIPE__L0-NA.__PIPE__L2-NA": {
    "perf": 0.0,
    "point": {
      "__PIPE__L0": "",
      "__PARA__L0": 64,
      "__PARA__L1": 120,
      "__PIPE__L2": "",
      "__PARA__L2": 40,
      "__PARA__L3": 30
    },
    "res_util": {
      "util-URAM": 0,
      "util-BRAM": 0,
      "util-DSP": 0,
      "util-LUT": 0,
      "util-FF": 0,
      "total-URAM": 0,
      "total-BRAM": 0,
      "total-DSP": 0,
      "total-LUT": 0,
      "total-FF": 0
    },
    "valid": false
  },
  "__PARA__L0-120.__PARA__L1-120.__PARA__L2-40.__PARA__L3-30.__PIPE__L0-NA.__PIPE__L2-NA": {
    "perf": 0.0,
    "point": {
      "__PIPE__L0": "",
      "__PARA__L0": 120,
      "__PARA__L1": 120,
      "__PIPE__L2": "",
      "__PARA__L2": 40,
      "__PARA__L3": 30
    },
    "res_util": {
      "util-URAM": 0,
      "util-BRAM": 0,
      "util-DSP": 0,
      "util-LUT": 0,
      "util-FF": 0,
      "total-URAM": 0,
      "total-BRAM": 0,
      "total-DSP": 0,
      "total-LUT": 0,
      "total-FF": 0
    },
    "valid": false
  },
  "__PARA__L0-1.__PARA__L1-120.__PARA__L2-40.__PARA__L3-30.__PIPE__L0-off.__PIPE__L2-NA": {
    "perf": 0.0,
    "point": {
      "__PIPE__L0": "off",
      "__PARA__L0": 1,
      "__PARA__L1": 120,
      "__PIPE__L2": "",
      "__PARA__L2": 40,
      "__PARA__L3": 30
    },
    "res_util": {
      "util-URAM": 0,
      "util-BRAM": 0,
      "util-DSP": 0,
      "util-LUT": 0,
      "util-FF": 0,
      "total-URAM": 0,
      "total-BRAM": 0,
      "total-DSP": 0,
      "total-LUT": 0,
      "total-FF": 0
    },
    "valid": false
  },
  "__PARA__L0-1.__PARA__L1-120.__PARA__L2-40.__PARA__L3-30.__PIPE__L0-   .__PIPE__L2-NA": {
    "perf": 0.0,
    "point": {
      "__PIPE__L0": "   ",
      "__PARA__L0": 1,
      "__PARA__L1": 120,
      "__PIPE__L2": "",
      "__PARA__L2": 40,
      "__PARA__L3": 30
    },
    "res_util": {
      "util-URAM": 0,
      "util-BRAM": 0,
      "util-DSP": 0,
      "util-LUT": 0,
      "util-FF": 0,
      "total-URAM": 0,
      "total-BRAM": 0,
      "total-DSP": 0,
      "total-LUT": 0,
      "total-FF": 0
    },
    "valid": false
  },
  "__PARA__L0-2.__PARA__L1-120.__PARA__L2-24.__PARA__L3-30.__PIPE__L0-NA.__PIPE__L2-NA": {
    "perf": 0.0,
    "point": {
      "__PIPE__L0": "",
      "__PARA__L0": 2,
      "__PARA__L1": 120,
      "__PIPE__L2": "",
      "__PARA__L2": 24,
      "__PARA__L3": 30
    },
    "res_util": {
      "util-URAM": 0,
      "util-BRAM": 0,
      "util-DSP": 0,
      "util-LUT": 0,
      "util-FF": 0,
      "total-URAM": 0,
      "total-BRAM": 0,
      "total-DSP": 0,
      "total-LUT": 0,
      "total-FF": 0
    },
    "valid": false
  },
  "__PARA__L0-3.__PARA__L1-120.__PARA__L2-24.__PARA__L3-30.__PIPE__L0-NA.__PIPE__L2-NA": {
    "perf": 0.0,
    "point": {
      "__PIPE__L0": "",
      "__PARA__L0": 3,
      "__PARA__L1": 120,
      "__PIPE__L2": "",
      "__PARA__L2": 24,
      "__PARA__L3": 30
    },
    "res_util": {
      "util-URAM": 0,
      "util-BRAM": 0,
      "util-DSP": 0,
      "util-LUT": 0,
      "util-FF": 0,
      "total-URAM": 0,
      "total-BRAM": 0,
      "total-DSP": 0,
      "total-LUT": 0,
      "total-FF": 0
    },
    "valid": false
  },
  "__PARA__L0-4.__PARA__L1-120.__PARA__L2-24.__PARA__L3-30.__PIPE__L0-NA.__PIPE__L2-NA": {
    "perf": 0.0,
    "point": {
      "__PIPE__L0": "",
      "__PARA__L0": 4,
      "__PARA__L1": 120,
      "__PIPE__L2": "",
      "__PARA__L2": 24,
      "__PARA__L3": 30
    },
    "res_util": {
      "util-URAM": 0,
      "util-BRAM": 0,
      "util-DSP": 0,
      "util-LUT": 0,
      "util-FF": 0,
      "total-URAM": 0,
      "total-BRAM": 0,
      "total-DSP": 0,
      "total-LUT": 0,
      "total-FF": 0
    },
    "valid": false
  },
  "__PARA__L0-5.__PARA__L1-120.__PARA__L2-24.__PARA__L3-30.__PIPE__L0-NA.__PIPE__L2-NA": {
    "perf": 0.0,
    "point": {
      "__PIPE__L0": "",
      "__PARA__L0": 5,
      "__PARA__L1": 120,
      "__PIPE__L2": "",
      "__PARA__L2": 24,
      "__PARA__L3": 30
    },
    "res_util": {
      "util-URAM": 0,
      "util-BRAM": 0,
      "util-DSP": 0,
      "util-LUT": 0,
      "util-FF": 0,
      "total-URAM": 0,
      "total-BRAM": 0,
      "total-DSP": 0,
      "total-LUT": 0,
      "total-FF": 0
    },
    "valid": false
  },
  "__PARA__L0-6.__PARA__L1-120.__PARA__L2-24.__PARA__L3-30.__PIPE__L0-NA.__PIPE__L2-NA": {
    "perf": 0.0,
    "point": {
      "__PIPE__L0": "",
      "__PARA__L0": 6,
      "__PARA__L1": 120,
      "__PIPE__L2": "",
      "__PARA__L2": 24,
      "__PARA__L3": 30
    },
    "res_util": {
      "util-URAM": 0,
      "util-BRAM": 0,
      "util-DSP": 0,
      "util-LUT": 0,
      "util-FF": 0,
      "total-URAM": 0,
      "total-BRAM": 0,
      "total-DSP": 0,
      "total-LUT": 0,
      "total-FF": 0
    },
    "valid": false
  }
}