{
  "__PARA__L0-1.__PARA__L1-1.__PARA__L2-1.__PARA__L3-1.__PIPE__L2-NA": {
    "perf": 34058.0,
    "point": {
      "__PARA__L0": 1,
      "__PARA__L1": 1,
      "__PIPE__L2": "",
      "__PARA__L2": 1,
      "__PARA__L3": 1
    },
    "res_util": {
      "util-URAM": 0.0,
      "util-BRAM": 0.0,
      "util-DSP": 0.0,
      "util-LUT": 0.001160508864528353,
      "util-FF": 0.0002165380971714711,
      "total-URAM": 0,
      "total-BRAM": 0,
      "total-DSP": 0,
      "total-LUT": 1029,
      "total-FF": 384
    },
    "valid": true
  },
  "__PARA__L0-1.__PARA__L1-1.__PARA__L2-1.__PARA__L3-2.__PIPE__L2-NA": {
    "perf": 25866.0,
    "point": {
      "__PARA__L0": 1,
      "__PARA__L1": 1,
      "__PIPE__L2": "",
      "__PARA__L2": 1,
      "__PARA__L3": 2
    },
    "res_util": {
      "util-URAM": 0.0,
      "util-BRAM": 0.0,
      "util-DSP": 0.0,
      "util-LUT": 0.001700726304867596,
      "util-FF": 0.0003214237379889024,
      "total-URAM": 0,
      "total-BRAM": 0,
      "total-DSP": 0,
      "total-LUT": 1508,
      "total-FF": 570
    },
    "valid": true
  },
  "__PARA__L0-1.__PARA__L1-1.__PARA__L2-1.__PARA__L3-4.__PIPE__L2-NA": {
    "perf": 21898.0,
    "point": {
      "__PARA__L0": 1,
      "__PARA__L1": 1,
      "__PIPE__L2": "",
      "__PARA__L2": 1,
      "__PARA__L3": 4
    },
    "res_util": {
      "util-URAM": 0.0,
      "util-BRAM": 0.0,
      "util-DSP": 0.0,
      "util-LUT": 0.0027123652275905627,
      "util-FF": 0.0005238643027924392,
      "total-URAM": 0,
      "total-BRAM": 0,
      "total-DSP": 0,
      "total-LUT": 2405,
      "total-FF": 929
    },
    "valid": true
  },
  "__PARA__L0-1.__PARA__L1-1.__PARA__L2-1.__PARA__L3-8.__PIPE__L2-NA": {
    "perf": 22410.0,
    "point": {
      "__PARA__L0": 1,
      "__PARA__L1": 1,
      "__PIPE__L2": "",
      "__PARA__L2": 1,
      "__PARA__L3": 8
    },
    "res_util": {
      "util-URAM": 0.0,
      "util-BRAM": 0.0,
      "util-DSP": 0.0,
      "util-LUT": 0.0046950421798168445,
      "util-FF": 0.0008954752560111878,
      "total-URAM": 0,
      "total-BRAM": 0,
      "total-DSP": 0,
      "total-LUT": 4163,
      "total-FF": 1588
    },
    "valid": true
  },
  "__PARA__L0-1.__PARA__L1-1.__PARA__L2-1.__PARA__L3-16.__PIPE__L2-NA": {
    "perf": 23178.0,
    "point": {
      "__PARA__L0": 1,
      "__PARA__L1": 1,
      "__PIPE__L2": "",
      "__PARA__L2": 1,
      "__PARA__L3": 16
    },
    "res_util": {
      "util-URAM": 0.0,
      "util-BRAM": 0.0,
      "util-DSP": 0.0,
      "util-LUT": 0.008606261559976541,
      "util-FF": 0.001703545811341183,
      "total-URAM": 0,
      "total-BRAM": 0,
      "total-DSP": 0,
      "total-LUT": 7631,
      "total-FF": 3021
    },
    "valid": true
  },
  "__PARA__L0-1.__PARA__L1-1.__PARA__L2-1.__PARA__L3-32.__PIPE__L2-NA": {
    "perf": 24970.0,
    "point": {
      "__PARA__L0": 1,
      "__PARA__L1": 1,
      "__PIPE__L2": "",
      "__PARA__L2": 1,
      "__PARA__L3": 32
    },
    "res_util": {
      "util-URAM": 0.0,
      "util-BRAM": 0.0,
      "util-DSP": 0.0,
      "util-LUT": 0.01636554337528759,
      "util-FF": 0.0033332205530743897,
      "total-URAM": 0,
      "total-BRAM": 0,
      "total-DSP": 0,
      "total-LUT": 14511,
      "total-FF": 5911
    },
    "valid": true
  },
  "__PARA__L0-1.__PARA__L1-1.__PARA__L2-1.__PARA__L3-64.__PIPE__L2-NA": {
    "perf": 22026.0,
    "point": {
      "__PARA__L0": 1,
      "__PARA__L1": 1,
      "__PIPE__L2": "",
      "__PARA__L2": 1,
      "__PARA__L3": 64
    },
    "res_util": {
      "util-URAM": 0.0,
      "util-BRAM": 0.0,
      "util-DSP": 0.0,
      "util-LUT": 0.03180741642982812,
      "util-FF": 0.006558172057563044,
      "total-URAM": 0,
      "total-BRAM": 0,
      "total-DSP": 0,
      "total-LUT": 28203,
      "total-FF": 11630
    },
    "valid": true
  },
  "__PARA__L0-1.__PARA__L1-1.__PARA__L2-1.__PARA__L3-128.__PIPE__L2-NA": {
    "perf": 16875.0,
    "point": {
      "__PARA__L0": 1,
      "__PARA__L1": 1,
      "__PIPE__L2": "",
      "__PARA__L2": 1,
      "__PARA__L3": 128
    },
    "res_util": {
      "util-URAM": 0.0,
      "util-BRAM": 0.0,
      "util-DSP": 0.0,
      "util-LUT": 0.06262913339649027,
      "util-FF": 0.011762981007804395,
      "total-URAM": 0,
      "total-BRAM": 0,
      "total-DSP": 0,
      "total-LUT": 55532,
      "total-FF": 20860
    },
    "valid": true
  },
  "__PARA__L0-1.__PARA__L1-1.__PARA__L2-2.__PARA__L3-128.__PIPE__L2-NA": {
    "perf": 12745.0,
    "point": {
      "__PARA__L0": 1,
      "__PARA__L1": 1,
      "__PIPE__L2": "",
      "__PARA__L2": 2,
      "__PARA__L3": 128
    },
    "res_util": {
      "util-URAM": 0.0,
      "util-BRAM": 0.0,
      "util-DSP": 0.0,
      "util-LUT": 0.11805386385167141,
      "util-FF": 0.02105043533179952,
      "total-URAM": 0,
      "total-BRAM": 0,
      "total-DSP": 0,
      "total-LUT": 104676,
      "total-FF": 37330
    },
    "valid": true
  },
  "__PARA__L0-1.__PARA__L1-1.__PARA__L2-4.__PARA__L3-128.__PIPE__L2-NA": {
    "perf": 11720.0,
    "point": {
      "__PARA__L0": 1,
      "__PARA__L1": 1,
      "__PIPE__L2": "",
      "__PARA__L2": 4,
      "__PARA__L3": 128
    },
    "res_util": {
      "util-URAM": 0.0,
      "util-BRAM": 0.0,
      "util-DSP": 0.0,
      "util-LUT": 0.22574434970902693,
      "util-FF": 0.03379291288852799,
      "total-URAM": 0,
      "total-BRAM": 0,
      "total-DSP": 0,
      "total-LUT": 200163,
      "total-FF": 59927
    },
    "valid": true
  },
  "__PARA__L0-1.__PARA__L1-1.__PARA__L2-8.__PARA__L3-128.__PIPE__L2-NA": {
    "perf": 10120.0,
    "point": {
      "__PARA__L0": 1,
      "__PARA__L1": 1,
      "__PIPE__L2": "",
      "__PARA__L2": 8,
      "__PARA__L3": 128
    },
    "res_util": {
      "util-URAM": 0.0,
      "util-BRAM": 0.0,
      "util-DSP": 0.0,
      "util-LUT": 0.4412538909189335,
      "util-FF": 0.06545540668561375,
      "total-URAM": 0,
      "total-BRAM": 0,
      "total-DSP": 0,
      "total-LUT": 391251,
      "total-FF": 116076
    },
    "valid": true
  },
  "__PARA__L0-1.__PARA__L1-1.__PARA__L2-16.__PARA__L3-128.__PIPE__L2-NA": {
    "perf": 0.0,
    "point": {
      "__PARA__L0": 1,
      "__PARA__L1": 1,
      "__PIPE__L2": "",
      "__PARA__L2": 16,
      "__PARA__L3": 128
    },
    "res_util": {
      "util-URAM": 0,
      "util-BRAM": 0,
      "util-DSP": 0,
      "util-LUT": 0,
      "util-FF": 0,
      "total-URAM": 0,
      "total-BRAM": 0,
      "total-DSP": 0,
      "total-LUT": 0,
      "total-FF": 0
    },
    "valid": false
  },
  "__PARA__L0-1.__PARA__L1-1.__PARA__L2-32.__PARA__L3-128.__PIPE__L2-NA": {
    "perf": 0.0,
    "point": {
      "__PARA__L0": 1,
      "__PARA__L1": 1,
      "__PIPE__L2": "",
      "__PARA__L2": 32,
      "__PARA__L3": 128
    },
    "res_util": {
      "util-URAM": 0,
      "util-BRAM": 0,
      "util-DSP": 0,
      "util-LUT": 0,
      "util-FF": 0,
      "total-URAM": 0,
      "total-BRAM": 0,
      "total-DSP": 0,
      "total-LUT": 0,
      "total-FF": 0
    },
    "valid": false
  },
  "__PARA__L0-1.__PARA__L1-1.__PARA__L2-64.__PARA__L3-128.__PIPE__L2-NA": {
    "perf": 0.0,
    "point": {
      "__PARA__L0": 1,
      "__PARA__L1": 1,
      "__PIPE__L2": "",
      "__PARA__L2": 64,
      "__PARA__L3": 128
    },
    "res_util": {
      "util-URAM": 0,
      "util-BRAM": 0,
      "util-DSP": 0,
      "util-LUT": 0,
      "util-FF": 0,
      "total-URAM": 0,
      "total-BRAM": 0,
      "total-DSP": 0,
      "total-LUT": 0,
      "total-FF": 0
    },
    "valid": false
  },
  "__PARA__L0-1.__PARA__L1-1.__PARA__L2-128.__PARA__L3-128.__PIPE__L2-NA": {
    "perf": 0.0,
    "point": {
      "__PARA__L0": 1,
      "__PARA__L1": 1,
      "__PIPE__L2": "",
      "__PARA__L2": 128,
      "__PARA__L3": 128
    },
    "res_util": {
      "util-URAM": 0,
      "util-BRAM": 0,
      "util-DSP": 0,
      "util-LUT": 0,
      "util-FF": 0,
      "total-URAM": 0,
      "total-BRAM": 0,
      "total-DSP": 0,
      "total-LUT": 0,
      "total-FF": 0
    },
    "valid": false
  },
  "__PARA__L0-1.__PARA__L1-1.__PARA__L2-8.__PARA__L3-128.__PIPE__L2-off": {
    "perf": 0.0,
    "point": {
      "__PARA__L0": 1,
      "__PARA__L1": 1,
      "__PIPE__L2": "off",
      "__PARA__L2": 8,
      "__PARA__L3": 128
    },
    "res_util": {
      "util-URAM": 0,
      "util-BRAM": 0,
      "util-DSP": 0,
      "util-LUT": 0,
      "util-FF": 0,
      "total-URAM": 0,
      "total-BRAM": 0,
      "total-DSP": 0,
      "total-LUT": 0,
      "total-FF": 0
    },
    "valid": false
  },
  "__PARA__L0-1.__PARA__L1-1.__PARA__L2-8.__PARA__L3-128.__PIPE__L2-   ": {
    "perf": 0.0,
    "point": {
      "__PARA__L0": 1,
      "__PARA__L1": 1,
      "__PIPE__L2": "   ",
      "__PARA__L2": 8,
      "__PARA__L3": 128
    },
    "res_util": {
      "util-URAM": 0,
      "util-BRAM": 0,
      "util-DSP": 0,
      "util-LUT": 0,
      "util-FF": 0,
      "total-URAM": 0,
      "total-BRAM": 0,
      "total-DSP": 0,
      "total-LUT": 0,
      "total-FF": 0
    },
    "valid": false
  }
}