{
  "__PARA__L0-1.__PIPE__L0-NA": {
    "perf": 4947108.0,
    "point": {
      "__PIPE__L0": "",
      "__PARA__L0": 1
    },
    "res_util": {
      "util-URAM": 0.001388888888888889,
      "util-BRAM": 0.0021604938271604936,
      "util-DSP": 0.0021442495126705653,
      "util-LUT": 0.001873280101051112,
      "util-FF": 0.0009247981233364912,
      "total-URAM": 1,
      "total-BRAM": 7,
      "total-DSP": 11,
      "total-LUT": 1661,
      "total-FF": 1640
    },
    "valid": true
  },
  "__PARA__L0-2.__PIPE__L0-NA": {
    "perf": 4946614.0,
    "point": {
      "__PIPE__L0": "",
      "__PARA__L0": 2
    },
    "res_util": {
      "util-URAM": 0.001388888888888889,
      "util-BRAM": 0.0021604938271604936,
      "util-DSP": 0.0021442495126705653,
      "util-LUT": 0.0023537240041503135,
      "util-FF": 0.001227049217305003,
      "total-URAM": 1,
      "total-BRAM": 7,
      "total-DSP": 11,
      "total-LUT": 2087,
      "total-FF": 2176
    },
    "valid": true
  },
  "__PARA__L0-4.__PIPE__L0-NA": {
    "perf": 4966514.0,
    "point": {
      "__PIPE__L0": "",
      "__PARA__L0": 4
    },
    "res_util": {
      "util-URAM": 0.001388888888888889,
      "util-BRAM": 0.0021604938271604936,
      "util-DSP": 0.0021442495126705653,
      "util-LUT": 0.003131907790860288,
      "util-FF": 0.0018360626155997655,
      "total-URAM": 1,
      "total-BRAM": 7,
      "total-DSP": 11,
      "total-LUT": 2777,
      "total-FF": 3256
    },
    "valid": true
  },
  "__PARA__L0-8.__PIPE__L0-NA": {
    "perf": 4966336.0,
    "point": {
      "__PIPE__L0": "",
      "__PARA__L0": 8
    },
    "res_util": {
      "util-URAM": 0.001388888888888889,
      "util-BRAM": 0.0021604938271604936,
      "util-DSP": 0.0021442495126705653,
      "util-LUT": 0.004681508548743628,
      "util-FF": 0.0030450669914738123,
      "total-URAM": 1,
      "total-BRAM": 7,
      "total-DSP": 11,
      "total-LUT": 4151,
      "total-FF": 5400
    },
    "valid": true
  },
  "__PARA__L0-13.__PIPE__L0-NA": {
    "perf": 4946196.0,
    "point": {
      "__PIPE__L0": "",
      "__PARA__L0": 13
    },
    "res_util": {
      "util-URAM": 0.001388888888888889,
      "util-BRAM": 0.0021604938271604936,
      "util-DSP": 0.0021442495126705653,
      "util-LUT": 0.006559299860152479,
      "util-FF": 0.0045585780664952405,
      "total-URAM": 1,
      "total-BRAM": 7,
      "total-DSP": 11,
      "total-LUT": 5816,
      "total-FF": 8084
    },
    "valid": true
  },
  "__PARA__L0-16.__PIPE__L0-NA": {
    "perf": 4966259.0,
    "point": {
      "__PIPE__L0": "",
      "__PARA__L0": 16
    },
    "res_util": {
      "util-URAM": 0.001388888888888889,
      "util-BRAM": 0.0021604938271604936,
      "util-DSP": 0.0021442495126705653,
      "util-LUT": 0.007506654035277665,
      "util-FF": 0.005461947940632472,
      "total-URAM": 1,
      "total-BRAM": 7,
      "total-DSP": 11,
      "total-LUT": 6656,
      "total-FF": 9686
    },
    "valid": true
  },
  "__PARA__L0-19.__PIPE__L0-NA": {
    "perf": 4946172.0,
    "point": {
      "__PIPE__L0": "",
      "__PARA__L0": 19
    },
    "res_util": {
      "util-URAM": 0.001388888888888889,
      "util-BRAM": 0.0021604938271604936,
      "util-DSP": 0.0021442495126705653,
      "util-LUT": 0.008944602336806965,
      "util-FF": 0.006375468038074615,
      "total-URAM": 1,
      "total-BRAM": 7,
      "total-DSP": 11,
      "total-LUT": 7931,
      "total-FF": 11306
    },
    "valid": true
  },
  "__PARA__L0-26.__PIPE__L0-NA": {
    "perf": 4946158.0,
    "point": {
      "__PIPE__L0": "",
      "__PARA__L0": 26
    },
    "res_util": {
      "util-URAM": 0.001388888888888889,
      "util-BRAM": 0.0021604938271604936,
      "util-DSP": 0.0021442495126705653,
      "util-LUT": 0.011640050525556007,
      "util-FF": 0.008494609103622501,
      "total-URAM": 1,
      "total-BRAM": 7,
      "total-DSP": 11,
      "total-LUT": 10321,
      "total-FF": 15064
    },
    "valid": true
  },
  "__PARA__L0-32.__PIPE__L0-NA": {
    "perf": 5126342.0,
    "point": {
      "__PIPE__L0": "",
      "__PARA__L0": 32
    },
    "res_util": {
      "util-URAM": 0.001388888888888889,
      "util-BRAM": 0.0021604938271604936,
      "util-DSP": 0.0021442495126705653,
      "util-LUT": 0.013257319438805431,
      "util-FF": 0.010271462083276943,
      "total-URAM": 1,
      "total-BRAM": 7,
      "total-DSP": 11,
      "total-LUT": 11755,
      "total-FF": 18215
    },
    "valid": true
  },
  "__PARA__L0-38.__PIPE__L0-NA": {
    "perf": 4946146.0,
    "point": {
      "__PIPE__L0": "",
      "__PARA__L0": 38
    },
    "res_util": {
      "util-URAM": 0.001388888888888889,
      "util-BRAM": 0.0021604938271604936,
      "util-DSP": 0.0021442495126705653,
      "util-LUT": 0.016004646546668472,
      "util-FF": 0.01212838904678125,
      "total-URAM": 1,
      "total-BRAM": 7,
      "total-DSP": 11,
      "total-LUT": 14191,
      "total-FF": 21508
    },
    "valid": true
  },
  "__PARA__L0-64.__PIPE__L0-NA": {
    "perf": 5126382.0,
    "point": {
      "__PIPE__L0": "",
      "__PARA__L0": 64
    },
    "res_util": {
      "util-URAM": 0.001388888888888889,
      "util-BRAM": 0.0021604938271604936,
      "util-DSP": 0.0021442495126705653,
      "util-LUT": 0.024694365498263184,
      "util-FF": 0.01988992646727117,
      "total-URAM": 1,
      "total-BRAM": 7,
      "total-DSP": 11,
      "total-LUT": 21896,
      "total-FF": 35272
    },
    "valid": true
  },
  "__PARA__L0-128.__PIPE__L0-NA": {
    "perf": 5126498.0,
    "point": {
      "__PIPE__L0": "",
      "__PARA__L0": 128
    },
    "res_util": {
      "util-URAM": 0.001388888888888889,
      "util-BRAM": 0.0021604938271604936,
      "util-DSP": 0.0021442495126705653,
      "util-LUT": 0.04965827581540127,
      "util-FF": 0.039099787973113184,
      "total-URAM": 1,
      "total-BRAM": 7,
      "total-DSP": 11,
      "total-LUT": 44031,
      "total-FF": 69338
    },
    "valid": true
  },
  "__PARA__L0-247.__PIPE__L0-NA": {
    "perf": 4946124.0,
    "point": {
      "__PIPE__L0": "",
      "__PARA__L0": 247
    },
    "res_util": {
      "util-URAM": 0.001388888888888889,
      "util-BRAM": 0.0021604938271604936,
      "util-DSP": 0.0021442495126705653,
      "util-LUT": 0.09916091487346054,
      "util-FF": 0.07541728695809086,
      "total-URAM": 1,
      "total-BRAM": 7,
      "total-DSP": 11,
      "total-LUT": 87924,
      "total-FF": 133742
    },
    "valid": true
  },
  "__PARA__L0-256.__PIPE__L0-NA": {
    "perf": 5126748.0,
    "point": {
      "__PIPE__L0": "",
      "__PARA__L0": 256
    },
    "res_util": {
      "util-URAM": 0.001388888888888889,
      "util-BRAM": 0.0021604938271604936,
      "util-DSP": 0.0021442495126705653,
      "util-LUT": 0.09811318626787567,
      "util-FF": 0.07747609058510398,
      "total-URAM": 1,
      "total-BRAM": 7,
      "total-DSP": 11,
      "total-LUT": 86995,
      "total-FF": 137393
    },
    "valid": true
  },
  "__PARA__L0-494.__PIPE__L0-NA": {
    "perf": 4946122.0,
    "point": {
      "__PIPE__L0": "",
      "__PARA__L0": 494
    },
    "res_util": {
      "util-URAM": 0.001388888888888889,
      "util-BRAM": 0.0021604938271604936,
      "util-DSP": 0.0021442495126705653,
      "util-LUT": 0.18454684891956513,
      "util-FF": 0.14770097442143726,
      "total-URAM": 1,
      "total-BRAM": 7,
      "total-DSP": 11,
      "total-LUT": 163634,
      "total-FF": 261927
    },
    "valid": true
  },
  "__PARA__L0-494.__PIPE__L0-off": {
    "perf": 4946122.0,
    "point": {
      "__PIPE__L0": "off",
      "__PARA__L0": 494
    },
    "res_util": {
      "util-URAM": 0.001388888888888889,
      "util-BRAM": 0.0021604938271604936,
      "util-DSP": 0.0021442495126705653,
      "util-LUT": 0.18454684891956513,
      "util-FF": 0.14770097442143726,
      "total-URAM": 1,
      "total-BRAM": 7,
      "total-DSP": 11,
      "total-LUT": 163634,
      "total-FF": 261927
    },
    "valid": true
  },
  "__PARA__L0-494.__PIPE__L0-   ": {
    "perf": 0.0,
    "point": {
      "__PIPE__L0": "   ",
      "__PARA__L0": 494
    },
    "res_util": {
      "util-URAM": 0,
      "util-BRAM": 0,
      "util-DSP": 0,
      "util-LUT": 0,
      "util-FF": 0,
      "total-URAM": 0,
      "total-BRAM": 0,
      "total-DSP": 0,
      "total-LUT": 0,
      "total-FF": 0
    },
    "valid": false
  },
  "__PARA__L0-247.__PIPE__L0-off": {
    "perf": 4946124.0,
    "point": {
      "__PIPE__L0": "off",
      "__PARA__L0": 247
    },
    "res_util": {
      "util-URAM": 0.001388888888888889,
      "util-BRAM": 0.0021604938271604936,
      "util-DSP": 0.0021442495126705653,
      "util-LUT": 0.09916091487346054,
      "util-FF": 0.07541728695809086,
      "total-URAM": 1,
      "total-BRAM": 7,
      "total-DSP": 11,
      "total-LUT": 87924,
      "total-FF": 133742
    },
    "valid": true
  },
  "__PARA__L0-247.__PIPE__L0-   ": {
    "perf": 11525214.0,
    "point": {
      "__PIPE__L0": "   ",
      "__PARA__L0": 247
    },
    "res_util": {
      "util-URAM": 0.001388888888888889,
      "util-BRAM": 0.0021604938271604936,
      "util-DSP": 0.0021442495126705653,
      "util-LUT": 0.06395881264943384,
      "util-FF": 0.03969808724680832,
      "total-URAM": 1,
      "total-BRAM": 7,
      "total-DSP": 11,
      "total-LUT": 56711,
      "total-FF": 70399
    },
    "valid": true
  },
  "__PARA__L0-38.__PIPE__L0-off": {
    "perf": 4946146.0,
    "point": {
      "__PIPE__L0": "off",
      "__PARA__L0": 38
    },
    "res_util": {
      "util-URAM": 0.001388888888888889,
      "util-BRAM": 0.0021604938271604936,
      "util-DSP": 0.0021442495126705653,
      "util-LUT": 0.016004646546668472,
      "util-FF": 0.01212838904678125,
      "total-URAM": 1,
      "total-BRAM": 7,
      "total-DSP": 11,
      "total-LUT": 14191,
      "total-FF": 21508
    },
    "valid": true
  },
  "__PARA__L0-38.__PIPE__L0-   ": {
    "perf": 11525225.0,
    "point": {
      "__PIPE__L0": "   ",
      "__PARA__L0": 38
    },
    "res_util": {
      "util-URAM": 0.001388888888888889,
      "util-BRAM": 0.0021604938271604936,
      "util-DSP": 0.0021442495126705653,
      "util-LUT": 0.013425362024631208,
      "util-FF": 0.006698019578652952,
      "total-URAM": 1,
      "total-BRAM": 7,
      "total-DSP": 11,
      "total-LUT": 11904,
      "total-FF": 11878
    },
    "valid": true
  },
  "__PARA__L0-26.__PIPE__L0-off": {
    "perf": 4946158.0,
    "point": {
      "__PIPE__L0": "off",
      "__PARA__L0": 26
    },
    "res_util": {
      "util-URAM": 0.001388888888888889,
      "util-BRAM": 0.0021604938271604936,
      "util-DSP": 0.0021442495126705653,
      "util-LUT": 0.011640050525556007,
      "util-FF": 0.008494609103622501,
      "total-URAM": 1,
      "total-BRAM": 7,
      "total-DSP": 11,
      "total-LUT": 10321,
      "total-FF": 15064
    },
    "valid": true
  },
  "__PARA__L0-26.__PIPE__L0-   ": {
    "perf": 11525231.0,
    "point": {
      "__PIPE__L0": "   ",
      "__PARA__L0": 26
    },
    "res_util": {
      "util-URAM": 0.001388888888888889,
      "util-BRAM": 0.0021604938271604936,
      "util-DSP": 0.0021442495126705653,
      "util-LUT": 0.010048721071863581,
      "util-FF": 0.00480331122840258,
      "total-URAM": 1,
      "total-BRAM": 7,
      "total-DSP": 11,
      "total-LUT": 8910,
      "total-FF": 8518
    },
    "valid": true
  },
  "__PARA__L0-19.__PIPE__L0-off": {
    "perf": 4946172.0,
    "point": {
      "__PIPE__L0": "off",
      "__PARA__L0": 19
    },
    "res_util": {
      "util-URAM": 0.001388888888888889,
      "util-BRAM": 0.0021604938271604936,
      "util-DSP": 0.0021442495126705653,
      "util-LUT": 0.008944602336806965,
      "util-FF": 0.006375468038074615,
      "total-URAM": 1,
      "total-BRAM": 7,
      "total-DSP": 11,
      "total-LUT": 7931,
      "total-FF": 11306
    },
    "valid": true
  },
  "__PARA__L0-19.__PIPE__L0-   ": {
    "perf": 11525238.0,
    "point": {
      "__PIPE__L0": "   ",
      "__PARA__L0": 19
    },
    "res_util": {
      "util-URAM": 0.001388888888888889,
      "util-BRAM": 0.0021604938271604936,
      "util-DSP": 0.0021442495126705653,
      "util-LUT": 0.007769432038615961,
      "util-FF": 0.0036986285920512472,
      "total-URAM": 1,
      "total-BRAM": 7,
      "total-DSP": 11,
      "total-LUT": 6889,
      "total-FF": 6559
    },
    "valid": true
  },
  "__PARA__L0-13.__PIPE__L0-off": {
    "perf": 4946196.0,
    "point": {
      "__PIPE__L0": "off",
      "__PARA__L0": 13
    },
    "res_util": {
      "util-URAM": 0.001388888888888889,
      "util-BRAM": 0.0021604938271604936,
      "util-DSP": 0.0021442495126705653,
      "util-LUT": 0.006559299860152479,
      "util-FF": 0.0045585780664952405,
      "total-URAM": 1,
      "total-BRAM": 7,
      "total-DSP": 11,
      "total-LUT": 5816,
      "total-FF": 8084
    },
    "valid": true
  },
  "__PARA__L0-13.__PIPE__L0-   ": {
    "perf": 11525250.0,
    "point": {
      "__PIPE__L0": "   ",
      "__PARA__L0": 13
    },
    "res_util": {
      "util-URAM": 0.001388888888888889,
      "util-BRAM": 0.0021604938271604936,
      "util-DSP": 0.0021442495126705653,
      "util-LUT": 0.005786755086389679,
      "util-FF": 0.002751274416926061,
      "total-URAM": 1,
      "total-BRAM": 7,
      "total-DSP": 11,
      "total-LUT": 5131,
      "total-FF": 4879
    },
    "valid": true
  },
  "__PARA__L0-2.__PIPE__L0-off": {
    "perf": 4946614.0,
    "point": {
      "__PIPE__L0": "off",
      "__PARA__L0": 2
    },
    "res_util": {
      "util-URAM": 0.001388888888888889,
      "util-BRAM": 0.0021604938271604936,
      "util-DSP": 0.0021442495126705653,
      "util-LUT": 0.0023537240041503135,
      "util-FF": 0.001227049217305003,
      "total-URAM": 1,
      "total-BRAM": 7,
      "total-DSP": 11,
      "total-LUT": 2087,
      "total-FF": 2176
    },
    "valid": true
  },
  "__PARA__L0-2.__PIPE__L0-   ": {
    "perf": 11525459.0,
    "point": {
      "__PIPE__L0": "   ",
      "__PARA__L0": 2
    },
    "res_util": {
      "util-URAM": 0.001388888888888889,
      "util-BRAM": 0.0021604938271604936,
      "util-DSP": 0.0021442495126705653,
      "util-LUT": 0.0021665087743041457,
      "util-FF": 0.0010138945279018362,
      "total-URAM": 1,
      "total-BRAM": 7,
      "total-DSP": 11,
      "total-LUT": 1921,
      "total-FF": 1798
    },
    "valid": true
  },
  "__PARA__L0-1.__PIPE__L0-off": {
    "perf": 4947108.0,
    "point": {
      "__PIPE__L0": "off",
      "__PARA__L0": 1
    },
    "res_util": {
      "util-URAM": 0.001388888888888889,
      "util-BRAM": 0.0021604938271604936,
      "util-DSP": 0.0021442495126705653,
      "util-LUT": 0.001873280101051112,
      "util-FF": 0.0009247981233364912,
      "total-URAM": 1,
      "total-BRAM": 7,
      "total-DSP": 11,
      "total-LUT": 1661,
      "total-FF": 1640
    },
    "valid": true
  },
  "__PARA__L0-1.__PIPE__L0-   ": {
    "perf": 11525706.0,
    "point": {
      "__PIPE__L0": "   ",
      "__PARA__L0": 1
    },
    "res_util": {
      "util-URAM": 0.001388888888888889,
      "util-BRAM": 0.0021604938271604936,
      "util-DSP": 0.0021442495126705653,
      "util-LUT": 0.0018056119456850274,
      "util-FF": 0.0008565660666756891,
      "total-URAM": 1,
      "total-BRAM": 7,
      "total-DSP": 11,
      "total-LUT": 1601,
      "total-FF": 1519
    },
    "valid": true
  },
  "__PARA__L0-16.__PIPE__L0-off": {
    "perf": 4966259.0,
    "point": {
      "__PIPE__L0": "off",
      "__PARA__L0": 16
    },
    "res_util": {
      "util-URAM": 0.001388888888888889,
      "util-BRAM": 0.0021604938271604936,
      "util-DSP": 0.0021442495126705653,
      "util-LUT": 0.007506654035277665,
      "util-FF": 0.005461947940632472,
      "total-URAM": 1,
      "total-BRAM": 7,
      "total-DSP": 11,
      "total-LUT": 6656,
      "total-FF": 9686
    },
    "valid": true
  },
  "__PARA__L0-16.__PIPE__L0-   ": {
    "perf": 11571924.0,
    "point": {
      "__PIPE__L0": "   ",
      "__PARA__L0": 16
    },
    "res_util": {
      "util-URAM": 0.001388888888888889,
      "util-BRAM": 0.0021604938271604936,
      "util-DSP": 0.0021442495126705653,
      "util-LUT": 0.006517571164343394,
      "util-FF": 0.003215365182478459,
      "total-URAM": 1,
      "total-BRAM": 7,
      "total-DSP": 11,
      "total-LUT": 5779,
      "total-FF": 5702
    },
    "valid": true
  },
  "__PARA__L0-8.__PIPE__L0-off": {
    "perf": 4966336.0,
    "point": {
      "__PIPE__L0": "off",
      "__PARA__L0": 8
    },
    "res_util": {
      "util-URAM": 0.001388888888888889,
      "util-BRAM": 0.0021604938271604936,
      "util-DSP": 0.0021442495126705653,
      "util-LUT": 0.004681508548743628,
      "util-FF": 0.0030450669914738123,
      "total-URAM": 1,
      "total-BRAM": 7,
      "total-DSP": 11,
      "total-LUT": 4151,
      "total-FF": 5400
    },
    "valid": true
  },
  "__PARA__L0-8.__PIPE__L0-   ": {
    "perf": 11571939.0,
    "point": {
      "__PIPE__L0": "   ",
      "__PARA__L0": 8
    },
    "res_util": {
      "util-URAM": 0.001388888888888889,
      "util-BRAM": 0.0021604938271604936,
      "util-DSP": 0.0021442495126705653,
      "util-LUT": 0.004088284386700952,
      "util-FF": 0.001964068209500609,
      "total-URAM": 1,
      "total-BRAM": 7,
      "total-DSP": 11,
      "total-LUT": 3625,
      "total-FF": 3483
    },
    "valid": true
  },
  "__PARA__L0-4.__PIPE__L0-off": {
    "perf": 4966514.0,
    "point": {
      "__PIPE__L0": "off",
      "__PARA__L0": 4
    },
    "res_util": {
      "util-URAM": 0.001388888888888889,
      "util-BRAM": 0.0021604938271604936,
      "util-DSP": 0.0021442495126705653,
      "util-LUT": 0.003131907790860288,
      "util-FF": 0.0018360626155997655,
      "total-URAM": 1,
      "total-BRAM": 7,
      "total-DSP": 11,
      "total-LUT": 2777,
      "total-FF": 3256
    },
    "valid": true
  },
  "__PARA__L0-4.__PIPE__L0-   ": {
    "perf": 11571993.0,
    "point": {
      "__PIPE__L0": "   ",
      "__PARA__L0": 4
    },
    "res_util": {
      "util-URAM": 0.001388888888888889,
      "util-BRAM": 0.0021604938271604936,
      "util-DSP": 0.0021442495126705653,
      "util-LUT": 0.0027653719492939954,
      "util-FF": 0.0013358821671854558,
      "total-URAM": 1,
      "total-BRAM": 7,
      "total-DSP": 11,
      "total-LUT": 2452,
      "total-FF": 2369
    },
    "valid": true
  },
  "__PARA__L0-32.__PIPE__L0-off": {
    "perf": 5126342.0,
    "point": {
      "__PIPE__L0": "off",
      "__PARA__L0": 32
    },
    "res_util": {
      "util-URAM": 0.001388888888888889,
      "util-BRAM": 0.0021604938271604936,
      "util-DSP": 0.0021442495126705653,
      "util-LUT": 0.013257319438805431,
      "util-FF": 0.010271462083276943,
      "total-URAM": 1,
      "total-BRAM": 7,
      "total-DSP": 11,
      "total-LUT": 11755,
      "total-FF": 18215
    },
    "valid": true
  },
  "__PARA__L0-32.__PIPE__L0-   ": {
    "perf": 11945125.0,
    "point": {
      "__PIPE__L0": "   ",
      "__PARA__L0": 32
    },
    "res_util": {
      "util-URAM": 0.001388888888888889,
      "util-BRAM": 0.0021604938271604936,
      "util-DSP": 0.0021442495126705653,
      "util-LUT": 0.011375016917038842,
      "util-FF": 0.0057128840167817024,
      "total-URAM": 1,
      "total-BRAM": 7,
      "total-DSP": 11,
      "total-LUT": 10086,
      "total-FF": 10131
    },
    "valid": true
  },
  "__PARA__L0-64.__PIPE__L0-off": {
    "perf": 5126382.0,
    "point": {
      "__PIPE__L0": "off",
      "__PARA__L0": 64
    },
    "res_util": {
      "util-URAM": 0.001388888888888889,
      "util-BRAM": 0.0021604938271604936,
      "util-DSP": 0.0021442495126705653,
      "util-LUT": 0.024694365498263184,
      "util-FF": 0.01988992646727117,
      "total-URAM": 1,
      "total-BRAM": 7,
      "total-DSP": 11,
      "total-LUT": 21896,
      "total-FF": 35272
    },
    "valid": true
  },
  "__PARA__L0-64.__PIPE__L0-   ": {
    "perf": 11945181.0,
    "point": {
      "__PIPE__L0": "   ",
      "__PARA__L0": 64
    },
    "res_util": {
      "util-URAM": 0.001388888888888889,
      "util-BRAM": 0.0021604938271604936,
      "util-DSP": 0.0021442495126705653,
      "util-LUT": 0.01830536382911535,
      "util-FF": 0.010691004646546669,
      "total-URAM": 1,
      "total-BRAM": 7,
      "total-DSP": 11,
      "total-LUT": 16231,
      "total-FF": 18959
    },
    "valid": true
  },
  "__PARA__L0-128.__PIPE__L0-off": {
    "perf": 5126498.0,
    "point": {
      "__PIPE__L0": "off",
      "__PARA__L0": 128
    },
    "res_util": {
      "util-URAM": 0.001388888888888889,
      "util-BRAM": 0.0021604938271604936,
      "util-DSP": 0.0021442495126705653,
      "util-LUT": 0.04965827581540127,
      "util-FF": 0.039099787973113184,
      "total-URAM": 1,
      "total-BRAM": 7,
      "total-DSP": 11,
      "total-LUT": 44031,
      "total-FF": 69338
    },
    "valid": true
  },
  "__PARA__L0-128.__PIPE__L0-   ": {
    "perf": 11945305.0,
    "point": {
      "__PIPE__L0": "   ",
      "__PARA__L0": 128
    },
    "res_util": {
      "util-URAM": 0.001388888888888889,
      "util-BRAM": 0.0021604938271604936,
      "util-DSP": 0.0021442495126705653,
      "util-LUT": 0.03300401497721839,
      "util-FF": 0.020624689854287906,
      "total-URAM": 1,
      "total-BRAM": 7,
      "total-DSP": 11,
      "total-LUT": 29264,
      "total-FF": 36575
    },
    "valid": true
  },
  "__PARA__L0-256.__PIPE__L0-off": {
    "perf": 5126748.0,
    "point": {
      "__PIPE__L0": "off",
      "__PARA__L0": 256
    },
    "res_util": {
      "util-URAM": 0.001388888888888889,
      "util-BRAM": 0.0021604938271604936,
      "util-DSP": 0.0021442495126705653,
      "util-LUT": 0.09811318626787567,
      "util-FF": 0.07747609058510398,
      "total-URAM": 1,
      "total-BRAM": 7,
      "total-DSP": 11,
      "total-LUT": 86995,
      "total-FF": 137393
    },
    "valid": true
  },
  "__PARA__L0-256.__PIPE__L0-   ": {
    "perf": 11945559.0,
    "point": {
      "__PIPE__L0": "   ",
      "__PARA__L0": 256
    },
    "res_util": {
      "util-URAM": 0.001388888888888889,
      "util-BRAM": 0.0021604938271604936,
      "util-DSP": 0.0021442495126705653,
      "util-LUT": 0.06154080389768575,
      "util-FF": 0.04044976767266658,
      "total-URAM": 1,
      "total-BRAM": 7,
      "total-DSP": 11,
      "total-LUT": 54567,
      "total-FF": 71732
    },
    "valid": true
  }
}