{
  "__PARA__L0-1.__PARA__L1-1.__PARA__L2-1.__PARA__L3-1.__PIPE__L0-NA.__PIPE__L1-NA": {
    "perf": 69936810.0,
    "point": {
      "__PIPE__L0": "",
      "__PARA__L0": 1,
      "__PIPE__L1": "",
      "__PARA__L1": 1,
      "__PARA__L2": 1,
      "__PARA__L3": 1
    },
    "res_util": {
      "util-URAM": 0.0,
      "util-BRAM": 0.02962962962962963,
      "util-DSP": 0.003703703703703704,
      "util-LUT": 0.0028364235124283847,
      "util-FF": 0.0019076780800288717,
      "total-URAM": 0,
      "total-BRAM": 96,
      "total-DSP": 19,
      "total-LUT": 2515,
      "total-FF": 3383
    },
    "valid": true
  },
  "__PARA__L0-1.__PARA__L1-1.__PARA__L2-1.__PARA__L3-2.__PIPE__L0-NA.__PIPE__L1-NA": {
    "perf": 69936810.0,
    "point": {
      "__PIPE__L0": "",
      "__PARA__L0": 1,
      "__PIPE__L1": "",
      "__PARA__L1": 1,
      "__PARA__L2": 1,
      "__PARA__L3": 2
    },
    "res_util": {
      "util-URAM": 0.0,
      "util-BRAM": 0.02962962962962963,
      "util-DSP": 0.003703703703703704,
      "util-LUT": 0.003055217214778725,
      "util-FF": 0.0020193305363829113,
      "total-URAM": 0,
      "total-BRAM": 96,
      "total-DSP": 19,
      "total-LUT": 2709,
      "total-FF": 3581
    },
    "valid": true
  },
  "__PARA__L0-1.__PARA__L1-1.__PARA__L2-1.__PARA__L3-4.__PIPE__L0-NA.__PIPE__L1-NA": {
    "perf": 69936810.0,
    "point": {
      "__PIPE__L0": "",
      "__PARA__L0": 1,
      "__PIPE__L1": "",
      "__PARA__L1": 1,
      "__PARA__L2": 1,
      "__PARA__L3": 4
    },
    "res_util": {
      "util-URAM": 0.0,
      "util-BRAM": 0.04938271604938271,
      "util-DSP": 0.003898635477582846,
      "util-LUT": 0.004171741778319123,
      "util-FF": 0.002408422429737899,
      "total-URAM": 0,
      "total-BRAM": 160,
      "total-DSP": 20,
      "total-LUT": 3699,
      "total-FF": 4271
    },
    "valid": true
  },
  "__PARA__L0-1.__PARA__L1-1.__PARA__L2-1.__PARA__L3-5.__PIPE__L0-NA.__PIPE__L1-NA": {
    "perf": 69936819.0,
    "point": {
      "__PIPE__L0": "",
      "__PARA__L0": 1,
      "__PIPE__L1": "",
      "__PARA__L1": 1,
      "__PARA__L2": 1,
      "__PARA__L3": 5
    },
    "res_util": {
      "util-URAM": 0.0,
      "util-BRAM": 0.10864197530864197,
      "util-DSP": 0.003703703703703704,
      "util-LUT": 0.004949925565029097,
      "util-FF": 0.0027089818198222583,
      "total-URAM": 0,
      "total-BRAM": 352,
      "total-DSP": 19,
      "total-LUT": 4389,
      "total-FF": 4804
    },
    "valid": true
  },
  "__PARA__L0-1.__PARA__L1-1.__PARA__L2-1.__PARA__L3-8.__PIPE__L0-NA.__PIPE__L1-NA": {
    "perf": 69936810.0,
    "point": {
      "__PIPE__L0": "",
      "__PARA__L0": 1,
      "__PIPE__L1": "",
      "__PARA__L1": 1,
      "__PARA__L2": 1,
      "__PARA__L3": 8
    },
    "res_util": {
      "util-URAM": 0.0,
      "util-BRAM": 0.08888888888888889,
      "util-DSP": 0.003898635477582846,
      "util-LUT": 0.0047672215455406685,
      "util-FF": 0.0029289033247620337,
      "total-URAM": 0,
      "total-BRAM": 288,
      "total-DSP": 20,
      "total-LUT": 4227,
      "total-FF": 5194
    },
    "valid": true
  },
  "__PARA__L0-1.__PARA__L1-1.__PARA__L2-1.__PARA__L3-10.__PIPE__L0-NA.__PIPE__L1-NA": {
    "perf": 69936819.0,
    "point": {
      "__PIPE__L0": "",
      "__PARA__L0": 1,
      "__PIPE__L1": "",
      "__PARA__L1": 1,
      "__PARA__L2": 1,
      "__PARA__L3": 10
    },
    "res_util": {
      "util-URAM": 0.0,
      "util-BRAM": 0.10864197530864197,
      "util-DSP": 0.003703703703703704,
      "util-LUT": 0.005881490503902197,
      "util-FF": 0.0034189335498714304,
      "total-URAM": 0,
      "total-BRAM": 352,
      "total-DSP": 19,
      "total-LUT": 5215,
      "total-FF": 6063
    },
    "valid": true
  },
  "__PARA__L0-1.__PARA__L1-1.__PARA__L2-1.__PARA__L3-16.__PIPE__L0-NA.__PIPE__L1-NA": {
    "perf": 74592810.0,
    "point": {
      "__PIPE__L0": "",
      "__PARA__L0": 1,
      "__PIPE__L1": "",
      "__PARA__L1": 1,
      "__PARA__L2": 1,
      "__PARA__L3": 16
    },
    "res_util": {
      "util-URAM": 0.0,
      "util-BRAM": 0.16790123456790124,
      "util-DSP": 0.003898635477582846,
      "util-LUT": 0.0071491406144268506,
      "util-FF": 0.0044463617088464835,
      "total-URAM": 0,
      "total-BRAM": 544,
      "total-DSP": 20,
      "total-LUT": 6339,
      "total-FF": 7885
    },
    "valid": true
  },
  "__PARA__L0-1.__PARA__L1-1.__PARA__L2-1.__PARA__L3-20.__PIPE__L0-NA.__PIPE__L1-NA": {
    "perf": 69888819.0,
    "point": {
      "__PIPE__L0": "",
      "__PARA__L0": 1,
      "__PIPE__L1": "",
      "__PARA__L1": 1,
      "__PARA__L2": 1,
      "__PARA__L3": 20
    },
    "res_util": {
      "util-URAM": 0.013888888888888888,
      "util-BRAM": 0.10864197530864197,
      "util-DSP": 0.003703703703703704,
      "util-LUT": 0.008119050841340732,
      "util-FF": 0.0047999278206342765,
      "total-URAM": 10,
      "total-BRAM": 352,
      "total-DSP": 19,
      "total-LUT": 7199,
      "total-FF": 8512
    },
    "valid": true
  },
  "__PARA__L0-1.__PARA__L1-1.__PARA__L2-1.__PARA__L3-25.__PIPE__L0-NA.__PIPE__L1-NA": {
    "perf": 69792619.0,
    "point": {
      "__PIPE__L0": "",
      "__PARA__L0": 1,
      "__PIPE__L1": "",
      "__PARA__L1": 1,
      "__PARA__L2": 1,
      "__PARA__L3": 25
    },
    "res_util": {
      "util-URAM": 0.06944444444444445,
      "util-BRAM": 0.009876543209876543,
      "util-DSP": 0.003703703703703704,
      "util-LUT": 0.010361122389137006,
      "util-FF": 0.005496345919610231,
      "total-URAM": 50,
      "total-BRAM": 32,
      "total-DSP": 19,
      "total-LUT": 9187,
      "total-FF": 9747
    },
    "valid": true
  },
  "__PARA__L0-1.__PARA__L1-1.__PARA__L2-1.__PARA__L3-32.__PIPE__L0-NA.__PIPE__L1-NA": {
    "perf": 79056610.0,
    "point": {
      "__PIPE__L0": "",
      "__PARA__L0": 1,
      "__PIPE__L1": "",
      "__PARA__L1": 1,
      "__PARA__L2": 1,
      "__PARA__L3": 32
    },
    "res_util": {
      "util-URAM": 0.044444444444444446,
      "util-BRAM": 0.009876543209876543,
      "util-DSP": 0.003898635477582846,
      "util-LUT": 0.011457346506067579,
      "util-FF": 0.006672644020390671,
      "total-URAM": 32,
      "total-BRAM": 32,
      "total-DSP": 20,
      "total-LUT": 10159,
      "total-FF": 11833
    },
    "valid": true
  },
  "__PARA__L0-1.__PARA__L1-1.__PARA__L2-1.__PARA__L3-40.__PIPE__L0-NA.__PIPE__L1-NA": {
    "perf": 69792819.0,
    "point": {
      "__PIPE__L0": "",
      "__PARA__L0": 1,
      "__PIPE__L1": "",
      "__PARA__L1": 1,
      "__PARA__L2": 1,
      "__PARA__L3": 40
    },
    "res_util": {
      "util-URAM": 0.05555555555555555,
      "util-BRAM": 0.009876543209876543,
      "util-DSP": 0.003703703703703704,
      "util-LUT": 0.012546803807461543,
      "util-FF": 0.00765157666802003,
      "total-URAM": 40,
      "total-BRAM": 32,
      "total-DSP": 19,
      "total-LUT": 11125,
      "total-FF": 13569
    },
    "valid": true
  },
  "__PARA__L0-1.__PARA__L1-1.__PARA__L2-1.__PARA__L3-50.__PIPE__L0-NA.__PIPE__L1-NA": {
    "perf": 70944619.0,
    "point": {
      "__PIPE__L0": "",
      "__PARA__L0": 1,
      "__PIPE__L1": "",
      "__PARA__L1": 1,
      "__PARA__L2": 1,
      "__PARA__L3": 50
    },
    "res_util": {
      "util-URAM": 0.06944444444444445,
      "util-BRAM": 0.009876543209876543,
      "util-DSP": 0.005263157894736842,
      "util-LUT": 0.01481819822258312,
      "util-FF": 0.0060906978842423425,
      "total-URAM": 50,
      "total-BRAM": 32,
      "total-DSP": 27,
      "total-LUT": 13139,
      "total-FF": 10801
    },
    "valid": true
  },
  "__PARA__L0-1.__PARA__L1-1.__PARA__L2-1.__PARA__L3-64.__PIPE__L0-NA.__PIPE__L1-NA": {
    "perf": 102816810.0,
    "point": {
      "__PIPE__L0": "",
      "__PARA__L0": 1,
      "__PIPE__L1": "",
      "__PARA__L1": 1,
      "__PARA__L2": 1,
      "__PARA__L3": 64
    },
    "res_util": {
      "util-URAM": 0.08888888888888889,
      "util-BRAM": 0.009876543209876543,
      "util-DSP": 0.005263157894736842,
      "util-LUT": 0.020495556457797628,
      "util-FF": 0.00778465737357333,
      "total-URAM": 64,
      "total-BRAM": 32,
      "total-DSP": 27,
      "total-LUT": 18173,
      "total-FF": 13805
    },
    "valid": true
  },
  "__PARA__L0-1.__PARA__L1-1.__PARA__L2-1.__PARA__L3-100.__PIPE__L0-NA.__PIPE__L1-NA": {
    "perf": 59712610.0,
    "point": {
      "__PIPE__L0": "",
      "__PARA__L0": 1,
      "__PIPE__L1": "",
      "__PARA__L1": 1,
      "__PARA__L2": 1,
      "__PARA__L3": 100
    },
    "res_util": {
      "util-URAM": 0.0,
      "util-BRAM": 0.25679012345679014,
      "util-DSP": 0.16023391812865498,
      "util-LUT": 0.2112047187260342,
      "util-FF": 0.0665865926828168,
      "total-URAM": 0,
      "total-BRAM": 832,
      "total-DSP": 822,
      "total-LUT": 187271,
      "total-FF": 118082
    },
    "valid": true
  },
  "__PARA__L0-1.__PARA__L1-1.__PARA__L2-1.__PARA__L3-128.__PIPE__L0-NA.__PIPE__L1-NA": {
    "perf": 158784610.0,
    "point": {
      "__PIPE__L0": "",
      "__PARA__L0": 1,
      "__PIPE__L1": "",
      "__PARA__L1": 1,
      "__PARA__L2": 1,
      "__PARA__L3": 128
    },
    "res_util": {
      "util-URAM": 0.0,
      "util-BRAM": 0.25679012345679014,
      "util-DSP": 0.09161793372319688,
      "util-LUT": 0.05766567420038796,
      "util-FF": 0.043907046510578786,
      "total-URAM": 0,
      "total-BRAM": 832,
      "total-DSP": 470,
      "total-LUT": 51131,
      "total-FF": 77863
    },
    "valid": true
  },
  "__PARA__L0-1.__PARA__L1-1.__PARA__L2-1.__PARA__L3-200.__PIPE__L0-NA.__PIPE__L1-NA": {
    "perf": 68756610.0,
    "point": {
      "__PIPE__L0": "",
      "__PARA__L0": 1,
      "__PIPE__L1": "",
      "__PARA__L1": 1,
      "__PARA__L2": 1,
      "__PARA__L3": 200
    },
    "res_util": {
      "util-URAM": 0.0,
      "util-BRAM": 0.02962962962962963,
      "util-DSP": 0.0042884990253411305,
      "util-LUT": 0.03854152569134299,
      "util-FF": 0.0240684350611269,
      "total-URAM": 0,
      "total-BRAM": 96,
      "total-DSP": 22,
      "total-LUT": 34174,
      "total-FF": 42682
    },
    "valid": true
  },
  "__PARA__L0-1.__PARA__L1-1.__PARA__L2-2.__PARA__L3-100.__PIPE__L0-NA.__PIPE__L1-NA": {
    "perf": 59712610.0,
    "point": {
      "__PIPE__L0": "",
      "__PARA__L0": 1,
      "__PIPE__L1": "",
      "__PARA__L1": 1,
      "__PARA__L2": 2,
      "__PARA__L3": 100
    },
    "res_util": {
      "util-URAM": 0.0,
      "util-BRAM": 0.26666666666666666,
      "util-DSP": 0.16237816764132554,
      "util-LUT": 0.21288063337393423,
      "util-FF": 0.06736139306175846,
      "total-URAM": 0,
      "total-BRAM": 864,
      "total-DSP": 833,
      "total-LUT": 188757,
      "total-FF": 119456
    },
    "valid": true
  },
  "__PARA__L0-1.__PARA__L1-1.__PARA__L2-4.__PARA__L3-100.__PIPE__L0-NA.__PIPE__L1-NA": {
    "perf": 59712610.0,
    "point": {
      "__PIPE__L0": "",
      "__PARA__L0": 1,
      "__PIPE__L1": "",
      "__PARA__L1": 1,
      "__PARA__L2": 4,
      "__PARA__L3": 100
    },
    "res_util": {
      "util-URAM": 0.0,
      "util-BRAM": 0.28641975308641976,
      "util-DSP": 0.16666666666666666,
      "util-LUT": 0.21482947624847748,
      "util-FF": 0.06883204763838138,
      "total-URAM": 0,
      "total-BRAM": 928,
      "total-DSP": 855,
      "total-LUT": 190485,
      "total-FF": 122064
    },
    "valid": true
  },
  "__PARA__L0-1.__PARA__L1-1.__PARA__L2-5.__PARA__L3-100.__PIPE__L0-NA.__PIPE__L1-NA": {
    "perf": 59712628.0,
    "point": {
      "__PIPE__L0": "",
      "__PARA__L0": 1,
      "__PIPE__L1": "",
      "__PARA__L1": 1,
      "__PARA__L2": 5,
      "__PARA__L3": 100
    },
    "res_util": {
      "util-URAM": 0.0,
      "util-BRAM": 0.2962962962962963,
      "util-DSP": 0.16881091617933724,
      "util-LUT": 0.2213425362024631,
      "util-FF": 0.06978955203681148,
      "total-URAM": 0,
      "total-BRAM": 960,
      "total-DSP": 866,
      "total-LUT": 196260,
      "total-FF": 123762
    },
    "valid": true
  },
  "__PARA__L0-1.__PARA__L1-1.__PARA__L2-8.__PARA__L3-100.__PIPE__L0-NA.__PIPE__L1-NA": {
    "perf": 59712610.0,
    "point": {
      "__PIPE__L0": "",
      "__PARA__L0": 1,
      "__PIPE__L1": "",
      "__PARA__L1": 1,
      "__PARA__L2": 8,
      "__PARA__L3": 100
    },
    "res_util": {
      "util-URAM": 0.0,
      "util-BRAM": 0.32592592592592595,
      "util-DSP": 0.17524366471734892,
      "util-LUT": 0.21947827852212748,
      "util-FF": 0.07162674245500068,
      "total-URAM": 0,
      "total-BRAM": 1056,
      "total-DSP": 899,
      "total-LUT": 194607,
      "total-FF": 127020
    },
    "valid": true
  },
  "__PARA__L0-1.__PARA__L1-1.__PARA__L2-10.__PARA__L3-100.__PIPE__L0-NA.__PIPE__L1-NA": {
    "perf": 59712629.0,
    "point": {
      "__PIPE__L0": "",
      "__PARA__L0": 1,
      "__PIPE__L1": "",
      "__PARA__L1": 1,
      "__PARA__L2": 10,
      "__PARA__L3": 100
    },
    "res_util": {
      "util-URAM": 0.0,
      "util-BRAM": 0.345679012345679,
      "util-DSP": 0.17953216374269007,
      "util-LUT": 0.22661839671583886,
      "util-FF": 0.07324852257860784,
      "total-URAM": 0,
      "total-BRAM": 1120,
      "total-DSP": 921,
      "total-LUT": 200938,
      "total-FF": 129896
    },
    "valid": true
  },
  "__PARA__L0-1.__PARA__L1-1.__PARA__L2-16.__PARA__L3-100.__PIPE__L0-NA.__PIPE__L1-NA": {
    "perf": 59712610.0,
    "point": {
      "__PIPE__L0": "",
      "__PARA__L0": 1,
      "__PIPE__L1": "",
      "__PARA__L1": 1,
      "__PARA__L2": 16,
      "__PARA__L3": 100
    },
    "res_util": {
      "util-URAM": 0.022222222222222223,
      "util-BRAM": 0.24691358024691357,
      "util-DSP": 0.19239766081871346,
      "util-LUT": 0.22970180899535345,
      "util-FF": 0.07728323634231064,
      "total-URAM": 16,
      "total-BRAM": 800,
      "total-DSP": 987,
      "total-LUT": 203672,
      "total-FF": 137051
    },
    "valid": true
  },
  "__PARA__L0-1.__PARA__L1-1.__PARA__L2-20.__PARA__L3-100.__PIPE__L0-NA.__PIPE__L1-NA": {
    "perf": 59712629.0,
    "point": {
      "__PIPE__L0": "",
      "__PARA__L0": 1,
      "__PIPE__L1": "",
      "__PARA__L1": 1,
      "__PARA__L2": 20,
      "__PARA__L3": 100
    },
    "res_util": {
      "util-URAM": 0.027777777777777776,
      "util-BRAM": 0.24691358024691357,
      "util-DSP": 0.20097465886939572,
      "util-LUT": 0.2371137276131186,
      "util-FF": 0.08037567104254072,
      "total-URAM": 20,
      "total-BRAM": 800,
      "total-DSP": 1031,
      "total-LUT": 210244,
      "total-FF": 142535
    },
    "valid": true
  },
  "__PARA__L0-1.__PARA__L1-1.__PARA__L2-25.__PARA__L3-100.__PIPE__L0-NA.__PIPE__L1-NA": {
    "perf": 59712629.0,
    "point": {
      "__PIPE__L0": "",
      "__PARA__L0": 1,
      "__PIPE__L1": "",
      "__PARA__L1": 1,
      "__PARA__L2": 25,
      "__PARA__L3": 100
    },
    "res_util": {
      "util-URAM": 0.034722222222222224,
      "util-BRAM": 0.24691358024691357,
      "util-DSP": 0.21169590643274855,
      "util-LUT": 0.26459827671764335,
      "util-FF": 0.08377204854062345,
      "total-URAM": 25,
      "total-BRAM": 800,
      "total-DSP": 1086,
      "total-LUT": 234614,
      "total-FF": 148558
    },
    "valid": true
  },
  "__PARA__L0-1.__PARA__L1-1.__PARA__L2-32.__PARA__L3-100.__PIPE__L0-NA.__PIPE__L1-NA": {
    "perf": 59712610.0,
    "point": {
      "__PIPE__L0": "",
      "__PARA__L0": 1,
      "__PIPE__L1": "",
      "__PARA__L1": 1,
      "__PARA__L2": 32,
      "__PARA__L3": 100
    },
    "res_util": {
      "util-URAM": 0.044444444444444446,
      "util-BRAM": 0.24691358024691357,
      "util-DSP": 0.2267056530214425,
      "util-LUT": 0.2487436279153697,
      "util-FF": 0.08856690124960527,
      "total-URAM": 32,
      "total-BRAM": 800,
      "total-DSP": 1163,
      "total-LUT": 220556,
      "total-FF": 157061
    },
    "valid": true
  },
  "__PARA__L0-1.__PARA__L1-1.__PARA__L2-40.__PARA__L3-100.__PIPE__L0-NA.__PIPE__L1-NA": {
    "perf": 59712629.0,
    "point": {
      "__PIPE__L0": "",
      "__PARA__L0": 1,
      "__PIPE__L1": "",
      "__PARA__L1": 1,
      "__PARA__L2": 40,
      "__PARA__L3": 100
    },
    "res_util": {
      "util-URAM": 0.05555555555555555,
      "util-BRAM": 0.24691358024691357,
      "util-DSP": 0.24385964912280703,
      "util-LUT": 0.25993368520774124,
      "util-FF": 0.09431361934407001,
      "total-URAM": 40,
      "total-BRAM": 800,
      "total-DSP": 1251,
      "total-LUT": 230478,
      "total-FF": 167252
    },
    "valid": true
  },
  "__PARA__L0-1.__PARA__L1-1.__PARA__L2-50.__PARA__L3-100.__PIPE__L0-NA.__PIPE__L1-NA": {
    "perf": 59712629.0,
    "point": {
      "__PIPE__L0": "",
      "__PARA__L0": 1,
      "__PIPE__L1": "",
      "__PARA__L1": 1,
      "__PARA__L2": 50,
      "__PARA__L3": 100
    },
    "res_util": {
      "util-URAM": 0.0,
      "util-BRAM": 0.30864197530864196,
      "util-DSP": 0.26530214424951265,
      "util-LUT": 0.2866468173410926,
      "util-FF": 0.10109735191952,
      "total-URAM": 0,
      "total-BRAM": 1000,
      "total-DSP": 1361,
      "total-LUT": 254164,
      "total-FF": 179282
    },
    "valid": true
  },
  "__PARA__L0-1.__PARA__L1-1.__PARA__L2-64.__PARA__L3-100.__PIPE__L0-NA.__PIPE__L1-NA": {
    "perf": 59712609.0,
    "point": {
      "__PIPE__L0": "",
      "__PARA__L0": 1,
      "__PIPE__L1": "",
      "__PARA__L1": 1,
      "__PARA__L2": 64,
      "__PARA__L3": 100
    },
    "res_util": {
      "util-URAM": 0.0,
      "util-BRAM": 0.32592592592592595,
      "util-DSP": 0.2953216374269006,
      "util-LUT": 0.2866366671177877,
      "util-FF": 0.11063123110930663,
      "total-URAM": 0,
      "total-BRAM": 1056,
      "total-DSP": 1515,
      "total-LUT": 254155,
      "total-FF": 196189
    },
    "valid": true
  },
  "__PARA__L0-1.__PARA__L1-1.__PARA__L2-100.__PARA__L3-100.__PIPE__L0-NA.__PIPE__L1-NA": {
    "perf": 0.0,
    "point": {
      "__PIPE__L0": "",
      "__PARA__L0": 1,
      "__PIPE__L1": "",
      "__PARA__L1": 1,
      "__PARA__L2": 100,
      "__PARA__L3": 100
    },
    "res_util": {
      "util-URAM": 0,
      "util-BRAM": 0,
      "util-DSP": 0,
      "util-LUT": 0,
      "util-FF": 0,
      "total-URAM": 0,
      "total-BRAM": 0,
      "total-DSP": 0,
      "total-LUT": 0,
      "total-FF": 0
    },
    "valid": false
  },
  "__PARA__L0-1.__PARA__L1-1.__PARA__L2-128.__PARA__L3-100.__PIPE__L0-NA.__PIPE__L1-NA": {
    "perf": 59712610.0,
    "point": {
      "__PIPE__L0": "",
      "__PARA__L0": 1,
      "__PIPE__L1": "",
      "__PARA__L1": 1,
      "__PARA__L2": 128,
      "__PARA__L3": 100
    },
    "res_util": {
      "util-URAM": 0.0,
      "util-BRAM": 0.37037037037037035,
      "util-DSP": 0.43255360623781675,
      "util-LUT": 0.3872456805160825,
      "util-FF": 0.16087596427121398,
      "total-URAM": 0,
      "total-BRAM": 1200,
      "total-DSP": 2219,
      "total-LUT": 343363,
      "total-FF": 285291
    },
    "valid": true
  },
  "__PARA__L0-1.__PARA__L1-1.__PARA__L2-200.__PARA__L3-100.__PIPE__L0-NA.__PIPE__L1-NA": {
    "perf": 164784610.0,
    "point": {
      "__PIPE__L0": "",
      "__PARA__L0": 1,
      "__PIPE__L1": "",
      "__PARA__L1": 1,
      "__PARA__L2": 200,
      "__PARA__L3": 100
    },
    "res_util": {
      "util-URAM": 0.0,
      "util-BRAM": 0.25679012345679014,
      "util-DSP": 0.15808966861598442,
      "util-LUT": 0.08800130825100375,
      "util-FF": 0.061906211936662604,
      "total-URAM": 0,
      "total-BRAM": 832,
      "total-DSP": 811,
      "total-LUT": 78029,
      "total-FF": 109782
    },
    "valid": true
  },
  "__PARA__L0-2.__PARA__L1-1.__PARA__L2-64.__PARA__L3-100.__PIPE__L0-NA.__PIPE__L1-NA": {
    "perf": 59736509.0,
    "point": {
      "__PIPE__L0": "",
      "__PARA__L0": 2,
      "__PIPE__L1": "",
      "__PARA__L1": 1,
      "__PARA__L2": 64,
      "__PARA__L3": 100
    },
    "res_util": {
      "util-URAM": 0.0,
      "util-BRAM": 0.32592592592592595,
      "util-DSP": 0.2953216374269006,
      "util-LUT": 0.3618419271890648,
      "util-FF": 0.14362565976451483,
      "total-URAM": 0,
      "total-BRAM": 1056,
      "total-DSP": 1515,
      "total-LUT": 320838,
      "total-FF": 254700
    },
    "valid": true
  },
  "__PARA__L0-4.__PARA__L1-1.__PARA__L2-64.__PARA__L3-100.__PIPE__L0-NA.__PIPE__L1-NA": {
    "perf": 59748459.0,
    "point": {
      "__PIPE__L0": "",
      "__PARA__L0": 4,
      "__PIPE__L1": "",
      "__PARA__L1": 1,
      "__PARA__L2": 64,
      "__PARA__L3": 100
    },
    "res_util": {
      "util-URAM": 0.0,
      "util-BRAM": 0.32592592592592595,
      "util-DSP": 0.2953216374269006,
      "util-LUT": 0.4914083998736861,
      "util-FF": 0.2026446970722245,
      "total-URAM": 0,
      "total-BRAM": 1056,
      "total-DSP": 1515,
      "total-LUT": 435722,
      "total-FF": 359362
    },
    "valid": true
  },
  "__PARA__L0-5.__PARA__L1-1.__PARA__L2-64.__PARA__L3-100.__PIPE__L0-NA.__PIPE__L1-NA": {
    "perf": 59750849.0,
    "point": {
      "__PIPE__L0": "",
      "__PARA__L0": 5,
      "__PIPE__L1": "",
      "__PARA__L1": 1,
      "__PARA__L2": 64,
      "__PARA__L3": 100
    },
    "res_util": {
      "util-URAM": 0.0,
      "util-BRAM": 0.32592592592592595,
      "util-DSP": 0.2953216374269006,
      "util-LUT": 1.0,
      "util-FF": 0.30008627689809175,
      "total-URAM": 0,
      "total-BRAM": 1056,
      "total-DSP": 1515,
      "total-LUT": 983649,
      "total-FF": 532161
    },
    "valid": false
  },
  "__PARA__L0-8.__PARA__L1-1.__PARA__L2-64.__PARA__L3-100.__PIPE__L0-NA.__PIPE__L1-NA": {
    "perf": 59754434.0,
    "point": {
      "__PIPE__L0": "",
      "__PARA__L0": 8,
      "__PIPE__L1": "",
      "__PARA__L1": 1,
      "__PARA__L2": 64,
      "__PARA__L3": 100
    },
    "res_util": {
      "util-URAM": 0.0,
      "util-BRAM": 0.32592592592592595,
      "util-DSP": 0.2953216374269006,
      "util-LUT": 0.7502842062525376,
      "util-FF": 0.3206573961293815,
      "total-URAM": 0,
      "total-BRAM": 1056,
      "total-DSP": 1515,
      "total-LUT": 665262,
      "total-FF": 568641
    },
    "valid": true
  },
  "__PARA__L0-10.__PARA__L1-1.__PARA__L2-64.__PARA__L3-100.__PIPE__L0-NA.__PIPE__L1-NA": {
    "perf": 59755629.0,
    "point": {
      "__PIPE__L0": "",
      "__PARA__L0": 10,
      "__PIPE__L1": "",
      "__PARA__L1": 1,
      "__PARA__L2": 64,
      "__PARA__L3": 100
    },
    "res_util": {
      "util-URAM": 0.0,
      "util-BRAM": 0.32592592592592595,
      "util-DSP": 0.2953216374269006,
      "util-LUT": 1.0,
      "util-FF": 0.451209004375874,
      "total-URAM": 0,
      "total-BRAM": 1056,
      "total-DSP": 1515,
      "total-LUT": 1267879,
      "total-FF": 800156
    },
    "valid": false
  },
  "__PARA__L0-16.__PARA__L1-1.__PARA__L2-64.__PARA__L3-100.__PIPE__L0-NA.__PIPE__L1-NA": {
    "perf": 0.0,
    "point": {
      "__PIPE__L0": "",
      "__PARA__L0": 16,
      "__PIPE__L1": "",
      "__PARA__L1": 1,
      "__PARA__L2": 64,
      "__PARA__L3": 100
    },
    "res_util": {
      "util-URAM": 0,
      "util-BRAM": 0,
      "util-DSP": 0,
      "util-LUT": 0,
      "util-FF": 0,
      "total-URAM": 0,
      "total-BRAM": 0,
      "total-DSP": 0,
      "total-LUT": 0,
      "total-FF": 0
    },
    "valid": false
  },
  "__PARA__L0-20.__PARA__L1-1.__PARA__L2-64.__PARA__L3-100.__PIPE__L0-NA.__PIPE__L1-NA": {
    "perf": 0.0,
    "point": {
      "__PIPE__L0": "",
      "__PARA__L0": 20,
      "__PIPE__L1": "",
      "__PARA__L1": 1,
      "__PARA__L2": 64,
      "__PARA__L3": 100
    },
    "res_util": {
      "util-URAM": 0,
      "util-BRAM": 0,
      "util-DSP": 0,
      "util-LUT": 0,
      "util-FF": 0,
      "total-URAM": 0,
      "total-BRAM": 0,
      "total-DSP": 0,
      "total-LUT": 0,
      "total-FF": 0
    },
    "valid": false
  },
  "__PARA__L0-25.__PARA__L1-1.__PARA__L2-64.__PARA__L3-100.__PIPE__L0-NA.__PIPE__L1-NA": {
    "perf": 0.0,
    "point": {
      "__PIPE__L0": "",
      "__PARA__L0": 25,
      "__PIPE__L1": "",
      "__PARA__L1": 1,
      "__PARA__L2": 64,
      "__PARA__L3": 100
    },
    "res_util": {
      "util-URAM": 0,
      "util-BRAM": 0,
      "util-DSP": 0,
      "util-LUT": 0,
      "util-FF": 0,
      "total-URAM": 0,
      "total-BRAM": 0,
      "total-DSP": 0,
      "total-LUT": 0,
      "total-FF": 0
    },
    "valid": false
  },
  "__PARA__L0-32.__PARA__L1-1.__PARA__L2-64.__PARA__L3-100.__PIPE__L0-NA.__PIPE__L1-NA": {
    "perf": 0.0,
    "point": {
      "__PIPE__L0": "",
      "__PARA__L0": 32,
      "__PIPE__L1": "",
      "__PARA__L1": 1,
      "__PARA__L2": 64,
      "__PARA__L3": 100
    },
    "res_util": {
      "util-URAM": 0,
      "util-BRAM": 0,
      "util-DSP": 0,
      "util-LUT": 0,
      "util-FF": 0,
      "total-URAM": 0,
      "total-BRAM": 0,
      "total-DSP": 0,
      "total-LUT": 0,
      "total-FF": 0
    },
    "valid": false
  },
  "__PARA__L0-40.__PARA__L1-1.__PARA__L2-64.__PARA__L3-100.__PIPE__L0-NA.__PIPE__L1-NA": {
    "perf": 0.0,
    "point": {
      "__PIPE__L0": "",
      "__PARA__L0": 40,
      "__PIPE__L1": "",
      "__PARA__L1": 1,
      "__PARA__L2": 64,
      "__PARA__L3": 100
    },
    "res_util": {
      "util-URAM": 0,
      "util-BRAM": 0,
      "util-DSP": 0,
      "util-LUT": 0,
      "util-FF": 0,
      "total-URAM": 0,
      "total-BRAM": 0,
      "total-DSP": 0,
      "total-LUT": 0,
      "total-FF": 0
    },
    "valid": false
  },
  "__PARA__L0-50.__PARA__L1-1.__PARA__L2-64.__PARA__L3-100.__PIPE__L0-NA.__PIPE__L1-NA": {
    "perf": 0.0,
    "point": {
      "__PIPE__L0": "",
      "__PARA__L0": 50,
      "__PIPE__L1": "",
      "__PARA__L1": 1,
      "__PARA__L2": 64,
      "__PARA__L3": 100
    },
    "res_util": {
      "util-URAM": 0,
      "util-BRAM": 0,
      "util-DSP": 0,
      "util-LUT": 0,
      "util-FF": 0,
      "total-URAM": 0,
      "total-BRAM": 0,
      "total-DSP": 0,
      "total-LUT": 0,
      "total-FF": 0
    },
    "valid": false
  },
  "__PARA__L0-64.__PARA__L1-1.__PARA__L2-64.__PARA__L3-100.__PIPE__L0-NA.__PIPE__L1-NA": {
    "perf": 0.0,
    "point": {
      "__PIPE__L0": "",
      "__PARA__L0": 64,
      "__PIPE__L1": "",
      "__PARA__L1": 1,
      "__PARA__L2": 64,
      "__PARA__L3": 100
    },
    "res_util": {
      "util-URAM": 0,
      "util-BRAM": 0,
      "util-DSP": 0,
      "util-LUT": 0,
      "util-FF": 0,
      "total-URAM": 0,
      "total-BRAM": 0,
      "total-DSP": 0,
      "total-LUT": 0,
      "total-FF": 0
    },
    "valid": false
  },
  "__PARA__L0-100.__PARA__L1-1.__PARA__L2-64.__PARA__L3-100.__PIPE__L0-NA.__PIPE__L1-NA": {
    "perf": 0.0,
    "point": {
      "__PIPE__L0": "",
      "__PARA__L0": 100,
      "__PIPE__L1": "",
      "__PARA__L1": 1,
      "__PARA__L2": 64,
      "__PARA__L3": 100
    },
    "res_util": {
      "util-URAM": 0,
      "util-BRAM": 0,
      "util-DSP": 0,
      "util-LUT": 0,
      "util-FF": 0,
      "total-URAM": 0,
      "total-BRAM": 0,
      "total-DSP": 0,
      "total-LUT": 0,
      "total-FF": 0
    },
    "valid": false
  },
  "__PARA__L0-128.__PARA__L1-1.__PARA__L2-64.__PARA__L3-100.__PIPE__L0-NA.__PIPE__L1-NA": {
    "perf": 0.0,
    "point": {
      "__PIPE__L0": "",
      "__PARA__L0": 128,
      "__PIPE__L1": "",
      "__PARA__L1": 1,
      "__PARA__L2": 64,
      "__PARA__L3": 100
    },
    "res_util": {
      "util-URAM": 0,
      "util-BRAM": 0,
      "util-DSP": 0,
      "util-LUT": 0,
      "util-FF": 0,
      "total-URAM": 0,
      "total-BRAM": 0,
      "total-DSP": 0,
      "total-LUT": 0,
      "total-FF": 0
    },
    "valid": false
  },
  "__PARA__L0-200.__PARA__L1-1.__PARA__L2-64.__PARA__L3-100.__PIPE__L0-NA.__PIPE__L1-NA": {
    "perf": 0.0,
    "point": {
      "__PIPE__L0": "",
      "__PARA__L0": 200,
      "__PIPE__L1": "",
      "__PARA__L1": 1,
      "__PARA__L2": 64,
      "__PARA__L3": 100
    },
    "res_util": {
      "util-URAM": 0,
      "util-BRAM": 0,
      "util-DSP": 0,
      "util-LUT": 0,
      "util-FF": 0,
      "total-URAM": 0,
      "total-BRAM": 0,
      "total-DSP": 0,
      "total-LUT": 0,
      "total-FF": 0
    },
    "valid": false
  },
  "__PARA__L0-1.__PARA__L1-1.__PARA__L2-64.__PARA__L3-100.__PIPE__L0-off.__PIPE__L1-NA": {
    "perf": 59712609.0,
    "point": {
      "__PIPE__L0": "off",
      "__PARA__L0": 1,
      "__PIPE__L1": "",
      "__PARA__L1": 1,
      "__PARA__L2": 64,
      "__PARA__L3": 100
    },
    "res_util": {
      "util-URAM": 0.0,
      "util-BRAM": 0.32592592592592595,
      "util-DSP": 0.2953216374269006,
      "util-LUT": 0.2866366671177877,
      "util-FF": 0.11063123110930663,
      "total-URAM": 0,
      "total-BRAM": 1056,
      "total-DSP": 1515,
      "total-LUT": 254155,
      "total-FF": 196189
    },
    "valid": true
  },
  "__PARA__L0-1.__PARA__L1-1.__PARA__L2-64.__PARA__L3-100.__PIPE__L0-   .__PIPE__L1-NA": {
    "perf": 0.0,
    "point": {
      "__PIPE__L0": "   ",
      "__PARA__L0": 1,
      "__PIPE__L1": "",
      "__PARA__L1": 1,
      "__PARA__L2": 64,
      "__PARA__L3": 100
    },
    "res_util": {
      "util-URAM": 0,
      "util-BRAM": 0,
      "util-DSP": 0,
      "util-LUT": 0,
      "util-FF": 0,
      "total-URAM": 0,
      "total-BRAM": 0,
      "total-DSP": 0,
      "total-LUT": 0,
      "total-FF": 0
    },
    "valid": false
  },
  "__PARA__L0-1.__PARA__L1-2.__PARA__L2-64.__PARA__L3-100.__PIPE__L0-off.__PIPE__L1-NA": {
    "perf": 60168609.0,
    "point": {
      "__PIPE__L0": "off",
      "__PARA__L0": 1,
      "__PIPE__L1": "",
      "__PARA__L1": 2,
      "__PARA__L2": 64,
      "__PARA__L3": 100
    },
    "res_util": {
      "util-URAM": 0.0,
      "util-BRAM": 0.32592592592592595,
      "util-DSP": 0.29376218323586745,
      "util-LUT": 0.6762687779131141,
      "util-FF": 0.18088036270131277,
      "total-URAM": 0,
      "total-BRAM": 1056,
      "total-DSP": 1507,
      "total-LUT": 599634,
      "total-FF": 320766
    },
    "valid": true
  },
  "__PARA__L0-1.__PARA__L1-3.__PARA__L2-64.__PARA__L3-100.__PIPE__L0-off.__PIPE__L1-NA": {
    "perf": 59680609.0,
    "point": {
      "__PIPE__L0": "off",
      "__PARA__L0": 1,
      "__PIPE__L1": "",
      "__PARA__L1": 3,
      "__PARA__L2": 64,
      "__PARA__L3": 100
    },
    "res_util": {
      "util-URAM": 0.0,
      "util-BRAM": 0.32592592592592595,
      "util-DSP": 0.2953216374269006,
      "util-LUT": 0.28894979022871836,
      "util-FF": 0.1562779131140885,
      "total-URAM": 0,
      "total-BRAM": 1056,
      "total-DSP": 1515,
      "total-LUT": 256206,
      "total-FF": 277137
    },
    "valid": true
  },
  "__PARA__L0-1.__PARA__L1-4.__PARA__L2-64.__PARA__L3-100.__PIPE__L0-off.__PIPE__L1-NA": {
    "perf": 59676609.0,
    "point": {
      "__PIPE__L0": "off",
      "__PARA__L0": 1,
      "__PIPE__L1": "",
      "__PARA__L1": 4,
      "__PARA__L2": 64,
      "__PARA__L3": 100
    },
    "res_util": {
      "util-URAM": 0.0,
      "util-BRAM": 0.32592592592592595,
      "util-DSP": 0.2953216374269006,
      "util-LUT": 0.35326837190418187,
      "util-FF": 0.18588780619840303,
      "total-URAM": 0,
      "total-BRAM": 1056,
      "total-DSP": 1515,
      "total-LUT": 313236,
      "total-FF": 329646
    },
    "valid": true
  },
  "__PARA__L0-1.__PARA__L1-5.__PARA__L2-64.__PARA__L3-100.__PIPE__L0-off.__PIPE__L1-NA": {
    "perf": 59674209.0,
    "point": {
      "__PIPE__L0": "off",
      "__PARA__L0": 1,
      "__PIPE__L1": "",
      "__PARA__L1": 5,
      "__PARA__L2": 64,
      "__PARA__L3": 100
    },
    "res_util": {
      "util-URAM": 0.0,
      "util-BRAM": 0.32592592592592595,
      "util-DSP": 0.2953216374269006,
      "util-LUT": 0.41657757026210135,
      "util-FF": 0.2158597239139261,
      "total-URAM": 0,
      "total-BRAM": 1056,
      "total-DSP": 1515,
      "total-LUT": 369371,
      "total-FF": 382797
    },
    "valid": true
  },
  "__PARA__L0-1.__PARA__L1-6.__PARA__L2-64.__PARA__L3-100.__PIPE__L0-off.__PIPE__L1-NA": {
    "perf": 59672609.0,
    "point": {
      "__PIPE__L0": "off",
      "__PARA__L0": 1,
      "__PIPE__L1": "",
      "__PARA__L1": 6,
      "__PARA__L2": 64,
      "__PARA__L3": 100
    },
    "res_util": {
      "util-URAM": 0.0,
      "util-BRAM": 0.32592592592592595,
      "util-DSP": 0.2953216374269006,
      "util-LUT": 0.48063675734199485,
      "util-FF": 0.24561397572968827,
      "total-URAM": 0,
      "total-BRAM": 1056,
      "total-DSP": 1515,
      "total-LUT": 426171,
      "total-FF": 435562
    },
    "valid": true
  },
  "__PARA__L0-1.__PARA__L1-8.__PARA__L2-64.__PARA__L3-100.__PIPE__L0-off.__PIPE__L1-NA": {
    "perf": 59670609.0,
    "point": {
      "__PIPE__L0": "off",
      "__PARA__L0": 1,
      "__PIPE__L1": "",
      "__PARA__L1": 8,
      "__PARA__L2": 64,
      "__PARA__L3": 100
    },
    "res_util": {
      "util-URAM": 0.0,
      "util-BRAM": 0.32592592592592595,
      "util-DSP": 0.2953216374269006,
      "util-LUT": 0.6085160373528218,
      "util-FF": 0.3046865836603961,
      "total-URAM": 0,
      "total-BRAM": 1056,
      "total-DSP": 1515,
      "total-LUT": 539559,
      "total-FF": 540319
    },
    "valid": true
  },
  "__PARA__L0-1.__PARA__L1-10.__PARA__L2-64.__PARA__L3-100.__PIPE__L0-off.__PIPE__L1-NA": {
    "perf": 59669409.0,
    "point": {
      "__PIPE__L0": "off",
      "__PARA__L0": 1,
      "__PIPE__L1": "",
      "__PARA__L1": 10,
      "__PARA__L2": 64,
      "__PARA__L3": 100
    },
    "res_util": {
      "util-URAM": 0.0,
      "util-BRAM": 0.32592592592592595,
      "util-DSP": 0.2953216374269006,
      "util-LUT": 0.7341182839355799,
      "util-FF": 0.3647775973293635,
      "total-URAM": 0,
      "total-BRAM": 1056,
      "total-DSP": 1515,
      "total-LUT": 650928,
      "total-FF": 646882
    },
    "valid": true
  },
  "__PARA__L0-1.__PARA__L1-12.__PARA__L2-64.__PARA__L3-100.__PIPE__L0-off.__PIPE__L1-NA": {
    "perf": 0.0,
    "point": {
      "__PIPE__L0": "off",
      "__PARA__L0": 1,
      "__PIPE__L1": "",
      "__PARA__L1": 12,
      "__PARA__L2": 64,
      "__PARA__L3": 100
    },
    "res_util": {
      "util-URAM": 0,
      "util-BRAM": 0,
      "util-DSP": 0,
      "util-LUT": 0,
      "util-FF": 0,
      "total-URAM": 0,
      "total-BRAM": 0,
      "total-DSP": 0,
      "total-LUT": 0,
      "total-FF": 0
    },
    "valid": false
  },
  "__PARA__L0-1.__PARA__L1-15.__PARA__L2-64.__PARA__L3-100.__PIPE__L0-off.__PIPE__L1-NA": {
    "perf": 0.0,
    "point": {
      "__PIPE__L0": "off",
      "__PARA__L0": 1,
      "__PIPE__L1": "",
      "__PARA__L1": 15,
      "__PARA__L2": 64,
      "__PARA__L3": 100
    },
    "res_util": {
      "util-URAM": 0,
      "util-BRAM": 0,
      "util-DSP": 0,
      "util-LUT": 0,
      "util-FF": 0,
      "total-URAM": 0,
      "total-BRAM": 0,
      "total-DSP": 0,
      "total-LUT": 0,
      "total-FF": 0
    },
    "valid": false
  },
  "__PARA__L0-1.__PARA__L1-16.__PARA__L2-64.__PARA__L3-100.__PIPE__L0-off.__PIPE__L1-NA": {
    "perf": 0.0,
    "point": {
      "__PIPE__L0": "off",
      "__PARA__L0": 1,
      "__PIPE__L1": "",
      "__PARA__L1": 16,
      "__PARA__L2": 64,
      "__PARA__L3": 100
    },
    "res_util": {
      "util-URAM": 0,
      "util-BRAM": 0,
      "util-DSP": 0,
      "util-LUT": 0,
      "util-FF": 0,
      "total-URAM": 0,
      "total-BRAM": 0,
      "total-DSP": 0,
      "total-LUT": 0,
      "total-FF": 0
    },
    "valid": false
  },
  "__PARA__L0-1.__PARA__L1-20.__PARA__L2-64.__PARA__L3-100.__PIPE__L0-off.__PIPE__L1-NA": {
    "perf": 0.0,
    "point": {
      "__PIPE__L0": "off",
      "__PARA__L0": 1,
      "__PIPE__L1": "",
      "__PARA__L1": 20,
      "__PARA__L2": 64,
      "__PARA__L3": 100
    },
    "res_util": {
      "util-URAM": 0,
      "util-BRAM": 0,
      "util-DSP": 0,
      "util-LUT": 0,
      "util-FF": 0,
      "total-URAM": 0,
      "total-BRAM": 0,
      "total-DSP": 0,
      "total-LUT": 0,
      "total-FF": 0
    },
    "valid": false
  },
  "__PARA__L0-1.__PARA__L1-24.__PARA__L2-64.__PARA__L3-100.__PIPE__L0-off.__PIPE__L1-NA": {
    "perf": 0.0,
    "point": {
      "__PIPE__L0": "off",
      "__PARA__L0": 1,
      "__PIPE__L1": "",
      "__PARA__L1": 24,
      "__PARA__L2": 64,
      "__PARA__L3": 100
    },
    "res_util": {
      "util-URAM": 0,
      "util-BRAM": 0,
      "util-DSP": 0,
      "util-LUT": 0,
      "util-FF": 0,
      "total-URAM": 0,
      "total-BRAM": 0,
      "total-DSP": 0,
      "total-LUT": 0,
      "total-FF": 0
    },
    "valid": false
  },
  "__PARA__L0-1.__PARA__L1-30.__PARA__L2-64.__PARA__L3-100.__PIPE__L0-off.__PIPE__L1-NA": {
    "perf": 0.0,
    "point": {
      "__PIPE__L0": "off",
      "__PARA__L0": 1,
      "__PIPE__L1": "",
      "__PARA__L1": 30,
      "__PARA__L2": 64,
      "__PARA__L3": 100
    },
    "res_util": {
      "util-URAM": 0,
      "util-BRAM": 0,
      "util-DSP": 0,
      "util-LUT": 0,
      "util-FF": 0,
      "total-URAM": 0,
      "total-BRAM": 0,
      "total-DSP": 0,
      "total-LUT": 0,
      "total-FF": 0
    },
    "valid": false
  },
  "__PARA__L0-1.__PARA__L1-32.__PARA__L2-64.__PARA__L3-100.__PIPE__L0-off.__PIPE__L1-NA": {
    "perf": 0.0,
    "point": {
      "__PIPE__L0": "off",
      "__PARA__L0": 1,
      "__PIPE__L1": "",
      "__PARA__L1": 32,
      "__PARA__L2": 64,
      "__PARA__L3": 100
    },
    "res_util": {
      "util-URAM": 0,
      "util-BRAM": 0,
      "util-DSP": 0,
      "util-LUT": 0,
      "util-FF": 0,
      "total-URAM": 0,
      "total-BRAM": 0,
      "total-DSP": 0,
      "total-LUT": 0,
      "total-FF": 0
    },
    "valid": false
  },
  "__PARA__L0-1.__PARA__L1-40.__PARA__L2-64.__PARA__L3-100.__PIPE__L0-off.__PIPE__L1-NA": {
    "perf": 0.0,
    "point": {
      "__PIPE__L0": "off",
      "__PARA__L0": 1,
      "__PIPE__L1": "",
      "__PARA__L1": 40,
      "__PARA__L2": 64,
      "__PARA__L3": 100
    },
    "res_util": {
      "util-URAM": 0,
      "util-BRAM": 0,
      "util-DSP": 0,
      "util-LUT": 0,
      "util-FF": 0,
      "total-URAM": 0,
      "total-BRAM": 0,
      "total-DSP": 0,
      "total-LUT": 0,
      "total-FF": 0
    },
    "valid": false
  },
  "__PARA__L0-1.__PARA__L1-48.__PARA__L2-64.__PARA__L3-100.__PIPE__L0-off.__PIPE__L1-NA": {
    "perf": 0.0,
    "point": {
      "__PIPE__L0": "off",
      "__PARA__L0": 1,
      "__PIPE__L1": "",
      "__PARA__L1": 48,
      "__PARA__L2": 64,
      "__PARA__L3": 100
    },
    "res_util": {
      "util-URAM": 0,
      "util-BRAM": 0,
      "util-DSP": 0,
      "util-LUT": 0,
      "util-FF": 0,
      "total-URAM": 0,
      "total-BRAM": 0,
      "total-DSP": 0,
      "total-LUT": 0,
      "total-FF": 0
    },
    "valid": false
  },
  "__PARA__L0-1.__PARA__L1-60.__PARA__L2-64.__PARA__L3-100.__PIPE__L0-off.__PIPE__L1-NA": {
    "perf": 0.0,
    "point": {
      "__PIPE__L0": "off",
      "__PARA__L0": 1,
      "__PIPE__L1": "",
      "__PARA__L1": 60,
      "__PARA__L2": 64,
      "__PARA__L3": 100
    },
    "res_util": {
      "util-URAM": 0,
      "util-BRAM": 0,
      "util-DSP": 0,
      "util-LUT": 0,
      "util-FF": 0,
      "total-URAM": 0,
      "total-BRAM": 0,
      "total-DSP": 0,
      "total-LUT": 0,
      "total-FF": 0
    },
    "valid": false
  },
  "__PARA__L0-1.__PARA__L1-64.__PARA__L2-64.__PARA__L3-100.__PIPE__L0-off.__PIPE__L1-NA": {
    "perf": 0.0,
    "point": {
      "__PIPE__L0": "off",
      "__PARA__L0": 1,
      "__PIPE__L1": "",
      "__PARA__L1": 64,
      "__PARA__L2": 64,
      "__PARA__L3": 100
    },
    "res_util": {
      "util-URAM": 0,
      "util-BRAM": 0,
      "util-DSP": 0,
      "util-LUT": 0,
      "util-FF": 0,
      "total-URAM": 0,
      "total-BRAM": 0,
      "total-DSP": 0,
      "total-LUT": 0,
      "total-FF": 0
    },
    "valid": false
  },
  "__PARA__L0-1.__PARA__L1-80.__PARA__L2-64.__PARA__L3-100.__PIPE__L0-off.__PIPE__L1-NA": {
    "perf": 0.0,
    "point": {
      "__PIPE__L0": "off",
      "__PARA__L0": 1,
      "__PIPE__L1": "",
      "__PARA__L1": 80,
      "__PARA__L2": 64,
      "__PARA__L3": 100
    },
    "res_util": {
      "util-URAM": 0,
      "util-BRAM": 0,
      "util-DSP": 0,
      "util-LUT": 0,
      "util-FF": 0,
      "total-URAM": 0,
      "total-BRAM": 0,
      "total-DSP": 0,
      "total-LUT": 0,
      "total-FF": 0
    },
    "valid": false
  },
  "__PARA__L0-1.__PARA__L1-120.__PARA__L2-64.__PARA__L3-100.__PIPE__L0-off.__PIPE__L1-NA": {
    "perf": 0.0,
    "point": {
      "__PIPE__L0": "off",
      "__PARA__L0": 1,
      "__PIPE__L1": "",
      "__PARA__L1": 120,
      "__PARA__L2": 64,
      "__PARA__L3": 100
    },
    "res_util": {
      "util-URAM": 0,
      "util-BRAM": 0,
      "util-DSP": 0,
      "util-LUT": 0,
      "util-FF": 0,
      "total-URAM": 0,
      "total-BRAM": 0,
      "total-DSP": 0,
      "total-LUT": 0,
      "total-FF": 0
    },
    "valid": false
  },
  "__PARA__L0-1.__PARA__L1-128.__PARA__L2-64.__PARA__L3-100.__PIPE__L0-off.__PIPE__L1-NA": {
    "perf": 0.0,
    "point": {
      "__PIPE__L0": "off",
      "__PARA__L0": 1,
      "__PIPE__L1": "",
      "__PARA__L1": 128,
      "__PARA__L2": 64,
      "__PARA__L3": 100
    },
    "res_util": {
      "util-URAM": 0,
      "util-BRAM": 0,
      "util-DSP": 0,
      "util-LUT": 0,
      "util-FF": 0,
      "total-URAM": 0,
      "total-BRAM": 0,
      "total-DSP": 0,
      "total-LUT": 0,
      "total-FF": 0
    },
    "valid": false
  },
  "__PARA__L0-1.__PARA__L1-240.__PARA__L2-64.__PARA__L3-100.__PIPE__L0-off.__PIPE__L1-NA": {
    "perf": 0.0,
    "point": {
      "__PIPE__L0": "off",
      "__PARA__L0": 1,
      "__PIPE__L1": "",
      "__PARA__L1": 240,
      "__PARA__L2": 64,
      "__PARA__L3": 100
    },
    "res_util": {
      "util-URAM": 0,
      "util-BRAM": 0,
      "util-DSP": 0,
      "util-LUT": 0,
      "util-FF": 0,
      "total-URAM": 0,
      "total-BRAM": 0,
      "total-DSP": 0,
      "total-LUT": 0,
      "total-FF": 0
    },
    "valid": false
  },
  "__PARA__L0-1.__PARA__L1-10.__PARA__L2-64.__PARA__L3-100.__PIPE__L0-off.__PIPE__L1-off": {
    "perf": 0.0,
    "point": {
      "__PIPE__L0": "off",
      "__PARA__L0": 1,
      "__PIPE__L1": "off",
      "__PARA__L1": 10,
      "__PARA__L2": 64,
      "__PARA__L3": 100
    },
    "res_util": {
      "util-URAM": 0,
      "util-BRAM": 0,
      "util-DSP": 0,
      "util-LUT": 0,
      "util-FF": 0,
      "total-URAM": 0,
      "total-BRAM": 0,
      "total-DSP": 0,
      "total-LUT": 0,
      "total-FF": 0
    },
    "valid": false
  },
  "__PARA__L0-1.__PARA__L1-10.__PARA__L2-64.__PARA__L3-100.__PIPE__L0-off.__PIPE__L1-   ": {
    "perf": 0.0,
    "point": {
      "__PIPE__L0": "off",
      "__PARA__L0": 1,
      "__PIPE__L1": "   ",
      "__PARA__L1": 10,
      "__PARA__L2": 64,
      "__PARA__L3": 100
    },
    "res_util": {
      "util-URAM": 0,
      "util-BRAM": 0,
      "util-DSP": 0,
      "util-LUT": 0,
      "util-FF": 0,
      "total-URAM": 0,
      "total-BRAM": 0,
      "total-DSP": 0,
      "total-LUT": 0,
      "total-FF": 0
    },
    "valid": false
  },
  "__PARA__L0-1.__PARA__L1-8.__PARA__L2-64.__PARA__L3-100.__PIPE__L0-off.__PIPE__L1-off": {
    "perf": 59670609.0,
    "point": {
      "__PIPE__L0": "off",
      "__PARA__L0": 1,
      "__PIPE__L1": "off",
      "__PARA__L1": 8,
      "__PARA__L2": 64,
      "__PARA__L3": 100
    },
    "res_util": {
      "util-URAM": 0.0,
      "util-BRAM": 0.32592592592592595,
      "util-DSP": 0.2953216374269006,
      "util-LUT": 0.6085160373528218,
      "util-FF": 0.3046865836603961,
      "total-URAM": 0,
      "total-BRAM": 1056,
      "total-DSP": 1515,
      "total-LUT": 539559,
      "total-FF": 540319
    },
    "valid": true
  },
  "__PARA__L0-1.__PARA__L1-8.__PARA__L2-64.__PARA__L3-100.__PIPE__L0-off.__PIPE__L1-   ": {
    "perf": 0.0,
    "point": {
      "__PIPE__L0": "off",
      "__PARA__L0": 1,
      "__PIPE__L1": "   ",
      "__PARA__L1": 8,
      "__PARA__L2": 64,
      "__PARA__L3": 100
    },
    "res_util": {
      "util-URAM": 0,
      "util-BRAM": 0,
      "util-DSP": 0,
      "util-LUT": 0,
      "util-FF": 0,
      "total-URAM": 0,
      "total-BRAM": 0,
      "total-DSP": 0,
      "total-LUT": 0,
      "total-FF": 0
    },
    "valid": false
  },
  "__PARA__L0-1.__PARA__L1-6.__PARA__L2-64.__PARA__L3-100.__PIPE__L0-off.__PIPE__L1-off": {
    "perf": 59672609.0,
    "point": {
      "__PIPE__L0": "off",
      "__PARA__L0": 1,
      "__PIPE__L1": "off",
      "__PARA__L1": 6,
      "__PARA__L2": 64,
      "__PARA__L3": 100
    },
    "res_util": {
      "util-URAM": 0.0,
      "util-BRAM": 0.32592592592592595,
      "util-DSP": 0.2953216374269006,
      "util-LUT": 0.48063675734199485,
      "util-FF": 0.24561397572968827,
      "total-URAM": 0,
      "total-BRAM": 1056,
      "total-DSP": 1515,
      "total-LUT": 426171,
      "total-FF": 435562
    },
    "valid": true
  },
  "__PARA__L0-1.__PARA__L1-6.__PARA__L2-64.__PARA__L3-100.__PIPE__L0-off.__PIPE__L1-   ": {
    "perf": 0.0,
    "point": {
      "__PIPE__L0": "off",
      "__PARA__L0": 1,
      "__PIPE__L1": "   ",
      "__PARA__L1": 6,
      "__PARA__L2": 64,
      "__PARA__L3": 100
    },
    "res_util": {
      "util-URAM": 0,
      "util-BRAM": 0,
      "util-DSP": 0,
      "util-LUT": 0,
      "util-FF": 0,
      "total-URAM": 0,
      "total-BRAM": 0,
      "total-DSP": 0,
      "total-LUT": 0,
      "total-FF": 0
    },
    "valid": false
  },
  "__PARA__L0-1.__PARA__L1-5.__PARA__L2-64.__PARA__L3-100.__PIPE__L0-off.__PIPE__L1-off": {
    "perf": 59674209.0,
    "point": {
      "__PIPE__L0": "off",
      "__PARA__L0": 1,
      "__PIPE__L1": "off",
      "__PARA__L1": 5,
      "__PARA__L2": 64,
      "__PARA__L3": 100
    },
    "res_util": {
      "util-URAM": 0.0,
      "util-BRAM": 0.32592592592592595,
      "util-DSP": 0.2953216374269006,
      "util-LUT": 0.41657757026210135,
      "util-FF": 0.2158597239139261,
      "total-URAM": 0,
      "total-BRAM": 1056,
      "total-DSP": 1515,
      "total-LUT": 369371,
      "total-FF": 382797
    },
    "valid": true
  },
  "__PARA__L0-1.__PARA__L1-5.__PARA__L2-64.__PARA__L3-100.__PIPE__L0-off.__PIPE__L1-   ": {
    "perf": 0.0,
    "point": {
      "__PIPE__L0": "off",
      "__PARA__L0": 1,
      "__PIPE__L1": "   ",
      "__PARA__L1": 5,
      "__PARA__L2": 64,
      "__PARA__L3": 100
    },
    "res_util": {
      "util-URAM": 0,
      "util-BRAM": 0,
      "util-DSP": 0,
      "util-LUT": 0,
      "util-FF": 0,
      "total-URAM": 0,
      "total-BRAM": 0,
      "total-DSP": 0,
      "total-LUT": 0,
      "total-FF": 0
    },
    "valid": false
  },
  "__PARA__L0-1.__PARA__L1-4.__PARA__L2-64.__PARA__L3-100.__PIPE__L0-off.__PIPE__L1-off": {
    "perf": 59676609.0,
    "point": {
      "__PIPE__L0": "off",
      "__PARA__L0": 1,
      "__PIPE__L1": "off",
      "__PARA__L1": 4,
      "__PARA__L2": 64,
      "__PARA__L3": 100
    },
    "res_util": {
      "util-URAM": 0.0,
      "util-BRAM": 0.32592592592592595,
      "util-DSP": 0.2953216374269006,
      "util-LUT": 0.35326837190418187,
      "util-FF": 0.18588780619840303,
      "total-URAM": 0,
      "total-BRAM": 1056,
      "total-DSP": 1515,
      "total-LUT": 313236,
      "total-FF": 329646
    },
    "valid": true
  },
  "__PARA__L0-1.__PARA__L1-4.__PARA__L2-64.__PARA__L3-100.__PIPE__L0-off.__PIPE__L1-   ": {
    "perf": 0.0,
    "point": {
      "__PIPE__L0": "off",
      "__PARA__L0": 1,
      "__PIPE__L1": "   ",
      "__PARA__L1": 4,
      "__PARA__L2": 64,
      "__PARA__L3": 100
    },
    "res_util": {
      "util-URAM": 0,
      "util-BRAM": 0,
      "util-DSP": 0,
      "util-LUT": 0,
      "util-FF": 0,
      "total-URAM": 0,
      "total-BRAM": 0,
      "total-DSP": 0,
      "total-LUT": 0,
      "total-FF": 0
    },
    "valid": false
  },
  "__PARA__L0-1.__PARA__L1-3.__PARA__L2-64.__PARA__L3-100.__PIPE__L0-off.__PIPE__L1-off": {
    "perf": 59680609.0,
    "point": {
      "__PIPE__L0": "off",
      "__PARA__L0": 1,
      "__PIPE__L1": "off",
      "__PARA__L1": 3,
      "__PARA__L2": 64,
      "__PARA__L3": 100
    },
    "res_util": {
      "util-URAM": 0.0,
      "util-BRAM": 0.32592592592592595,
      "util-DSP": 0.2953216374269006,
      "util-LUT": 0.28894979022871836,
      "util-FF": 0.1562779131140885,
      "total-URAM": 0,
      "total-BRAM": 1056,
      "total-DSP": 1515,
      "total-LUT": 256206,
      "total-FF": 277137
    },
    "valid": true
  },
  "__PARA__L0-1.__PARA__L1-3.__PARA__L2-64.__PARA__L3-100.__PIPE__L0-off.__PIPE__L1-   ": {
    "perf": 0.0,
    "point": {
      "__PIPE__L0": "off",
      "__PARA__L0": 1,
      "__PIPE__L1": "   ",
      "__PARA__L1": 3,
      "__PARA__L2": 64,
      "__PARA__L3": 100
    },
    "res_util": {
      "util-URAM": 0,
      "util-BRAM": 0,
      "util-DSP": 0,
      "util-LUT": 0,
      "util-FF": 0,
      "total-URAM": 0,
      "total-BRAM": 0,
      "total-DSP": 0,
      "total-LUT": 0,
      "total-FF": 0
    },
    "valid": false
  },
  "__PARA__L0-1.__PARA__L1-1.__PARA__L2-64.__PARA__L3-100.__PIPE__L0-off.__PIPE__L1-off": {
    "perf": 59712609.0,
    "point": {
      "__PIPE__L0": "off",
      "__PARA__L0": 1,
      "__PIPE__L1": "off",
      "__PARA__L1": 1,
      "__PARA__L2": 64,
      "__PARA__L3": 100
    },
    "res_util": {
      "util-URAM": 0.0,
      "util-BRAM": 0.32592592592592595,
      "util-DSP": 0.2953216374269006,
      "util-LUT": 0.2866366671177877,
      "util-FF": 0.11063123110930663,
      "total-URAM": 0,
      "total-BRAM": 1056,
      "total-DSP": 1515,
      "total-LUT": 254155,
      "total-FF": 196189
    },
    "valid": true
  },
  "__PARA__L0-1.__PARA__L1-1.__PARA__L2-64.__PARA__L3-100.__PIPE__L0-off.__PIPE__L1-   ": {
    "perf": 0.0,
    "point": {
      "__PIPE__L0": "off",
      "__PARA__L0": 1,
      "__PIPE__L1": "   ",
      "__PARA__L1": 1,
      "__PARA__L2": 64,
      "__PARA__L3": 100
    },
    "res_util": {
      "util-URAM": 0,
      "util-BRAM": 0,
      "util-DSP": 0,
      "util-LUT": 0,
      "util-FF": 0,
      "total-URAM": 0,
      "total-BRAM": 0,
      "total-DSP": 0,
      "total-LUT": 0,
      "total-FF": 0
    },
    "valid": false
  },
  "__PARA__L0-1.__PARA__L1-2.__PARA__L2-64.__PARA__L3-100.__PIPE__L0-off.__PIPE__L1-off": {
    "perf": 60168609.0,
    "point": {
      "__PIPE__L0": "off",
      "__PARA__L0": 1,
      "__PIPE__L1": "off",
      "__PARA__L1": 2,
      "__PARA__L2": 64,
      "__PARA__L3": 100
    },
    "res_util": {
      "util-URAM": 0.0,
      "util-BRAM": 0.32592592592592595,
      "util-DSP": 0.29376218323586745,
      "util-LUT": 0.6762687779131141,
      "util-FF": 0.18088036270131277,
      "total-URAM": 0,
      "total-BRAM": 1056,
      "total-DSP": 1507,
      "total-LUT": 599634,
      "total-FF": 320766
    },
    "valid": true
  },
  "__PARA__L0-1.__PARA__L1-2.__PARA__L2-64.__PARA__L3-100.__PIPE__L0-off.__PIPE__L1-   ": {
    "perf": 0.0,
    "point": {
      "__PIPE__L0": "off",
      "__PARA__L0": 1,
      "__PIPE__L1": "   ",
      "__PARA__L1": 2,
      "__PARA__L2": 64,
      "__PARA__L3": 100
    },
    "res_util": {
      "util-URAM": 0,
      "util-BRAM": 0,
      "util-DSP": 0,
      "util-LUT": 0,
      "util-FF": 0,
      "total-URAM": 0,
      "total-BRAM": 0,
      "total-DSP": 0,
      "total-LUT": 0,
      "total-FF": 0
    },
    "valid": false
  },
  "__PARA__L0-2.__PARA__L1-1.__PARA__L2-64.__PARA__L3-100.__PIPE__L0-off.__PIPE__L1-NA": {
    "perf": 59736509.0,
    "point": {
      "__PIPE__L0": "off",
      "__PARA__L0": 2,
      "__PIPE__L1": "",
      "__PARA__L1": 1,
      "__PARA__L2": 64,
      "__PARA__L3": 100
    },
    "res_util": {
      "util-URAM": 0.0,
      "util-BRAM": 0.32592592592592595,
      "util-DSP": 0.2953216374269006,
      "util-LUT": 0.3618419271890648,
      "util-FF": 0.14362565976451483,
      "total-URAM": 0,
      "total-BRAM": 1056,
      "total-DSP": 1515,
      "total-LUT": 320838,
      "total-FF": 254700
    },
    "valid": true
  },
  "__PARA__L0-2.__PARA__L1-1.__PARA__L2-64.__PARA__L3-100.__PIPE__L0-   .__PIPE__L1-NA": {
    "perf": 0.0,
    "point": {
      "__PIPE__L0": "   ",
      "__PARA__L0": 2,
      "__PIPE__L1": "",
      "__PARA__L1": 1,
      "__PARA__L2": 64,
      "__PARA__L3": 100
    },
    "res_util": {
      "util-URAM": 0,
      "util-BRAM": 0,
      "util-DSP": 0,
      "util-LUT": 0,
      "util-FF": 0,
      "total-URAM": 0,
      "total-BRAM": 0,
      "total-DSP": 0,
      "total-LUT": 0,
      "total-FF": 0
    },
    "valid": false
  },
  "__PARA__L0-2.__PARA__L1-2.__PARA__L2-64.__PARA__L3-100.__PIPE__L0-off.__PIPE__L1-NA": {
    "perf": 60192509.0,
    "point": {
      "__PIPE__L0": "off",
      "__PARA__L0": 2,
      "__PIPE__L1": "",
      "__PARA__L1": 2,
      "__PARA__L2": 64,
      "__PARA__L3": 100
    },
    "res_util": {
      "util-URAM": 0.0,
      "util-BRAM": 0.32592592592592595,
      "util-DSP": 0.29376218323586745,
      "util-LUT": 0.9990695628637163,
      "util-FF": 0.2669835791942978,
      "total-URAM": 0,
      "total-BRAM": 1056,
      "total-DSP": 1507,
      "total-LUT": 885855,
      "total-FF": 473458
    },
    "valid": true
  },
  "__PARA__L0-2.__PARA__L1-3.__PARA__L2-64.__PARA__L3-100.__PIPE__L0-off.__PIPE__L1-NA": {
    "perf": 0.0,
    "point": {
      "__PIPE__L0": "off",
      "__PARA__L0": 2,
      "__PIPE__L1": "",
      "__PARA__L1": 3,
      "__PARA__L2": 64,
      "__PARA__L3": 100
    },
    "res_util": {
      "util-URAM": 0,
      "util-BRAM": 0,
      "util-DSP": 0,
      "util-LUT": 0,
      "util-FF": 0,
      "total-URAM": 0,
      "total-BRAM": 0,
      "total-DSP": 0,
      "total-LUT": 0,
      "total-FF": 0
    },
    "valid": false
  },
  "__PARA__L0-2.__PARA__L1-4.__PARA__L2-64.__PARA__L3-100.__PIPE__L0-off.__PIPE__L1-NA": {
    "perf": 0.0,
    "point": {
      "__PIPE__L0": "off",
      "__PARA__L0": 2,
      "__PIPE__L1": "",
      "__PARA__L1": 4,
      "__PARA__L2": 64,
      "__PARA__L3": 100
    },
    "res_util": {
      "util-URAM": 0,
      "util-BRAM": 0,
      "util-DSP": 0,
      "util-LUT": 0,
      "util-FF": 0,
      "total-URAM": 0,
      "total-BRAM": 0,
      "total-DSP": 0,
      "total-LUT": 0,
      "total-FF": 0
    },
    "valid": false
  },
  "__PARA__L0-2.__PARA__L1-5.__PARA__L2-64.__PARA__L3-100.__PIPE__L0-off.__PIPE__L1-NA": {
    "perf": 0.0,
    "point": {
      "__PIPE__L0": "off",
      "__PARA__L0": 2,
      "__PIPE__L1": "",
      "__PARA__L1": 5,
      "__PARA__L2": 64,
      "__PARA__L3": 100
    },
    "res_util": {
      "util-URAM": 0,
      "util-BRAM": 0,
      "util-DSP": 0,
      "util-LUT": 0,
      "util-FF": 0,
      "total-URAM": 0,
      "total-BRAM": 0,
      "total-DSP": 0,
      "total-LUT": 0,
      "total-FF": 0
    },
    "valid": false
  },
  "__PARA__L0-2.__PARA__L1-6.__PARA__L2-64.__PARA__L3-100.__PIPE__L0-off.__PIPE__L1-NA": {
    "perf": 0.0,
    "point": {
      "__PIPE__L0": "off",
      "__PARA__L0": 2,
      "__PIPE__L1": "",
      "__PARA__L1": 6,
      "__PARA__L2": 64,
      "__PARA__L3": 100
    },
    "res_util": {
      "util-URAM": 0,
      "util-BRAM": 0,
      "util-DSP": 0,
      "util-LUT": 0,
      "util-FF": 0,
      "total-URAM": 0,
      "total-BRAM": 0,
      "total-DSP": 0,
      "total-LUT": 0,
      "total-FF": 0
    },
    "valid": false
  },
  "__PARA__L0-2.__PARA__L1-8.__PARA__L2-64.__PARA__L3-100.__PIPE__L0-off.__PIPE__L1-NA": {
    "perf": 0.0,
    "point": {
      "__PIPE__L0": "off",
      "__PARA__L0": 2,
      "__PIPE__L1": "",
      "__PARA__L1": 8,
      "__PARA__L2": 64,
      "__PARA__L3": 100
    },
    "res_util": {
      "util-URAM": 0,
      "util-BRAM": 0,
      "util-DSP": 0,
      "util-LUT": 0,
      "util-FF": 0,
      "total-URAM": 0,
      "total-BRAM": 0,
      "total-DSP": 0,
      "total-LUT": 0,
      "total-FF": 0
    },
    "valid": false
  },
  "__PARA__L0-2.__PARA__L1-10.__PARA__L2-64.__PARA__L3-100.__PIPE__L0-off.__PIPE__L1-NA": {
    "perf": 0.0,
    "point": {
      "__PIPE__L0": "off",
      "__PARA__L0": 2,
      "__PIPE__L1": "",
      "__PARA__L1": 10,
      "__PARA__L2": 64,
      "__PARA__L3": 100
    },
    "res_util": {
      "util-URAM": 0,
      "util-BRAM": 0,
      "util-DSP": 0,
      "util-LUT": 0,
      "util-FF": 0,
      "total-URAM": 0,
      "total-BRAM": 0,
      "total-DSP": 0,
      "total-LUT": 0,
      "total-FF": 0
    },
    "valid": false
  },
  "__PARA__L0-2.__PARA__L1-12.__PARA__L2-64.__PARA__L3-100.__PIPE__L0-off.__PIPE__L1-NA": {
    "perf": 0.0,
    "point": {
      "__PIPE__L0": "off",
      "__PARA__L0": 2,
      "__PIPE__L1": "",
      "__PARA__L1": 12,
      "__PARA__L2": 64,
      "__PARA__L3": 100
    },
    "res_util": {
      "util-URAM": 0,
      "util-BRAM": 0,
      "util-DSP": 0,
      "util-LUT": 0,
      "util-FF": 0,
      "total-URAM": 0,
      "total-BRAM": 0,
      "total-DSP": 0,
      "total-LUT": 0,
      "total-FF": 0
    },
    "valid": false
  },
  "__PARA__L0-2.__PARA__L1-15.__PARA__L2-64.__PARA__L3-100.__PIPE__L0-off.__PIPE__L1-NA": {
    "perf": 0.0,
    "point": {
      "__PIPE__L0": "off",
      "__PARA__L0": 2,
      "__PIPE__L1": "",
      "__PARA__L1": 15,
      "__PARA__L2": 64,
      "__PARA__L3": 100
    },
    "res_util": {
      "util-URAM": 0,
      "util-BRAM": 0,
      "util-DSP": 0,
      "util-LUT": 0,
      "util-FF": 0,
      "total-URAM": 0,
      "total-BRAM": 0,
      "total-DSP": 0,
      "total-LUT": 0,
      "total-FF": 0
    },
    "valid": false
  },
  "__PARA__L0-2.__PARA__L1-16.__PARA__L2-64.__PARA__L3-100.__PIPE__L0-off.__PIPE__L1-NA": {
    "perf": 0.0,
    "point": {
      "__PIPE__L0": "off",
      "__PARA__L0": 2,
      "__PIPE__L1": "",
      "__PARA__L1": 16,
      "__PARA__L2": 64,
      "__PARA__L3": 100
    },
    "res_util": {
      "util-URAM": 0,
      "util-BRAM": 0,
      "util-DSP": 0,
      "util-LUT": 0,
      "util-FF": 0,
      "total-URAM": 0,
      "total-BRAM": 0,
      "total-DSP": 0,
      "total-LUT": 0,
      "total-FF": 0
    },
    "valid": false
  },
  "__PARA__L0-2.__PARA__L1-20.__PARA__L2-64.__PARA__L3-100.__PIPE__L0-off.__PIPE__L1-NA": {
    "perf": 0.0,
    "point": {
      "__PIPE__L0": "off",
      "__PARA__L0": 2,
      "__PIPE__L1": "",
      "__PARA__L1": 20,
      "__PARA__L2": 64,
      "__PARA__L3": 100
    },
    "res_util": {
      "util-URAM": 0,
      "util-BRAM": 0,
      "util-DSP": 0,
      "util-LUT": 0,
      "util-FF": 0,
      "total-URAM": 0,
      "total-BRAM": 0,
      "total-DSP": 0,
      "total-LUT": 0,
      "total-FF": 0
    },
    "valid": false
  },
  "__PARA__L0-2.__PARA__L1-24.__PARA__L2-64.__PARA__L3-100.__PIPE__L0-off.__PIPE__L1-NA": {
    "perf": 0.0,
    "point": {
      "__PIPE__L0": "off",
      "__PARA__L0": 2,
      "__PIPE__L1": "",
      "__PARA__L1": 24,
      "__PARA__L2": 64,
      "__PARA__L3": 100
    },
    "res_util": {
      "util-URAM": 0,
      "util-BRAM": 0,
      "util-DSP": 0,
      "util-LUT": 0,
      "util-FF": 0,
      "total-URAM": 0,
      "total-BRAM": 0,
      "total-DSP": 0,
      "total-LUT": 0,
      "total-FF": 0
    },
    "valid": false
  },
  "__PARA__L0-2.__PARA__L1-30.__PARA__L2-64.__PARA__L3-100.__PIPE__L0-off.__PIPE__L1-NA": {
    "perf": 0.0,
    "point": {
      "__PIPE__L0": "off",
      "__PARA__L0": 2,
      "__PIPE__L1": "",
      "__PARA__L1": 30,
      "__PARA__L2": 64,
      "__PARA__L3": 100
    },
    "res_util": {
      "util-URAM": 0,
      "util-BRAM": 0,
      "util-DSP": 0,
      "util-LUT": 0,
      "util-FF": 0,
      "total-URAM": 0,
      "total-BRAM": 0,
      "total-DSP": 0,
      "total-LUT": 0,
      "total-FF": 0
    },
    "valid": false
  },
  "__PARA__L0-2.__PARA__L1-32.__PARA__L2-64.__PARA__L3-100.__PIPE__L0-off.__PIPE__L1-NA": {
    "perf": 0.0,
    "point": {
      "__PIPE__L0": "off",
      "__PARA__L0": 2,
      "__PIPE__L1": "",
      "__PARA__L1": 32,
      "__PARA__L2": 64,
      "__PARA__L3": 100
    },
    "res_util": {
      "util-URAM": 0,
      "util-BRAM": 0,
      "util-DSP": 0,
      "util-LUT": 0,
      "util-FF": 0,
      "total-URAM": 0,
      "total-BRAM": 0,
      "total-DSP": 0,
      "total-LUT": 0,
      "total-FF": 0
    },
    "valid": false
  },
  "__PARA__L0-2.__PARA__L1-40.__PARA__L2-64.__PARA__L3-100.__PIPE__L0-off.__PIPE__L1-NA": {
    "perf": 0.0,
    "point": {
      "__PIPE__L0": "off",
      "__PARA__L0": 2,
      "__PIPE__L1": "",
      "__PARA__L1": 40,
      "__PARA__L2": 64,
      "__PARA__L3": 100
    },
    "res_util": {
      "util-URAM": 0,
      "util-BRAM": 0,
      "util-DSP": 0,
      "util-LUT": 0,
      "util-FF": 0,
      "total-URAM": 0,
      "total-BRAM": 0,
      "total-DSP": 0,
      "total-LUT": 0,
      "total-FF": 0
    },
    "valid": false
  },
  "__PARA__L0-2.__PARA__L1-48.__PARA__L2-64.__PARA__L3-100.__PIPE__L0-off.__PIPE__L1-NA": {
    "perf": 0.0,
    "point": {
      "__PIPE__L0": "off",
      "__PARA__L0": 2,
      "__PIPE__L1": "",
      "__PARA__L1": 48,
      "__PARA__L2": 64,
      "__PARA__L3": 100
    },
    "res_util": {
      "util-URAM": 0,
      "util-BRAM": 0,
      "util-DSP": 0,
      "util-LUT": 0,
      "util-FF": 0,
      "total-URAM": 0,
      "total-BRAM": 0,
      "total-DSP": 0,
      "total-LUT": 0,
      "total-FF": 0
    },
    "valid": false
  },
  "__PARA__L0-2.__PARA__L1-60.__PARA__L2-64.__PARA__L3-100.__PIPE__L0-off.__PIPE__L1-NA": {
    "perf": 0.0,
    "point": {
      "__PIPE__L0": "off",
      "__PARA__L0": 2,
      "__PIPE__L1": "",
      "__PARA__L1": 60,
      "__PARA__L2": 64,
      "__PARA__L3": 100
    },
    "res_util": {
      "util-URAM": 0,
      "util-BRAM": 0,
      "util-DSP": 0,
      "util-LUT": 0,
      "util-FF": 0,
      "total-URAM": 0,
      "total-BRAM": 0,
      "total-DSP": 0,
      "total-LUT": 0,
      "total-FF": 0
    },
    "valid": false
  },
  "__PARA__L0-2.__PARA__L1-64.__PARA__L2-64.__PARA__L3-100.__PIPE__L0-off.__PIPE__L1-NA": {
    "perf": 0.0,
    "point": {
      "__PIPE__L0": "off",
      "__PARA__L0": 2,
      "__PIPE__L1": "",
      "__PARA__L1": 64,
      "__PARA__L2": 64,
      "__PARA__L3": 100
    },
    "res_util": {
      "util-URAM": 0,
      "util-BRAM": 0,
      "util-DSP": 0,
      "util-LUT": 0,
      "util-FF": 0,
      "total-URAM": 0,
      "total-BRAM": 0,
      "total-DSP": 0,
      "total-LUT": 0,
      "total-FF": 0
    },
    "valid": false
  }
}