{
  "__PARA__L0-1.__PARA__L1-1.__PARA__L2-1.__PARA__L3-1.__PIPE__L0-NA.__PIPE__L1-NA": {
    "perf": 2285049.0,
    "point": {
      "__PIPE__L0": "",
      "__PARA__L0": 1,
      "__PIPE__L1": "",
      "__PARA__L1": 1,
      "__PARA__L2": 1,
      "__PARA__L3": 1
    },
    "res_util": {
      "util-URAM": 0.001388888888888889,
      "util-BRAM": 0.019753086419753086,
      "util-DSP": 0.003703703703703704,
      "util-LUT": 0.0027563495285785177,
      "util-FF": 0.0018225289845265485,
      "total-URAM": 1,
      "total-BRAM": 64,
      "total-DSP": 19,
      "total-LUT": 2444,
      "total-FF": 3232
    },
    "valid": true
  },
  "__PARA__L0-1.__PARA__L1-1.__PARA__L2-1.__PARA__L3-2.__PIPE__L0-NA.__PIPE__L1-NA": {
    "perf": 2285049.0,
    "point": {
      "__PIPE__L0": "",
      "__PARA__L0": 1,
      "__PIPE__L1": "",
      "__PARA__L1": 1,
      "__PARA__L2": 1,
      "__PARA__L3": 2
    },
    "res_util": {
      "util-URAM": 0.001388888888888889,
      "util-BRAM": 0.019753086419753086,
      "util-DSP": 0.003703703703703704,
      "util-LUT": 0.0029706320205711194,
      "util-FF": 0.0019375648486488926,
      "total-URAM": 1,
      "total-BRAM": 64,
      "total-DSP": 19,
      "total-LUT": 2634,
      "total-FF": 3436
    },
    "valid": true
  },
  "__PARA__L0-1.__PARA__L1-1.__PARA__L2-1.__PARA__L3-3.__PIPE__L0-NA.__PIPE__L1-NA": {
    "perf": 2275457.0,
    "point": {
      "__PIPE__L0": "",
      "__PARA__L0": 1,
      "__PIPE__L1": "",
      "__PARA__L1": 1,
      "__PARA__L2": 1,
      "__PARA__L3": 3
    },
    "res_util": {
      "util-URAM": 0.008333333333333333,
      "util-BRAM": 0.009876543209876543,
      "util-DSP": 0.003703703703703704,
      "util-LUT": 0.0041018180177741686,
      "util-FF": 0.00225786078404836,
      "total-URAM": 6,
      "total-BRAM": 32,
      "total-DSP": 19,
      "total-LUT": 3637,
      "total-FF": 4004
    },
    "valid": true
  },
  "__PARA__L0-1.__PARA__L1-1.__PARA__L2-1.__PARA__L3-4.__PIPE__L0-NA.__PIPE__L1-NA": {
    "perf": 2275449.0,
    "point": {
      "__PIPE__L0": "",
      "__PARA__L0": 1,
      "__PIPE__L1": "",
      "__PARA__L1": 1,
      "__PARA__L2": 1,
      "__PARA__L3": 4
    },
    "res_util": {
      "util-URAM": 0.005555555555555556,
      "util-BRAM": 0.009876543209876543,
      "util-DSP": 0.003703703703703704,
      "util-LUT": 0.003993548969188433,
      "util-FF": 0.002240943745206839,
      "total-URAM": 4,
      "total-BRAM": 32,
      "total-DSP": 19,
      "total-LUT": 3541,
      "total-FF": 3974
    },
    "valid": true
  },
  "__PARA__L0-1.__PARA__L1-1.__PARA__L2-1.__PARA__L3-5.__PIPE__L0-NA.__PIPE__L1-NA": {
    "perf": 2275396.0,
    "point": {
      "__PIPE__L0": "",
      "__PARA__L0": 1,
      "__PIPE__L1": "",
      "__PARA__L1": 1,
      "__PARA__L2": 1,
      "__PARA__L3": 5
    },
    "res_util": {
      "util-URAM": 0.0,
      "util-BRAM": 0.022222222222222223,
      "util-DSP": 0.003703703703703704,
      "util-LUT": 0.004661208102133802,
      "util-FF": 0.002512744169260613,
      "total-URAM": 0,
      "total-BRAM": 72,
      "total-DSP": 19,
      "total-LUT": 4133,
      "total-FF": 4456
    },
    "valid": true
  },
  "__PARA__L0-1.__PARA__L1-1.__PARA__L2-1.__PARA__L3-6.__PIPE__L0-NA.__PIPE__L1-NA": {
    "perf": 2275457.0,
    "point": {
      "__PIPE__L0": "",
      "__PARA__L0": 1,
      "__PIPE__L1": "",
      "__PARA__L1": 1,
      "__PARA__L2": 1,
      "__PARA__L3": 6
    },
    "res_util": {
      "util-URAM": 0.008333333333333333,
      "util-BRAM": 0.009876543209876543,
      "util-DSP": 0.003703703703703704,
      "util-LUT": 0.004673613930617585,
      "util-FF": 0.0026728921369603463,
      "total-URAM": 6,
      "total-BRAM": 32,
      "total-DSP": 19,
      "total-LUT": 4144,
      "total-FF": 4740
    },
    "valid": true
  },
  "__PARA__L0-1.__PARA__L1-1.__PARA__L2-1.__PARA__L3-8.__PIPE__L0-NA.__PIPE__L1-NA": {
    "perf": 2510589.0,
    "point": {
      "__PIPE__L0": "",
      "__PARA__L0": 1,
      "__PIPE__L1": "",
      "__PARA__L1": 1,
      "__PARA__L2": 1,
      "__PARA__L3": 8
    },
    "res_util": {
      "util-URAM": 0.005555555555555556,
      "util-BRAM": 0.014814814814814815,
      "util-DSP": 0.003703703703703704,
      "util-LUT": 0.005049172192899355,
      "util-FF": 0.0029892407632967927,
      "total-URAM": 4,
      "total-BRAM": 48,
      "total-DSP": 19,
      "total-LUT": 4477,
      "total-FF": 5301
    },
    "valid": true
  },
  "__PARA__L0-1.__PARA__L1-1.__PARA__L2-1.__PARA__L3-10.__PIPE__L0-NA.__PIPE__L1-NA": {
    "perf": 2275396.0,
    "point": {
      "__PIPE__L0": "",
      "__PARA__L0": 1,
      "__PIPE__L1": "",
      "__PARA__L1": 1,
      "__PARA__L2": 1,
      "__PARA__L3": 10
    },
    "res_util": {
      "util-URAM": 0.0,
      "util-BRAM": 0.022222222222222223,
      "util-DSP": 0.003703703703703704,
      "util-LUT": 0.005572472594397077,
      "util-FF": 0.0032238237018992195,
      "total-URAM": 0,
      "total-BRAM": 72,
      "total-DSP": 19,
      "total-LUT": 4941,
      "total-FF": 5717
    },
    "valid": true
  },
  "__PARA__L0-1.__PARA__L1-1.__PARA__L2-1.__PARA__L3-12.__PIPE__L0-NA.__PIPE__L1-NA": {
    "perf": 2275396.0,
    "point": {
      "__PIPE__L0": "",
      "__PARA__L0": 1,
      "__PIPE__L1": "",
      "__PARA__L1": 1,
      "__PARA__L2": 1,
      "__PARA__L3": 12
    },
    "res_util": {
      "util-URAM": 0.0,
      "util-BRAM": 0.024691358024691357,
      "util-DSP": 0.003703703703703704,
      "util-LUT": 0.005982992736951324,
      "util-FF": 0.0034809626922903416,
      "total-URAM": 0,
      "total-BRAM": 80,
      "total-DSP": 19,
      "total-LUT": 5305,
      "total-FF": 6173
    },
    "valid": true
  },
  "__PARA__L0-1.__PARA__L1-1.__PARA__L2-1.__PARA__L3-15.__PIPE__L0-NA.__PIPE__L1-NA": {
    "perf": 2275397.0,
    "point": {
      "__PIPE__L0": "",
      "__PARA__L0": 1,
      "__PIPE__L1": "",
      "__PARA__L1": 1,
      "__PARA__L2": 1,
      "__PARA__L3": 15
    },
    "res_util": {
      "util-URAM": 0.0,
      "util-BRAM": 0.028395061728395062,
      "util-DSP": 0.003703703703703704,
      "util-LUT": 0.007186358099878197,
      "util-FF": 0.0039247530112329135,
      "total-URAM": 0,
      "total-BRAM": 92,
      "total-DSP": 19,
      "total-LUT": 6372,
      "total-FF": 6960
    },
    "valid": true
  },
  "__PARA__L0-1.__PARA__L1-1.__PARA__L2-1.__PARA__L3-16.__PIPE__L0-NA.__PIPE__L1-NA": {
    "perf": 2740989.0,
    "point": {
      "__PIPE__L0": "",
      "__PARA__L0": 1,
      "__PIPE__L1": "",
      "__PARA__L1": 1,
      "__PARA__L2": 1,
      "__PARA__L3": 16
    },
    "res_util": {
      "util-URAM": 0.0,
      "util-BRAM": 0.024691358024691357,
      "util-DSP": 0.003703703703703704,
      "util-LUT": 0.0067081698019578655,
      "util-FF": 0.004424369558352506,
      "total-URAM": 0,
      "total-BRAM": 80,
      "total-DSP": 19,
      "total-LUT": 5948,
      "total-FF": 7846
    },
    "valid": true
  },
  "__PARA__L0-1.__PARA__L1-1.__PARA__L2-1.__PARA__L3-20.__PIPE__L0-NA.__PIPE__L1-NA": {
    "perf": 2275397.0,
    "point": {
      "__PIPE__L0": "",
      "__PARA__L0": 1,
      "__PIPE__L1": "",
      "__PARA__L1": 1,
      "__PARA__L2": 1,
      "__PARA__L3": 20
    },
    "res_util": {
      "util-URAM": 0.0,
      "util-BRAM": 0.022222222222222223,
      "util-DSP": 0.003703703703703704,
      "util-LUT": 0.007785221274868047,
      "util-FF": 0.004632449136103217,
      "total-URAM": 0,
      "total-BRAM": 72,
      "total-DSP": 19,
      "total-LUT": 6903,
      "total-FF": 8215
    },
    "valid": true
  },
  "__PARA__L0-1.__PARA__L1-1.__PARA__L2-1.__PARA__L3-30.__PIPE__L0-NA.__PIPE__L1-NA": {
    "perf": 1905789.0,
    "point": {
      "__PIPE__L0": "",
      "__PARA__L0": 1,
      "__PIPE__L1": "",
      "__PARA__L1": 1,
      "__PARA__L2": 1,
      "__PARA__L3": 30
    },
    "res_util": {
      "util-URAM": 0.0,
      "util-BRAM": 0.04691358024691358,
      "util-DSP": 0.005847953216374269,
      "util-LUT": 0.029868723778589797,
      "util-FF": 0.013715771191410656,
      "total-URAM": 0,
      "total-BRAM": 152,
      "total-DSP": 30,
      "total-LUT": 26484,
      "total-FF": 24323
    },
    "valid": true
  },
  "__PARA__L0-1.__PARA__L1-1.__PARA__L2-1.__PARA__L3-32.__PIPE__L0-NA.__PIPE__L1-NA": {
    "perf": 2832189.0,
    "point": {
      "__PIPE__L0": "",
      "__PARA__L0": 1,
      "__PIPE__L1": "",
      "__PARA__L1": 1,
      "__PARA__L2": 1,
      "__PARA__L3": 32
    },
    "res_util": {
      "util-URAM": 0.0,
      "util-BRAM": 0.04691358024691358,
      "util-DSP": 0.005847953216374269,
      "util-LUT": 0.021653809717147112,
      "util-FF": 0.01397911309604367,
      "total-URAM": 0,
      "total-BRAM": 152,
      "total-DSP": 30,
      "total-LUT": 19200,
      "total-FF": 24790
    },
    "valid": true
  },
  "__PARA__L0-1.__PARA__L1-1.__PARA__L2-1.__PARA__L3-60.__PIPE__L0-NA.__PIPE__L1-NA": {
    "perf": 2166789.0,
    "point": {
      "__PIPE__L0": "",
      "__PARA__L0": 1,
      "__PIPE__L1": "",
      "__PARA__L1": 1,
      "__PARA__L2": 1,
      "__PARA__L3": 60
    },
    "res_util": {
      "util-URAM": 0.001388888888888889,
      "util-BRAM": 0.019753086419753086,
      "util-DSP": 0.0042884990253411305,
      "util-LUT": 0.014162944918121532,
      "util-FF": 0.008631637118238824,
      "total-URAM": 1,
      "total-BRAM": 64,
      "total-DSP": 22,
      "total-LUT": 12558,
      "total-FF": 15307
    },
    "valid": true
  },
  "__PARA__L0-1.__PARA__L1-1.__PARA__L2-2.__PARA__L3-30.__PIPE__L0-NA.__PIPE__L1-NA": {
    "perf": 1905789.0,
    "point": {
      "__PIPE__L0": "",
      "__PARA__L0": 1,
      "__PIPE__L1": "",
      "__PARA__L1": 1,
      "__PARA__L2": 2,
      "__PARA__L3": 30
    },
    "res_util": {
      "util-URAM": 0.002777777777777778,
      "util-BRAM": 0.037037037037037035,
      "util-DSP": 0.007992202729044834,
      "util-LUT": 0.03156945008345739,
      "util-FF": 0.014509744214372716,
      "total-URAM": 2,
      "total-BRAM": 120,
      "total-DSP": 41,
      "total-LUT": 27992,
      "total-FF": 25731
    },
    "valid": true
  },
  "__PARA__L0-1.__PARA__L1-1.__PARA__L2-3.__PARA__L3-30.__PIPE__L0-NA.__PIPE__L1-NA": {
    "perf": 1905804.0,
    "point": {
      "__PIPE__L0": "",
      "__PARA__L0": 1,
      "__PIPE__L1": "",
      "__PARA__L1": 1,
      "__PARA__L2": 3,
      "__PARA__L3": 30
    },
    "res_util": {
      "util-URAM": 0.004166666666666667,
      "util-BRAM": 0.037037037037037035,
      "util-DSP": 0.0101364522417154,
      "util-LUT": 0.03344047457932963,
      "util-FF": 0.015533225064284747,
      "total-URAM": 3,
      "total-BRAM": 120,
      "total-DSP": 52,
      "total-LUT": 29651,
      "total-FF": 27546
    },
    "valid": true
  },
  "__PARA__L0-1.__PARA__L1-1.__PARA__L2-4.__PARA__L3-30.__PIPE__L0-NA.__PIPE__L1-NA": {
    "perf": 1905789.0,
    "point": {
      "__PIPE__L0": "",
      "__PARA__L0": 1,
      "__PIPE__L1": "",
      "__PARA__L1": 1,
      "__PARA__L2": 4,
      "__PARA__L3": 30
    },
    "res_util": {
      "util-URAM": 0.005555555555555556,
      "util-BRAM": 0.037037037037037035,
      "util-DSP": 0.012280701754385965,
      "util-LUT": 0.03366265168944828,
      "util-FF": 0.01590201651102991,
      "total-URAM": 4,
      "total-BRAM": 120,
      "total-DSP": 63,
      "total-LUT": 29848,
      "total-FF": 28200
    },
    "valid": true
  },
  "__PARA__L0-1.__PARA__L1-1.__PARA__L2-5.__PARA__L3-30.__PIPE__L0-NA.__PIPE__L1-NA": {
    "perf": 1905803.0,
    "point": {
      "__PIPE__L0": "",
      "__PARA__L0": 1,
      "__PIPE__L1": "",
      "__PARA__L1": 1,
      "__PARA__L2": 5,
      "__PARA__L3": 30
    },
    "res_util": {
      "util-URAM": 0.0,
      "util-BRAM": 0.043209876543209874,
      "util-DSP": 0.01442495126705653,
      "util-LUT": 0.03625546984255876,
      "util-FF": 0.01680989759552488,
      "total-URAM": 0,
      "total-BRAM": 140,
      "total-DSP": 74,
      "total-LUT": 32147,
      "total-FF": 29810
    },
    "valid": true
  },
  "__PARA__L0-1.__PARA__L1-1.__PARA__L2-6.__PARA__L3-30.__PIPE__L0-NA.__PIPE__L1-NA": {
    "perf": 1905803.0,
    "point": {
      "__PIPE__L0": "",
      "__PARA__L0": 1,
      "__PIPE__L1": "",
      "__PARA__L1": 1,
      "__PARA__L2": 6,
      "__PARA__L3": 30
    },
    "res_util": {
      "util-URAM": 0.0,
      "util-BRAM": 0.044444444444444446,
      "util-DSP": 0.016569200779727095,
      "util-LUT": 0.03696147426354491,
      "util-FF": 0.017506315694500833,
      "total-URAM": 0,
      "total-BRAM": 144,
      "total-DSP": 85,
      "total-LUT": 32773,
      "total-FF": 31045
    },
    "valid": true
  },
  "__PARA__L0-1.__PARA__L1-1.__PARA__L2-8.__PARA__L3-30.__PIPE__L0-NA.__PIPE__L1-NA": {
    "perf": 1905788.0,
    "point": {
      "__PIPE__L0": "",
      "__PARA__L0": 1,
      "__PIPE__L1": "",
      "__PARA__L1": 1,
      "__PARA__L2": 8,
      "__PARA__L3": 30
    },
    "res_util": {
      "util-URAM": 0.0,
      "util-BRAM": 0.04691358024691358,
      "util-DSP": 0.020857699805068228,
      "util-LUT": 0.038945279018360625,
      "util-FF": 0.01875648486488925,
      "total-URAM": 0,
      "total-BRAM": 152,
      "total-DSP": 107,
      "total-LUT": 34532,
      "total-FF": 33262
    },
    "valid": true
  },
  "__PARA__L0-1.__PARA__L1-1.__PARA__L2-10.__PARA__L3-30.__PIPE__L0-NA.__PIPE__L1-NA": {
    "perf": 1905804.0,
    "point": {
      "__PIPE__L0": "",
      "__PARA__L0": 1,
      "__PIPE__L1": "",
      "__PARA__L1": 1,
      "__PARA__L2": 10,
      "__PARA__L3": 30
    },
    "res_util": {
      "util-URAM": 0.0,
      "util-BRAM": 0.043209876543209874,
      "util-DSP": 0.025146198830409357,
      "util-LUT": 0.042032074705643525,
      "util-FF": 0.020281837867099743,
      "total-URAM": 0,
      "total-BRAM": 140,
      "total-DSP": 129,
      "total-LUT": 37269,
      "total-FF": 35967
    },
    "valid": true
  },
  "__PARA__L0-1.__PARA__L1-1.__PARA__L2-12.__PARA__L3-30.__PIPE__L0-NA.__PIPE__L1-NA": {
    "perf": 1905804.0,
    "point": {
      "__PIPE__L0": "",
      "__PARA__L0": 1,
      "__PIPE__L1": "",
      "__PARA__L1": 1,
      "__PARA__L2": 12,
      "__PARA__L3": 30
    },
    "res_util": {
      "util-URAM": 0.0,
      "util-BRAM": 0.044444444444444446,
      "util-DSP": 0.029434697855750487,
      "util-LUT": 0.04370122253800695,
      "util-FF": 0.02167129065728335,
      "total-URAM": 0,
      "total-BRAM": 144,
      "total-DSP": 151,
      "total-LUT": 38749,
      "total-FF": 38431
    },
    "valid": true
  },
  "__PARA__L0-1.__PARA__L1-1.__PARA__L2-15.__PARA__L3-30.__PIPE__L0-NA.__PIPE__L1-NA": {
    "perf": 1905804.0,
    "point": {
      "__PIPE__L0": "",
      "__PARA__L0": 1,
      "__PIPE__L1": "",
      "__PARA__L1": 1,
      "__PARA__L2": 15,
      "__PARA__L3": 30
    },
    "res_util": {
      "util-URAM": 0.0,
      "util-BRAM": 0.046296296296296294,
      "util-DSP": 0.03586744639376218,
      "util-LUT": 0.04961541931700275,
      "util-FF": 0.02375941715162178,
      "total-URAM": 0,
      "total-BRAM": 150,
      "total-DSP": 184,
      "total-LUT": 43993,
      "total-FF": 42134
    },
    "valid": true
  },
  "__PARA__L0-1.__PARA__L1-1.__PARA__L2-16.__PARA__L3-30.__PIPE__L0-NA.__PIPE__L1-NA": {
    "perf": 1905788.0,
    "point": {
      "__PIPE__L0": "",
      "__PARA__L0": 1,
      "__PIPE__L1": "",
      "__PARA__L1": 1,
      "__PARA__L2": 16,
      "__PARA__L3": 30
    },
    "res_util": {
      "util-URAM": 0.0,
      "util-BRAM": 0.04691358024691358,
      "util-DSP": 0.038011695906432746,
      "util-LUT": 0.04830829611584788,
      "util-FF": 0.024308093111381785,
      "total-URAM": 0,
      "total-BRAM": 152,
      "total-DSP": 195,
      "total-LUT": 42834,
      "total-FF": 43107
    },
    "valid": true
  },
  "__PARA__L0-1.__PARA__L1-1.__PARA__L2-20.__PARA__L3-30.__PIPE__L0-NA.__PIPE__L1-NA": {
    "perf": 1905804.0,
    "point": {
      "__PIPE__L0": "",
      "__PARA__L0": 1,
      "__PIPE__L1": "",
      "__PARA__L1": 1,
      "__PARA__L2": 20,
      "__PARA__L3": 30
    },
    "res_util": {
      "util-URAM": 0.0,
      "util-BRAM": 0.04938271604938271,
      "util-DSP": 0.04658869395711501,
      "util-LUT": 0.053157847250417285,
      "util-FF": 0.027221207199891732,
      "total-URAM": 0,
      "total-BRAM": 160,
      "total-DSP": 239,
      "total-LUT": 47134,
      "total-FF": 48273
    },
    "valid": true
  },
  "__PARA__L0-1.__PARA__L1-1.__PARA__L2-30.__PARA__L3-30.__PIPE__L0-NA.__PIPE__L1-NA": {
    "perf": 1905788.0,
    "point": {
      "__PIPE__L0": "",
      "__PARA__L0": 1,
      "__PIPE__L1": "",
      "__PARA__L1": 1,
      "__PARA__L2": 30,
      "__PARA__L3": 30
    },
    "res_util": {
      "util-URAM": 0.0,
      "util-BRAM": 0.10246913580246914,
      "util-DSP": 0.007992202729044834,
      "util-LUT": 0.05295258717914016,
      "util-FF": 0.023734605494654216,
      "total-URAM": 0,
      "total-BRAM": 332,
      "total-DSP": 41,
      "total-LUT": 46952,
      "total-FF": 42090
    },
    "valid": true
  },
  "__PARA__L0-1.__PARA__L1-1.__PARA__L2-32.__PARA__L3-30.__PIPE__L0-NA.__PIPE__L1-NA": {
    "perf": 1905788.0,
    "point": {
      "__PIPE__L0": "",
      "__PARA__L0": 1,
      "__PIPE__L1": "",
      "__PARA__L1": 1,
      "__PARA__L2": 32,
      "__PARA__L3": 30
    },
    "res_util": {
      "util-URAM": 0.0,
      "util-BRAM": 0.07407407407407407,
      "util-DSP": 0.0723196881091618,
      "util-LUT": 0.07489511435918257,
      "util-FF": 0.036443248973699646,
      "total-URAM": 0,
      "total-BRAM": 240,
      "total-DSP": 371,
      "total-LUT": 66408,
      "total-FF": 64627
    },
    "valid": true
  },
  "__PARA__L0-1.__PARA__L1-1.__PARA__L2-60.__PARA__L3-30.__PIPE__L0-NA.__PIPE__L1-NA": {
    "perf": 5020989.0,
    "point": {
      "__PIPE__L0": "",
      "__PARA__L0": 1,
      "__PIPE__L1": "",
      "__PARA__L1": 1,
      "__PARA__L2": 60,
      "__PARA__L3": 30
    },
    "res_util": {
      "util-URAM": 0.0,
      "util-BRAM": 0.04691358024691358,
      "util-DSP": 0.003703703703703704,
      "util-LUT": 0.025580818333558894,
      "util-FF": 0.014976090585103984,
      "total-URAM": 0,
      "total-BRAM": 152,
      "total-DSP": 19,
      "total-LUT": 22682,
      "total-FF": 26558
    },
    "valid": true
  },
  "__PARA__L0-2.__PARA__L1-1.__PARA__L2-8.__PARA__L3-30.__PIPE__L0-NA.__PIPE__L1-NA": {
    "perf": 1905758.0,
    "point": {
      "__PIPE__L0": "",
      "__PARA__L0": 2,
      "__PIPE__L1": "",
      "__PARA__L1": 1,
      "__PARA__L2": 8,
      "__PARA__L3": 30
    },
    "res_util": {
      "util-URAM": 0.0,
      "util-BRAM": 0.04691358024691358,
      "util-DSP": 0.020857699805068228,
      "util-LUT": 0.05343528668741823,
      "util-FF": 0.025499616547119592,
      "total-URAM": 0,
      "total-BRAM": 152,
      "total-DSP": 107,
      "total-LUT": 47380,
      "total-FF": 45220
    },
    "valid": true
  },
  "__PARA__L0-3.__PARA__L1-1.__PARA__L2-8.__PARA__L3-30.__PIPE__L0-NA.__PIPE__L1-NA": {
    "perf": 1908948.0,
    "point": {
      "__PIPE__L0": "",
      "__PARA__L0": 3,
      "__PIPE__L1": "",
      "__PARA__L1": 1,
      "__PARA__L2": 8,
      "__PARA__L3": 30
    },
    "res_util": {
      "util-URAM": 0.0,
      "util-BRAM": 0.04691358024691358,
      "util-DSP": 0.020857699805068228,
      "util-LUT": 0.0845299318807236,
      "util-FF": 0.03407824694365498,
      "total-URAM": 0,
      "total-BRAM": 152,
      "total-DSP": 107,
      "total-LUT": 74951,
      "total-FF": 60433
    },
    "valid": true
  },
  "__PARA__L0-4.__PARA__L1-1.__PARA__L2-8.__PARA__L3-30.__PIPE__L0-NA.__PIPE__L1-NA": {
    "perf": 1905743.0,
    "point": {
      "__PIPE__L0": "",
      "__PARA__L0": 4,
      "__PIPE__L1": "",
      "__PARA__L1": 1,
      "__PARA__L2": 8,
      "__PARA__L3": 30
    },
    "res_util": {
      "util-URAM": 0.0,
      "util-BRAM": 0.04691358024691358,
      "util-DSP": 0.020857699805068228,
      "util-LUT": 0.07932625073307169,
      "util-FF": 0.03839491135471647,
      "total-URAM": 0,
      "total-BRAM": 152,
      "total-DSP": 107,
      "total-LUT": 70337,
      "total-FF": 68088
    },
    "valid": true
  },
  "__PARA__L0-5.__PARA__L1-1.__PARA__L2-8.__PARA__L3-30.__PIPE__L0-NA.__PIPE__L1-NA": {
    "perf": 1909580.0,
    "point": {
      "__PIPE__L0": "",
      "__PARA__L0": 5,
      "__PIPE__L1": "",
      "__PARA__L1": 1,
      "__PARA__L2": 8,
      "__PARA__L3": 30
    },
    "res_util": {
      "util-URAM": 0.0,
      "util-BRAM": 0.04691358024691358,
      "util-DSP": 0.020857699805068228,
      "util-LUT": 0.1282390490368566,
      "util-FF": 0.04938873099652637,
      "total-URAM": 0,
      "total-BRAM": 152,
      "total-DSP": 107,
      "total-LUT": 113707,
      "total-FF": 87584
    },
    "valid": true
  },
  "__PARA__L0-6.__PARA__L1-1.__PARA__L2-8.__PARA__L3-30.__PIPE__L0-NA.__PIPE__L1-NA": {
    "perf": 1905738.0,
    "point": {
      "__PIPE__L0": "",
      "__PARA__L0": 6,
      "__PIPE__L1": "",
      "__PARA__L1": 1,
      "__PARA__L2": 8,
      "__PARA__L3": 30
    },
    "res_util": {
      "util-URAM": 0.0,
      "util-BRAM": 0.04691358024691358,
      "util-DSP": 0.020857699805068228,
      "util-LUT": 0.12311656967564398,
      "util-FF": 0.05372907926196598,
      "total-URAM": 0,
      "total-BRAM": 152,
      "total-DSP": 107,
      "total-LUT": 109165,
      "total-FF": 95281
    },
    "valid": true
  },
  "__PARA__L0-8.__PARA__L1-1.__PARA__L2-8.__PARA__L3-30.__PIPE__L0-NA.__PIPE__L1-NA": {
    "perf": 2032152.0,
    "point": {
      "__PIPE__L0": "",
      "__PARA__L0": 8,
      "__PIPE__L1": "",
      "__PARA__L1": 1,
      "__PARA__L2": 8,
      "__PARA__L3": 30
    },
    "res_util": {
      "util-URAM": 0.0,
      "util-BRAM": 0.04691358024691358,
      "util-DSP": 0.020857699805068228,
      "util-LUT": 0.1488090404655569,
      "util-FF": 0.06449564668200478,
      "total-URAM": 0,
      "total-BRAM": 152,
      "total-DSP": 107,
      "total-LUT": 131946,
      "total-FF": 114374
    },
    "valid": true
  },
  "__PARA__L0-10.__PARA__L1-1.__PARA__L2-8.__PARA__L3-30.__PIPE__L0-NA.__PIPE__L1-NA": {
    "perf": 1905734.0,
    "point": {
      "__PIPE__L0": "",
      "__PARA__L0": 10,
      "__PIPE__L1": "",
      "__PARA__L1": 1,
      "__PARA__L2": 8,
      "__PARA__L3": 30
    },
    "res_util": {
      "util-URAM": 0.0,
      "util-BRAM": 0.04691358024691358,
      "util-DSP": 0.020857699805068228,
      "util-LUT": 0.19205237515225335,
      "util-FF": 0.08187395678260477,
      "total-URAM": 0,
      "total-BRAM": 152,
      "total-DSP": 107,
      "total-LUT": 170289,
      "total-FF": 145192
    },
    "valid": true
  },
  "__PARA__L0-12.__PARA__L1-1.__PARA__L2-8.__PARA__L3-30.__PIPE__L0-NA.__PIPE__L1-NA": {
    "perf": 1905733.0,
    "point": {
      "__PIPE__L0": "",
      "__PARA__L0": 12,
      "__PIPE__L1": "",
      "__PARA__L1": 1,
      "__PARA__L2": 8,
      "__PARA__L3": 30
    },
    "res_util": {
      "util-URAM": 0.0,
      "util-BRAM": 0.04691358024691358,
      "util-DSP": 0.020857699805068228,
      "util-LUT": 0.19822258311905083,
      "util-FF": 0.09230161952451843,
      "total-URAM": 0,
      "total-BRAM": 152,
      "total-DSP": 107,
      "total-LUT": 175760,
      "total-FF": 163684
    },
    "valid": true
  },
  "__PARA__L0-15.__PARA__L1-1.__PARA__L2-8.__PARA__L3-30.__PIPE__L0-NA.__PIPE__L1-NA": {
    "perf": 1910212.0,
    "point": {
      "__PIPE__L0": "",
      "__PARA__L0": 15,
      "__PIPE__L1": "",
      "__PARA__L1": 1,
      "__PARA__L2": 8,
      "__PARA__L3": 30
    },
    "res_util": {
      "util-URAM": 0.0,
      "util-BRAM": 0.04691358024691358,
      "util-DSP": 0.020857699805068228,
      "util-LUT": 0.33977646952677404,
      "util-FF": 0.12566314792258762,
      "total-URAM": 0,
      "total-BRAM": 152,
      "total-DSP": 107,
      "total-LUT": 301273,
      "total-FF": 222846
    },
    "valid": true
  },
  "__PARA__L0-16.__PARA__L1-1.__PARA__L2-8.__PARA__L3-30.__PIPE__L0-NA.__PIPE__L1-NA": {
    "perf": 2032164.0,
    "point": {
      "__PIPE__L0": "",
      "__PARA__L0": 16,
      "__PIPE__L1": "",
      "__PARA__L1": 1,
      "__PARA__L2": 8,
      "__PARA__L3": 30
    },
    "res_util": {
      "util-URAM": 0.0,
      "util-BRAM": 0.04691358024691358,
      "util-DSP": 0.020857699805068228,
      "util-LUT": 0.2662211846438399,
      "util-FF": 0.11602607479586773,
      "total-URAM": 0,
      "total-BRAM": 152,
      "total-DSP": 107,
      "total-LUT": 236053,
      "total-FF": 205756
    },
    "valid": true
  },
  "__PARA__L0-20.__PARA__L1-1.__PARA__L2-8.__PARA__L3-30.__PIPE__L0-NA.__PIPE__L1-NA": {
    "perf": 1905731.0,
    "point": {
      "__PIPE__L0": "",
      "__PARA__L0": 20,
      "__PIPE__L1": "",
      "__PARA__L1": 1,
      "__PARA__L2": 8,
      "__PARA__L3": 30
    },
    "res_util": {
      "util-URAM": 0.0,
      "util-BRAM": 0.04691358024691358,
      "util-DSP": 0.020857699805068228,
      "util-LUT": 0.31616817792213653,
      "util-FF": 0.14602618757612668,
      "total-URAM": 0,
      "total-BRAM": 152,
      "total-DSP": 107,
      "total-LUT": 280340,
      "total-FF": 258957
    },
    "valid": true
  },
  "__PARA__L0-30.__PARA__L1-1.__PARA__L2-8.__PARA__L3-30.__PIPE__L0-NA.__PIPE__L1-NA": {
    "perf": 1905730.0,
    "point": {
      "__PIPE__L0": "",
      "__PARA__L0": 30,
      "__PIPE__L1": "",
      "__PARA__L1": 1,
      "__PARA__L2": 8,
      "__PARA__L3": 30
    },
    "res_util": {
      "util-URAM": 0.0,
      "util-BRAM": 0.04691358024691358,
      "util-DSP": 0.020857699805068228,
      "util-LUT": 0.5196226372535752,
      "util-FF": 0.2214417828303334,
      "total-URAM": 0,
      "total-BRAM": 152,
      "total-DSP": 107,
      "total-LUT": 460739,
      "total-FF": 392696
    },
    "valid": true
  },
  "__PARA__L0-32.__PARA__L1-1.__PARA__L2-8.__PARA__L3-30.__PIPE__L0-NA.__PIPE__L1-NA": {
    "perf": 2031874.0,
    "point": {
      "__PIPE__L0": "",
      "__PARA__L0": 32,
      "__PIPE__L1": "",
      "__PARA__L1": 1,
      "__PARA__L2": 8,
      "__PARA__L3": 30
    },
    "res_util": {
      "util-URAM": 0.0,
      "util-BRAM": 0.04691358024691358,
      "util-DSP": 0.020857699805068228,
      "util-LUT": 0.503240176839446,
      "util-FF": 0.21875084585194207,
      "total-URAM": 0,
      "total-BRAM": 152,
      "total-DSP": 107,
      "total-LUT": 446213,
      "total-FF": 387924
    },
    "valid": true
  },
  "__PARA__L0-60.__PARA__L1-1.__PARA__L2-8.__PARA__L3-30.__PIPE__L0-NA.__PIPE__L1-NA": {
    "perf": 1128706.0,
    "point": {
      "__PIPE__L0": "",
      "__PARA__L0": 60,
      "__PIPE__L1": "",
      "__PARA__L1": 1,
      "__PARA__L2": 8,
      "__PARA__L3": 30
    },
    "res_util": {
      "util-URAM": 0.0,
      "util-BRAM": 0.04691358024691358,
      "util-DSP": 0.025146198830409357,
      "util-LUT": 0.5455474353769116,
      "util-FF": 0.31389227229665717,
      "total-URAM": 0,
      "total-BRAM": 152,
      "total-DSP": 129,
      "total-LUT": 483726,
      "total-FF": 556644
    },
    "valid": true
  },
  "__PARA__L0-60.__PARA__L1-2.__PARA__L2-8.__PARA__L3-30.__PIPE__L0-NA.__PIPE__L1-NA": {
    "perf": 0.0,
    "point": {
      "__PIPE__L0": "",
      "__PARA__L0": 60,
      "__PIPE__L1": "",
      "__PARA__L1": 2,
      "__PARA__L2": 8,
      "__PARA__L3": 30
    },
    "res_util": {
      "util-URAM": 0,
      "util-BRAM": 0,
      "util-DSP": 0,
      "util-LUT": 0,
      "util-FF": 0,
      "total-URAM": 0,
      "total-BRAM": 0,
      "total-DSP": 0,
      "total-LUT": 0,
      "total-FF": 0
    },
    "valid": false
  },
  "__PARA__L0-60.__PARA__L1-4.__PARA__L2-8.__PARA__L3-30.__PIPE__L0-NA.__PIPE__L1-NA": {
    "perf": 0.0,
    "point": {
      "__PIPE__L0": "",
      "__PARA__L0": 60,
      "__PIPE__L1": "",
      "__PARA__L1": 4,
      "__PARA__L2": 8,
      "__PARA__L3": 30
    },
    "res_util": {
      "util-URAM": 0,
      "util-BRAM": 0,
      "util-DSP": 0,
      "util-LUT": 0,
      "util-FF": 0,
      "total-URAM": 0,
      "total-BRAM": 0,
      "total-DSP": 0,
      "total-LUT": 0,
      "total-FF": 0
    },
    "valid": false
  },
  "__PARA__L0-60.__PARA__L1-5.__PARA__L2-8.__PARA__L3-30.__PIPE__L0-NA.__PIPE__L1-NA": {
    "perf": 0.0,
    "point": {
      "__PIPE__L0": "",
      "__PARA__L0": 60,
      "__PIPE__L1": "",
      "__PARA__L1": 5,
      "__PARA__L2": 8,
      "__PARA__L3": 30
    },
    "res_util": {
      "util-URAM": 0,
      "util-BRAM": 0,
      "util-DSP": 0,
      "util-LUT": 0,
      "util-FF": 0,
      "total-URAM": 0,
      "total-BRAM": 0,
      "total-DSP": 0,
      "total-LUT": 0,
      "total-FF": 0
    },
    "valid": false
  },
  "__PARA__L0-60.__PARA__L1-8.__PARA__L2-8.__PARA__L3-30.__PIPE__L0-NA.__PIPE__L1-NA": {
    "perf": 0.0,
    "point": {
      "__PIPE__L0": "",
      "__PARA__L0": 60,
      "__PIPE__L1": "",
      "__PARA__L1": 8,
      "__PARA__L2": 8,
      "__PARA__L3": 30
    },
    "res_util": {
      "util-URAM": 0,
      "util-BRAM": 0,
      "util-DSP": 0,
      "util-LUT": 0,
      "util-FF": 0,
      "total-URAM": 0,
      "total-BRAM": 0,
      "total-DSP": 0,
      "total-LUT": 0,
      "total-FF": 0
    },
    "valid": false
  },
  "__PARA__L0-60.__PARA__L1-10.__PARA__L2-8.__PARA__L3-30.__PIPE__L0-NA.__PIPE__L1-NA": {
    "perf": 0.0,
    "point": {
      "__PIPE__L0": "",
      "__PARA__L0": 60,
      "__PIPE__L1": "",
      "__PARA__L1": 10,
      "__PARA__L2": 8,
      "__PARA__L3": 30
    },
    "res_util": {
      "util-URAM": 0,
      "util-BRAM": 0,
      "util-DSP": 0,
      "util-LUT": 0,
      "util-FF": 0,
      "total-URAM": 0,
      "total-BRAM": 0,
      "total-DSP": 0,
      "total-LUT": 0,
      "total-FF": 0
    },
    "valid": false
  },
  "__PARA__L0-60.__PARA__L1-16.__PARA__L2-8.__PARA__L3-30.__PIPE__L0-NA.__PIPE__L1-NA": {
    "perf": 0.0,
    "point": {
      "__PIPE__L0": "",
      "__PARA__L0": 60,
      "__PIPE__L1": "",
      "__PARA__L1": 16,
      "__PARA__L2": 8,
      "__PARA__L3": 30
    },
    "res_util": {
      "util-URAM": 0,
      "util-BRAM": 0,
      "util-DSP": 0,
      "util-LUT": 0,
      "util-FF": 0,
      "total-URAM": 0,
      "total-BRAM": 0,
      "total-DSP": 0,
      "total-LUT": 0,
      "total-FF": 0
    },
    "valid": false
  },
  "__PARA__L0-60.__PARA__L1-20.__PARA__L2-8.__PARA__L3-30.__PIPE__L0-NA.__PIPE__L1-NA": {
    "perf": 0.0,
    "point": {
      "__PIPE__L0": "",
      "__PARA__L0": 60,
      "__PIPE__L1": "",
      "__PARA__L1": 20,
      "__PARA__L2": 8,
      "__PARA__L3": 30
    },
    "res_util": {
      "util-URAM": 0,
      "util-BRAM": 0,
      "util-DSP": 0,
      "util-LUT": 0,
      "util-FF": 0,
      "total-URAM": 0,
      "total-BRAM": 0,
      "total-DSP": 0,
      "total-LUT": 0,
      "total-FF": 0
    },
    "valid": false
  },
  "__PARA__L0-60.__PARA__L1-32.__PARA__L2-8.__PARA__L3-30.__PIPE__L0-NA.__PIPE__L1-NA": {
    "perf": 0.0,
    "point": {
      "__PIPE__L0": "",
      "__PARA__L0": 60,
      "__PIPE__L1": "",
      "__PARA__L1": 32,
      "__PARA__L2": 8,
      "__PARA__L3": 30
    },
    "res_util": {
      "util-URAM": 0,
      "util-BRAM": 0,
      "util-DSP": 0,
      "util-LUT": 0,
      "util-FF": 0,
      "total-URAM": 0,
      "total-BRAM": 0,
      "total-DSP": 0,
      "total-LUT": 0,
      "total-FF": 0
    },
    "valid": false
  },
  "__PARA__L0-60.__PARA__L1-40.__PARA__L2-8.__PARA__L3-30.__PIPE__L0-NA.__PIPE__L1-NA": {
    "perf": 0.0,
    "point": {
      "__PIPE__L0": "",
      "__PARA__L0": 60,
      "__PIPE__L1": "",
      "__PARA__L1": 40,
      "__PARA__L2": 8,
      "__PARA__L3": 30
    },
    "res_util": {
      "util-URAM": 0,
      "util-BRAM": 0,
      "util-DSP": 0,
      "util-LUT": 0,
      "util-FF": 0,
      "total-URAM": 0,
      "total-BRAM": 0,
      "total-DSP": 0,
      "total-LUT": 0,
      "total-FF": 0
    },
    "valid": false
  },
  "__PARA__L0-60.__PARA__L1-64.__PARA__L2-8.__PARA__L3-30.__PIPE__L0-NA.__PIPE__L1-NA": {
    "perf": 0.0,
    "point": {
      "__PIPE__L0": "",
      "__PARA__L0": 60,
      "__PIPE__L1": "",
      "__PARA__L1": 64,
      "__PARA__L2": 8,
      "__PARA__L3": 30
    },
    "res_util": {
      "util-URAM": 0,
      "util-BRAM": 0,
      "util-DSP": 0,
      "util-LUT": 0,
      "util-FF": 0,
      "total-URAM": 0,
      "total-BRAM": 0,
      "total-DSP": 0,
      "total-LUT": 0,
      "total-FF": 0
    },
    "valid": false
  },
  "__PARA__L0-60.__PARA__L1-80.__PARA__L2-8.__PARA__L3-30.__PIPE__L0-NA.__PIPE__L1-NA": {
    "perf": 0.0,
    "point": {
      "__PIPE__L0": "",
      "__PARA__L0": 60,
      "__PIPE__L1": "",
      "__PARA__L1": 80,
      "__PARA__L2": 8,
      "__PARA__L3": 30
    },
    "res_util": {
      "util-URAM": 0,
      "util-BRAM": 0,
      "util-DSP": 0,
      "util-LUT": 0,
      "util-FF": 0,
      "total-URAM": 0,
      "total-BRAM": 0,
      "total-DSP": 0,
      "total-LUT": 0,
      "total-FF": 0
    },
    "valid": false
  },
  "__PARA__L0-60.__PARA__L1-1.__PARA__L2-8.__PARA__L3-30.__PIPE__L0-NA.__PIPE__L1-off": {
    "perf": 1128706.0,
    "point": {
      "__PIPE__L0": "",
      "__PARA__L0": 60,
      "__PIPE__L1": "off",
      "__PARA__L1": 1,
      "__PARA__L2": 8,
      "__PARA__L3": 30
    },
    "res_util": {
      "util-URAM": 0.0,
      "util-BRAM": 0.04691358024691358,
      "util-DSP": 0.025146198830409357,
      "util-LUT": 0.5455474353769116,
      "util-FF": 0.31389227229665717,
      "total-URAM": 0,
      "total-BRAM": 152,
      "total-DSP": 129,
      "total-LUT": 483726,
      "total-FF": 556644
    },
    "valid": true
  },
  "__PARA__L0-60.__PARA__L1-1.__PARA__L2-8.__PARA__L3-30.__PIPE__L0-NA.__PIPE__L1-   ": {
    "perf": 18273.0,
    "point": {
      "__PIPE__L0": "",
      "__PARA__L0": 60,
      "__PIPE__L1": "   ",
      "__PARA__L1": 1,
      "__PARA__L2": 8,
      "__PARA__L3": 30
    },
    "res_util": {
      "util-URAM": 0.001388888888888889,
      "util-BRAM": 0.07407407407407407,
      "util-DSP": 0.2598440545808967,
      "util-LUT": 0.3910283304010466,
      "util-FF": 0.5389949023322957,
      "total-URAM": 1,
      "total-BRAM": 240,
      "total-DSP": 1333,
      "total-LUT": 346717,
      "total-FF": 955832
    },
    "valid": true
  },
  "__PARA__L0-60.__PARA__L1-1.__PARA__L2-8.__PARA__L3-30.__PIPE__L0-off.__PIPE__L1-   ": {
    "perf": 18273.0,
    "point": {
      "__PIPE__L0": "off",
      "__PARA__L0": 60,
      "__PIPE__L1": "   ",
      "__PARA__L1": 1,
      "__PARA__L2": 8,
      "__PARA__L3": 30
    },
    "res_util": {
      "util-URAM": 0.001388888888888889,
      "util-BRAM": 0.07407407407407407,
      "util-DSP": 0.2598440545808967,
      "util-LUT": 0.3910283304010466,
      "util-FF": 0.5389949023322957,
      "total-URAM": 1,
      "total-BRAM": 240,
      "total-DSP": 1333,
      "total-LUT": 346717,
      "total-FF": 955832
    },
    "valid": true
  },
  "__PARA__L0-60.__PARA__L1-1.__PARA__L2-8.__PARA__L3-30.__PIPE__L0-   .__PIPE__L1-   ": {
    "perf": 0.0,
    "point": {
      "__PIPE__L0": "   ",
      "__PARA__L0": 60,
      "__PIPE__L1": "   ",
      "__PARA__L1": 1,
      "__PARA__L2": 8,
      "__PARA__L3": 30
    },
    "res_util": {
      "util-URAM": 0,
      "util-BRAM": 0,
      "util-DSP": 0,
      "util-LUT": 0,
      "util-FF": 0,
      "total-URAM": 0,
      "total-BRAM": 0,
      "total-DSP": 0,
      "total-LUT": 0,
      "total-FF": 0
    },
    "valid": false
  },
  "__PARA__L0-60.__PARA__L1-1.__PARA__L2-8.__PARA__L3-30.__PIPE__L0-off.__PIPE__L1-off": {
    "perf": 0.0,
    "point": {
      "__PIPE__L0": "off",
      "__PARA__L0": 60,
      "__PIPE__L1": "off",
      "__PARA__L1": 1,
      "__PARA__L2": 8,
      "__PARA__L3": 30
    },
    "res_util": {
      "util-URAM": 0,
      "util-BRAM": 0,
      "util-DSP": 0,
      "util-LUT": 0,
      "util-FF": 0,
      "total-URAM": 0,
      "total-BRAM": 0,
      "total-DSP": 0,
      "total-LUT": 0,
      "total-FF": 0
    },
    "valid": false
  },
  "__PARA__L0-60.__PARA__L1-1.__PARA__L2-8.__PARA__L3-30.__PIPE__L0-   .__PIPE__L1-off": {
    "perf": 0.0,
    "point": {
      "__PIPE__L0": "   ",
      "__PARA__L0": 60,
      "__PIPE__L1": "off",
      "__PARA__L1": 1,
      "__PARA__L2": 8,
      "__PARA__L3": 30
    },
    "res_util": {
      "util-URAM": 0,
      "util-BRAM": 0,
      "util-DSP": 0,
      "util-LUT": 0,
      "util-FF": 0,
      "total-URAM": 0,
      "total-BRAM": 0,
      "total-DSP": 0,
      "total-LUT": 0,
      "total-FF": 0
    },
    "valid": false
  },
  "__PARA__L0-30.__PARA__L1-1.__PARA__L2-8.__PARA__L3-30.__PIPE__L0-off.__PIPE__L1-NA": {
    "perf": 1905730.0,
    "point": {
      "__PIPE__L0": "off",
      "__PARA__L0": 30,
      "__PIPE__L1": "",
      "__PARA__L1": 1,
      "__PARA__L2": 8,
      "__PARA__L3": 30
    },
    "res_util": {
      "util-URAM": 0.0,
      "util-BRAM": 0.04691358024691358,
      "util-DSP": 0.020857699805068228,
      "util-LUT": 0.5196226372535752,
      "util-FF": 0.2214417828303334,
      "total-URAM": 0,
      "total-BRAM": 152,
      "total-DSP": 107,
      "total-LUT": 460739,
      "total-FF": 392696
    },
    "valid": true
  },
  "__PARA__L0-30.__PARA__L1-1.__PARA__L2-8.__PARA__L3-30.__PIPE__L0-   .__PIPE__L1-NA": {
    "perf": 0.0,
    "point": {
      "__PIPE__L0": "   ",
      "__PARA__L0": 30,
      "__PIPE__L1": "",
      "__PARA__L1": 1,
      "__PARA__L2": 8,
      "__PARA__L3": 30
    },
    "res_util": {
      "util-URAM": 0,
      "util-BRAM": 0,
      "util-DSP": 0,
      "util-LUT": 0,
      "util-FF": 0,
      "total-URAM": 0,
      "total-BRAM": 0,
      "total-DSP": 0,
      "total-LUT": 0,
      "total-FF": 0
    },
    "valid": false
  },
  "__PARA__L0-30.__PARA__L1-2.__PARA__L2-8.__PARA__L3-30.__PIPE__L0-off.__PIPE__L1-NA": {
    "perf": 0.0,
    "point": {
      "__PIPE__L0": "off",
      "__PARA__L0": 30,
      "__PIPE__L1": "",
      "__PARA__L1": 2,
      "__PARA__L2": 8,
      "__PARA__L3": 30
    },
    "res_util": {
      "util-URAM": 0,
      "util-BRAM": 0,
      "util-DSP": 0,
      "util-LUT": 0,
      "util-FF": 0,
      "total-URAM": 0,
      "total-BRAM": 0,
      "total-DSP": 0,
      "total-LUT": 0,
      "total-FF": 0
    },
    "valid": false
  },
  "__PARA__L0-30.__PARA__L1-4.__PARA__L2-8.__PARA__L3-30.__PIPE__L0-off.__PIPE__L1-NA": {
    "perf": 0.0,
    "point": {
      "__PIPE__L0": "off",
      "__PARA__L0": 30,
      "__PIPE__L1": "",
      "__PARA__L1": 4,
      "__PARA__L2": 8,
      "__PARA__L3": 30
    },
    "res_util": {
      "util-URAM": 0,
      "util-BRAM": 0,
      "util-DSP": 0,
      "util-LUT": 0,
      "util-FF": 0,
      "total-URAM": 0,
      "total-BRAM": 0,
      "total-DSP": 0,
      "total-LUT": 0,
      "total-FF": 0
    },
    "valid": false
  },
  "__PARA__L0-30.__PARA__L1-5.__PARA__L2-8.__PARA__L3-30.__PIPE__L0-off.__PIPE__L1-NA": {
    "perf": 0.0,
    "point": {
      "__PIPE__L0": "off",
      "__PARA__L0": 30,
      "__PIPE__L1": "",
      "__PARA__L1": 5,
      "__PARA__L2": 8,
      "__PARA__L3": 30
    },
    "res_util": {
      "util-URAM": 0,
      "util-BRAM": 0,
      "util-DSP": 0,
      "util-LUT": 0,
      "util-FF": 0,
      "total-URAM": 0,
      "total-BRAM": 0,
      "total-DSP": 0,
      "total-LUT": 0,
      "total-FF": 0
    },
    "valid": false
  },
  "__PARA__L0-30.__PARA__L1-8.__PARA__L2-8.__PARA__L3-30.__PIPE__L0-off.__PIPE__L1-NA": {
    "perf": 0.0,
    "point": {
      "__PIPE__L0": "off",
      "__PARA__L0": 30,
      "__PIPE__L1": "",
      "__PARA__L1": 8,
      "__PARA__L2": 8,
      "__PARA__L3": 30
    },
    "res_util": {
      "util-URAM": 0,
      "util-BRAM": 0,
      "util-DSP": 0,
      "util-LUT": 0,
      "util-FF": 0,
      "total-URAM": 0,
      "total-BRAM": 0,
      "total-DSP": 0,
      "total-LUT": 0,
      "total-FF": 0
    },
    "valid": false
  },
  "__PARA__L0-30.__PARA__L1-10.__PARA__L2-8.__PARA__L3-30.__PIPE__L0-off.__PIPE__L1-NA": {
    "perf": 0.0,
    "point": {
      "__PIPE__L0": "off",
      "__PARA__L0": 30,
      "__PIPE__L1": "",
      "__PARA__L1": 10,
      "__PARA__L2": 8,
      "__PARA__L3": 30
    },
    "res_util": {
      "util-URAM": 0,
      "util-BRAM": 0,
      "util-DSP": 0,
      "util-LUT": 0,
      "util-FF": 0,
      "total-URAM": 0,
      "total-BRAM": 0,
      "total-DSP": 0,
      "total-LUT": 0,
      "total-FF": 0
    },
    "valid": false
  },
  "__PARA__L0-30.__PARA__L1-16.__PARA__L2-8.__PARA__L3-30.__PIPE__L0-off.__PIPE__L1-NA": {
    "perf": 0.0,
    "point": {
      "__PIPE__L0": "off",
      "__PARA__L0": 30,
      "__PIPE__L1": "",
      "__PARA__L1": 16,
      "__PARA__L2": 8,
      "__PARA__L3": 30
    },
    "res_util": {
      "util-URAM": 0,
      "util-BRAM": 0,
      "util-DSP": 0,
      "util-LUT": 0,
      "util-FF": 0,
      "total-URAM": 0,
      "total-BRAM": 0,
      "total-DSP": 0,
      "total-LUT": 0,
      "total-FF": 0
    },
    "valid": false
  },
  "__PARA__L0-30.__PARA__L1-20.__PARA__L2-8.__PARA__L3-30.__PIPE__L0-off.__PIPE__L1-NA": {
    "perf": 0.0,
    "point": {
      "__PIPE__L0": "off",
      "__PARA__L0": 30,
      "__PIPE__L1": "",
      "__PARA__L1": 20,
      "__PARA__L2": 8,
      "__PARA__L3": 30
    },
    "res_util": {
      "util-URAM": 0,
      "util-BRAM": 0,
      "util-DSP": 0,
      "util-LUT": 0,
      "util-FF": 0,
      "total-URAM": 0,
      "total-BRAM": 0,
      "total-DSP": 0,
      "total-LUT": 0,
      "total-FF": 0
    },
    "valid": false
  },
  "__PARA__L0-30.__PARA__L1-32.__PARA__L2-8.__PARA__L3-30.__PIPE__L0-off.__PIPE__L1-NA": {
    "perf": 0.0,
    "point": {
      "__PIPE__L0": "off",
      "__PARA__L0": 30,
      "__PIPE__L1": "",
      "__PARA__L1": 32,
      "__PARA__L2": 8,
      "__PARA__L3": 30
    },
    "res_util": {
      "util-URAM": 0,
      "util-BRAM": 0,
      "util-DSP": 0,
      "util-LUT": 0,
      "util-FF": 0,
      "total-URAM": 0,
      "total-BRAM": 0,
      "total-DSP": 0,
      "total-LUT": 0,
      "total-FF": 0
    },
    "valid": false
  },
  "__PARA__L0-30.__PARA__L1-40.__PARA__L2-8.__PARA__L3-30.__PIPE__L0-off.__PIPE__L1-NA": {
    "perf": 0.0,
    "point": {
      "__PIPE__L0": "off",
      "__PARA__L0": 30,
      "__PIPE__L1": "",
      "__PARA__L1": 40,
      "__PARA__L2": 8,
      "__PARA__L3": 30
    },
    "res_util": {
      "util-URAM": 0,
      "util-BRAM": 0,
      "util-DSP": 0,
      "util-LUT": 0,
      "util-FF": 0,
      "total-URAM": 0,
      "total-BRAM": 0,
      "total-DSP": 0,
      "total-LUT": 0,
      "total-FF": 0
    },
    "valid": false
  },
  "__PARA__L0-30.__PARA__L1-64.__PARA__L2-8.__PARA__L3-30.__PIPE__L0-off.__PIPE__L1-NA": {
    "perf": 0.0,
    "point": {
      "__PIPE__L0": "off",
      "__PARA__L0": 30,
      "__PIPE__L1": "",
      "__PARA__L1": 64,
      "__PARA__L2": 8,
      "__PARA__L3": 30
    },
    "res_util": {
      "util-URAM": 0,
      "util-BRAM": 0,
      "util-DSP": 0,
      "util-LUT": 0,
      "util-FF": 0,
      "total-URAM": 0,
      "total-BRAM": 0,
      "total-DSP": 0,
      "total-LUT": 0,
      "total-FF": 0
    },
    "valid": false
  },
  "__PARA__L0-30.__PARA__L1-80.__PARA__L2-8.__PARA__L3-30.__PIPE__L0-off.__PIPE__L1-NA": {
    "perf": 0.0,
    "point": {
      "__PIPE__L0": "off",
      "__PARA__L0": 30,
      "__PIPE__L1": "",
      "__PARA__L1": 80,
      "__PARA__L2": 8,
      "__PARA__L3": 30
    },
    "res_util": {
      "util-URAM": 0,
      "util-BRAM": 0,
      "util-DSP": 0,
      "util-LUT": 0,
      "util-FF": 0,
      "total-URAM": 0,
      "total-BRAM": 0,
      "total-DSP": 0,
      "total-LUT": 0,
      "total-FF": 0
    },
    "valid": false
  },
  "__PARA__L0-30.__PARA__L1-1.__PARA__L2-8.__PARA__L3-30.__PIPE__L0-off.__PIPE__L1-off": {
    "perf": 0.0,
    "point": {
      "__PIPE__L0": "off",
      "__PARA__L0": 30,
      "__PIPE__L1": "off",
      "__PARA__L1": 1,
      "__PARA__L2": 8,
      "__PARA__L3": 30
    },
    "res_util": {
      "util-URAM": 0,
      "util-BRAM": 0,
      "util-DSP": 0,
      "util-LUT": 0,
      "util-FF": 0,
      "total-URAM": 0,
      "total-BRAM": 0,
      "total-DSP": 0,
      "total-LUT": 0,
      "total-FF": 0
    },
    "valid": false
  },
  "__PARA__L0-30.__PARA__L1-1.__PARA__L2-8.__PARA__L3-30.__PIPE__L0-off.__PIPE__L1-   ": {
    "perf": 32758.0,
    "point": {
      "__PIPE__L0": "off",
      "__PARA__L0": 30,
      "__PIPE__L1": "   ",
      "__PARA__L1": 1,
      "__PARA__L2": 8,
      "__PARA__L3": 30
    },
    "res_util": {
      "util-URAM": 0.0,
      "util-BRAM": 0.09814814814814815,
      "util-DSP": 0.13021442495126706,
      "util-LUT": 0.5156358550999233,
      "util-FF": 0.47982417557630713,
      "total-URAM": 0,
      "total-BRAM": 318,
      "total-DSP": 668,
      "total-LUT": 457204,
      "total-FF": 850901
    },
    "valid": true
  },
  "__PARA__L0-20.__PARA__L1-1.__PARA__L2-8.__PARA__L3-30.__PIPE__L0-off.__PIPE__L1-NA": {
    "perf": 1905731.0,
    "point": {
      "__PIPE__L0": "off",
      "__PARA__L0": 20,
      "__PIPE__L1": "",
      "__PARA__L1": 1,
      "__PARA__L2": 8,
      "__PARA__L3": 30
    },
    "res_util": {
      "util-URAM": 0.0,
      "util-BRAM": 0.04691358024691358,
      "util-DSP": 0.020857699805068228,
      "util-LUT": 0.31616817792213653,
      "util-FF": 0.14602618757612668,
      "total-URAM": 0,
      "total-BRAM": 152,
      "total-DSP": 107,
      "total-LUT": 280340,
      "total-FF": 258957
    },
    "valid": true
  },
  "__PARA__L0-20.__PARA__L1-1.__PARA__L2-8.__PARA__L3-30.__PIPE__L0-   .__PIPE__L1-NA": {
    "perf": 0.0,
    "point": {
      "__PIPE__L0": "   ",
      "__PARA__L0": 20,
      "__PIPE__L1": "",
      "__PARA__L1": 1,
      "__PARA__L2": 8,
      "__PARA__L3": 30
    },
    "res_util": {
      "util-URAM": 0,
      "util-BRAM": 0,
      "util-DSP": 0,
      "util-LUT": 0,
      "util-FF": 0,
      "total-URAM": 0,
      "total-BRAM": 0,
      "total-DSP": 0,
      "total-LUT": 0,
      "total-FF": 0
    },
    "valid": false
  },
  "__PARA__L0-20.__PARA__L1-2.__PARA__L2-8.__PARA__L3-30.__PIPE__L0-off.__PIPE__L1-NA": {
    "perf": 0.0,
    "point": {
      "__PIPE__L0": "off",
      "__PARA__L0": 20,
      "__PIPE__L1": "",
      "__PARA__L1": 2,
      "__PARA__L2": 8,
      "__PARA__L3": 30
    },
    "res_util": {
      "util-URAM": 0,
      "util-BRAM": 0,
      "util-DSP": 0,
      "util-LUT": 0,
      "util-FF": 0,
      "total-URAM": 0,
      "total-BRAM": 0,
      "total-DSP": 0,
      "total-LUT": 0,
      "total-FF": 0
    },
    "valid": false
  },
  "__PARA__L0-20.__PARA__L1-4.__PARA__L2-8.__PARA__L3-30.__PIPE__L0-off.__PIPE__L1-NA": {
    "perf": 0.0,
    "point": {
      "__PIPE__L0": "off",
      "__PARA__L0": 20,
      "__PIPE__L1": "",
      "__PARA__L1": 4,
      "__PARA__L2": 8,
      "__PARA__L3": 30
    },
    "res_util": {
      "util-URAM": 0,
      "util-BRAM": 0,
      "util-DSP": 0,
      "util-LUT": 0,
      "util-FF": 0,
      "total-URAM": 0,
      "total-BRAM": 0,
      "total-DSP": 0,
      "total-LUT": 0,
      "total-FF": 0
    },
    "valid": false
  },
  "__PARA__L0-20.__PARA__L1-5.__PARA__L2-8.__PARA__L3-30.__PIPE__L0-off.__PIPE__L1-NA": {
    "perf": 0.0,
    "point": {
      "__PIPE__L0": "off",
      "__PARA__L0": 20,
      "__PIPE__L1": "",
      "__PARA__L1": 5,
      "__PARA__L2": 8,
      "__PARA__L3": 30
    },
    "res_util": {
      "util-URAM": 0,
      "util-BRAM": 0,
      "util-DSP": 0,
      "util-LUT": 0,
      "util-FF": 0,
      "total-URAM": 0,
      "total-BRAM": 0,
      "total-DSP": 0,
      "total-LUT": 0,
      "total-FF": 0
    },
    "valid": false
  },
  "__PARA__L0-20.__PARA__L1-8.__PARA__L2-8.__PARA__L3-30.__PIPE__L0-off.__PIPE__L1-NA": {
    "perf": 0.0,
    "point": {
      "__PIPE__L0": "off",
      "__PARA__L0": 20,
      "__PIPE__L1": "",
      "__PARA__L1": 8,
      "__PARA__L2": 8,
      "__PARA__L3": 30
    },
    "res_util": {
      "util-URAM": 0,
      "util-BRAM": 0,
      "util-DSP": 0,
      "util-LUT": 0,
      "util-FF": 0,
      "total-URAM": 0,
      "total-BRAM": 0,
      "total-DSP": 0,
      "total-LUT": 0,
      "total-FF": 0
    },
    "valid": false
  },
  "__PARA__L0-20.__PARA__L1-10.__PARA__L2-8.__PARA__L3-30.__PIPE__L0-off.__PIPE__L1-NA": {
    "perf": 0.0,
    "point": {
      "__PIPE__L0": "off",
      "__PARA__L0": 20,
      "__PIPE__L1": "",
      "__PARA__L1": 10,
      "__PARA__L2": 8,
      "__PARA__L3": 30
    },
    "res_util": {
      "util-URAM": 0,
      "util-BRAM": 0,
      "util-DSP": 0,
      "util-LUT": 0,
      "util-FF": 0,
      "total-URAM": 0,
      "total-BRAM": 0,
      "total-DSP": 0,
      "total-LUT": 0,
      "total-FF": 0
    },
    "valid": false
  },
  "__PARA__L0-20.__PARA__L1-16.__PARA__L2-8.__PARA__L3-30.__PIPE__L0-off.__PIPE__L1-NA": {
    "perf": 0.0,
    "point": {
      "__PIPE__L0": "off",
      "__PARA__L0": 20,
      "__PIPE__L1": "",
      "__PARA__L1": 16,
      "__PARA__L2": 8,
      "__PARA__L3": 30
    },
    "res_util": {
      "util-URAM": 0,
      "util-BRAM": 0,
      "util-DSP": 0,
      "util-LUT": 0,
      "util-FF": 0,
      "total-URAM": 0,
      "total-BRAM": 0,
      "total-DSP": 0,
      "total-LUT": 0,
      "total-FF": 0
    },
    "valid": false
  },
  "__PARA__L0-20.__PARA__L1-20.__PARA__L2-8.__PARA__L3-30.__PIPE__L0-off.__PIPE__L1-NA": {
    "perf": 0.0,
    "point": {
      "__PIPE__L0": "off",
      "__PARA__L0": 20,
      "__PIPE__L1": "",
      "__PARA__L1": 20,
      "__PARA__L2": 8,
      "__PARA__L3": 30
    },
    "res_util": {
      "util-URAM": 0,
      "util-BRAM": 0,
      "util-DSP": 0,
      "util-LUT": 0,
      "util-FF": 0,
      "total-URAM": 0,
      "total-BRAM": 0,
      "total-DSP": 0,
      "total-LUT": 0,
      "total-FF": 0
    },
    "valid": false
  },
  "__PARA__L0-20.__PARA__L1-32.__PARA__L2-8.__PARA__L3-30.__PIPE__L0-off.__PIPE__L1-NA": {
    "perf": 0.0,
    "point": {
      "__PIPE__L0": "off",
      "__PARA__L0": 20,
      "__PIPE__L1": "",
      "__PARA__L1": 32,
      "__PARA__L2": 8,
      "__PARA__L3": 30
    },
    "res_util": {
      "util-URAM": 0,
      "util-BRAM": 0,
      "util-DSP": 0,
      "util-LUT": 0,
      "util-FF": 0,
      "total-URAM": 0,
      "total-BRAM": 0,
      "total-DSP": 0,
      "total-LUT": 0,
      "total-FF": 0
    },
    "valid": false
  },
  "__PARA__L0-20.__PARA__L1-40.__PARA__L2-8.__PARA__L3-30.__PIPE__L0-off.__PIPE__L1-NA": {
    "perf": 0.0,
    "point": {
      "__PIPE__L0": "off",
      "__PARA__L0": 20,
      "__PIPE__L1": "",
      "__PARA__L1": 40,
      "__PARA__L2": 8,
      "__PARA__L3": 30
    },
    "res_util": {
      "util-URAM": 0,
      "util-BRAM": 0,
      "util-DSP": 0,
      "util-LUT": 0,
      "util-FF": 0,
      "total-URAM": 0,
      "total-BRAM": 0,
      "total-DSP": 0,
      "total-LUT": 0,
      "total-FF": 0
    },
    "valid": false
  },
  "__PARA__L0-20.__PARA__L1-64.__PARA__L2-8.__PARA__L3-30.__PIPE__L0-off.__PIPE__L1-NA": {
    "perf": 0.0,
    "point": {
      "__PIPE__L0": "off",
      "__PARA__L0": 20,
      "__PIPE__L1": "",
      "__PARA__L1": 64,
      "__PARA__L2": 8,
      "__PARA__L3": 30
    },
    "res_util": {
      "util-URAM": 0,
      "util-BRAM": 0,
      "util-DSP": 0,
      "util-LUT": 0,
      "util-FF": 0,
      "total-URAM": 0,
      "total-BRAM": 0,
      "total-DSP": 0,
      "total-LUT": 0,
      "total-FF": 0
    },
    "valid": false
  },
  "__PARA__L0-20.__PARA__L1-80.__PARA__L2-8.__PARA__L3-30.__PIPE__L0-off.__PIPE__L1-NA": {
    "perf": 0.0,
    "point": {
      "__PIPE__L0": "off",
      "__PARA__L0": 20,
      "__PIPE__L1": "",
      "__PARA__L1": 80,
      "__PARA__L2": 8,
      "__PARA__L3": 30
    },
    "res_util": {
      "util-URAM": 0,
      "util-BRAM": 0,
      "util-DSP": 0,
      "util-LUT": 0,
      "util-FF": 0,
      "total-URAM": 0,
      "total-BRAM": 0,
      "total-DSP": 0,
      "total-LUT": 0,
      "total-FF": 0
    },
    "valid": false
  },
  "__PARA__L0-20.__PARA__L1-1.__PARA__L2-8.__PARA__L3-30.__PIPE__L0-off.__PIPE__L1-off": {
    "perf": 1905731.0,
    "point": {
      "__PIPE__L0": "off",
      "__PARA__L0": 20,
      "__PIPE__L1": "off",
      "__PARA__L1": 1,
      "__PARA__L2": 8,
      "__PARA__L3": 30
    },
    "res_util": {
      "util-URAM": 0.0,
      "util-BRAM": 0.04691358024691358,
      "util-DSP": 0.020857699805068228,
      "util-LUT": 0.31616817792213653,
      "util-FF": 0.14602618757612668,
      "total-URAM": 0,
      "total-BRAM": 152,
      "total-DSP": 107,
      "total-LUT": 280340,
      "total-FF": 258957
    },
    "valid": true
  },
  "__PARA__L0-20.__PARA__L1-1.__PARA__L2-8.__PARA__L3-30.__PIPE__L0-off.__PIPE__L1-   ": {
    "perf": 35942.0,
    "point": {
      "__PIPE__L0": "off",
      "__PARA__L0": 20,
      "__PIPE__L1": "   ",
      "__PARA__L1": 1,
      "__PARA__L2": 8,
      "__PARA__L3": 30
    },
    "res_util": {
      "util-URAM": 0.0,
      "util-BRAM": 0.09753086419753086,
      "util-DSP": 0.1783625730994152,
      "util-LUT": 0.42975368791446744,
      "util-FF": 0.38362712590788106,
      "total-URAM": 0,
      "total-BRAM": 316,
      "total-DSP": 915,
      "total-LUT": 381054,
      "total-FF": 680309
    },
    "valid": true
  },
  "__PARA__L0-12.__PARA__L1-1.__PARA__L2-8.__PARA__L3-30.__PIPE__L0-off.__PIPE__L1-NA": {
    "perf": 1905733.0,
    "point": {
      "__PIPE__L0": "off",
      "__PARA__L0": 12,
      "__PIPE__L1": "",
      "__PARA__L1": 1,
      "__PARA__L2": 8,
      "__PARA__L3": 30
    },
    "res_util": {
      "util-URAM": 0.0,
      "util-BRAM": 0.04691358024691358,
      "util-DSP": 0.020857699805068228,
      "util-LUT": 0.19822258311905083,
      "util-FF": 0.09230161952451843,
      "total-URAM": 0,
      "total-BRAM": 152,
      "total-DSP": 107,
      "total-LUT": 175760,
      "total-FF": 163684
    },
    "valid": true
  },
  "__PARA__L0-12.__PARA__L1-1.__PARA__L2-8.__PARA__L3-30.__PIPE__L0-   .__PIPE__L1-NA": {
    "perf": 0.0,
    "point": {
      "__PIPE__L0": "   ",
      "__PARA__L0": 12,
      "__PIPE__L1": "",
      "__PARA__L1": 1,
      "__PARA__L2": 8,
      "__PARA__L3": 30
    },
    "res_util": {
      "util-URAM": 0,
      "util-BRAM": 0,
      "util-DSP": 0,
      "util-LUT": 0,
      "util-FF": 0,
      "total-URAM": 0,
      "total-BRAM": 0,
      "total-DSP": 0,
      "total-LUT": 0,
      "total-FF": 0
    },
    "valid": false
  },
  "__PARA__L0-12.__PARA__L1-2.__PARA__L2-8.__PARA__L3-30.__PIPE__L0-off.__PIPE__L1-NA": {
    "perf": 1960933.0,
    "point": {
      "__PIPE__L0": "off",
      "__PARA__L0": 12,
      "__PIPE__L1": "",
      "__PARA__L1": 2,
      "__PARA__L2": 8,
      "__PARA__L3": 30
    },
    "res_util": {
      "util-URAM": 0.0,
      "util-BRAM": 0.04691358024691358,
      "util-DSP": 0.020857699805068228,
      "util-LUT": 0.5740864799025579,
      "util-FF": 0.1983342355754049,
      "total-URAM": 0,
      "total-BRAM": 152,
      "total-DSP": 107,
      "total-LUT": 509031,
      "total-FF": 351718
    },
    "valid": true
  },
  "__PARA__L0-12.__PARA__L1-4.__PARA__L2-8.__PARA__L3-30.__PIPE__L0-off.__PIPE__L1-NA": {
    "perf": 0.0,
    "point": {
      "__PIPE__L0": "off",
      "__PARA__L0": 12,
      "__PIPE__L1": "",
      "__PARA__L1": 4,
      "__PARA__L2": 8,
      "__PARA__L3": 30
    },
    "res_util": {
      "util-URAM": 0,
      "util-BRAM": 0,
      "util-DSP": 0,
      "util-LUT": 0,
      "util-FF": 0,
      "total-URAM": 0,
      "total-BRAM": 0,
      "total-DSP": 0,
      "total-LUT": 0,
      "total-FF": 0
    },
    "valid": false
  },
  "__PARA__L0-12.__PARA__L1-5.__PARA__L2-8.__PARA__L3-30.__PIPE__L0-off.__PIPE__L1-NA": {
    "perf": 0.0,
    "point": {
      "__PIPE__L0": "off",
      "__PARA__L0": 12,
      "__PIPE__L1": "",
      "__PARA__L1": 5,
      "__PARA__L2": 8,
      "__PARA__L3": 30
    },
    "res_util": {
      "util-URAM": 0,
      "util-BRAM": 0,
      "util-DSP": 0,
      "util-LUT": 0,
      "util-FF": 0,
      "total-URAM": 0,
      "total-BRAM": 0,
      "total-DSP": 0,
      "total-LUT": 0,
      "total-FF": 0
    },
    "valid": false
  },
  "__PARA__L0-12.__PARA__L1-8.__PARA__L2-8.__PARA__L3-30.__PIPE__L0-off.__PIPE__L1-NA": {
    "perf": 0.0,
    "point": {
      "__PIPE__L0": "off",
      "__PARA__L0": 12,
      "__PIPE__L1": "",
      "__PARA__L1": 8,
      "__PARA__L2": 8,
      "__PARA__L3": 30
    },
    "res_util": {
      "util-URAM": 0,
      "util-BRAM": 0,
      "util-DSP": 0,
      "util-LUT": 0,
      "util-FF": 0,
      "total-URAM": 0,
      "total-BRAM": 0,
      "total-DSP": 0,
      "total-LUT": 0,
      "total-FF": 0
    },
    "valid": false
  },
  "__PARA__L0-12.__PARA__L1-10.__PARA__L2-8.__PARA__L3-30.__PIPE__L0-off.__PIPE__L1-NA": {
    "perf": 0.0,
    "point": {
      "__PIPE__L0": "off",
      "__PARA__L0": 12,
      "__PIPE__L1": "",
      "__PARA__L1": 10,
      "__PARA__L2": 8,
      "__PARA__L3": 30
    },
    "res_util": {
      "util-URAM": 0,
      "util-BRAM": 0,
      "util-DSP": 0,
      "util-LUT": 0,
      "util-FF": 0,
      "total-URAM": 0,
      "total-BRAM": 0,
      "total-DSP": 0,
      "total-LUT": 0,
      "total-FF": 0
    },
    "valid": false
  },
  "__PARA__L0-12.__PARA__L1-16.__PARA__L2-8.__PARA__L3-30.__PIPE__L0-off.__PIPE__L1-NA": {
    "perf": 0.0,
    "point": {
      "__PIPE__L0": "off",
      "__PARA__L0": 12,
      "__PIPE__L1": "",
      "__PARA__L1": 16,
      "__PARA__L2": 8,
      "__PARA__L3": 30
    },
    "res_util": {
      "util-URAM": 0,
      "util-BRAM": 0,
      "util-DSP": 0,
      "util-LUT": 0,
      "util-FF": 0,
      "total-URAM": 0,
      "total-BRAM": 0,
      "total-DSP": 0,
      "total-LUT": 0,
      "total-FF": 0
    },
    "valid": false
  },
  "__PARA__L0-12.__PARA__L1-20.__PARA__L2-8.__PARA__L3-30.__PIPE__L0-off.__PIPE__L1-NA": {
    "perf": 0.0,
    "point": {
      "__PIPE__L0": "off",
      "__PARA__L0": 12,
      "__PIPE__L1": "",
      "__PARA__L1": 20,
      "__PARA__L2": 8,
      "__PARA__L3": 30
    },
    "res_util": {
      "util-URAM": 0,
      "util-BRAM": 0,
      "util-DSP": 0,
      "util-LUT": 0,
      "util-FF": 0,
      "total-URAM": 0,
      "total-BRAM": 0,
      "total-DSP": 0,
      "total-LUT": 0,
      "total-FF": 0
    },
    "valid": false
  },
  "__PARA__L0-12.__PARA__L1-32.__PARA__L2-8.__PARA__L3-30.__PIPE__L0-off.__PIPE__L1-NA": {
    "perf": 0.0,
    "point": {
      "__PIPE__L0": "off",
      "__PARA__L0": 12,
      "__PIPE__L1": "",
      "__PARA__L1": 32,
      "__PARA__L2": 8,
      "__PARA__L3": 30
    },
    "res_util": {
      "util-URAM": 0,
      "util-BRAM": 0,
      "util-DSP": 0,
      "util-LUT": 0,
      "util-FF": 0,
      "total-URAM": 0,
      "total-BRAM": 0,
      "total-DSP": 0,
      "total-LUT": 0,
      "total-FF": 0
    },
    "valid": false
  },
  "__PARA__L0-12.__PARA__L1-40.__PARA__L2-8.__PARA__L3-30.__PIPE__L0-off.__PIPE__L1-NA": {
    "perf": 0.0,
    "point": {
      "__PIPE__L0": "off",
      "__PARA__L0": 12,
      "__PIPE__L1": "",
      "__PARA__L1": 40,
      "__PARA__L2": 8,
      "__PARA__L3": 30
    },
    "res_util": {
      "util-URAM": 0,
      "util-BRAM": 0,
      "util-DSP": 0,
      "util-LUT": 0,
      "util-FF": 0,
      "total-URAM": 0,
      "total-BRAM": 0,
      "total-DSP": 0,
      "total-LUT": 0,
      "total-FF": 0
    },
    "valid": false
  },
  "__PARA__L0-12.__PARA__L1-64.__PARA__L2-8.__PARA__L3-30.__PIPE__L0-off.__PIPE__L1-NA": {
    "perf": 0.0,
    "point": {
      "__PIPE__L0": "off",
      "__PARA__L0": 12,
      "__PIPE__L1": "",
      "__PARA__L1": 64,
      "__PARA__L2": 8,
      "__PARA__L3": 30
    },
    "res_util": {
      "util-URAM": 0,
      "util-BRAM": 0,
      "util-DSP": 0,
      "util-LUT": 0,
      "util-FF": 0,
      "total-URAM": 0,
      "total-BRAM": 0,
      "total-DSP": 0,
      "total-LUT": 0,
      "total-FF": 0
    },
    "valid": false
  },
  "__PARA__L0-12.__PARA__L1-80.__PARA__L2-8.__PARA__L3-30.__PIPE__L0-off.__PIPE__L1-NA": {
    "perf": 0.0,
    "point": {
      "__PIPE__L0": "off",
      "__PARA__L0": 12,
      "__PIPE__L1": "",
      "__PARA__L1": 80,
      "__PARA__L2": 8,
      "__PARA__L3": 30
    },
    "res_util": {
      "util-URAM": 0,
      "util-BRAM": 0,
      "util-DSP": 0,
      "util-LUT": 0,
      "util-FF": 0,
      "total-URAM": 0,
      "total-BRAM": 0,
      "total-DSP": 0,
      "total-LUT": 0,
      "total-FF": 0
    },
    "valid": false
  },
  "__PARA__L0-12.__PARA__L1-1.__PARA__L2-8.__PARA__L3-30.__PIPE__L0-off.__PIPE__L1-off": {
    "perf": 1905733.0,
    "point": {
      "__PIPE__L0": "off",
      "__PARA__L0": 12,
      "__PIPE__L1": "off",
      "__PARA__L1": 1,
      "__PARA__L2": 8,
      "__PARA__L3": 30
    },
    "res_util": {
      "util-URAM": 0.0,
      "util-BRAM": 0.04691358024691358,
      "util-DSP": 0.020857699805068228,
      "util-LUT": 0.19822258311905083,
      "util-FF": 0.09230161952451843,
      "total-URAM": 0,
      "total-BRAM": 152,
      "total-DSP": 107,
      "total-LUT": 175760,
      "total-FF": 163684
    },
    "valid": true
  },
  "__PARA__L0-12.__PARA__L1-1.__PARA__L2-8.__PARA__L3-30.__PIPE__L0-off.__PIPE__L1-   ": {
    "perf": 38438.0,
    "point": {
      "__PIPE__L0": "off",
      "__PARA__L0": 12,
      "__PIPE__L1": "   ",
      "__PARA__L1": 1,
      "__PARA__L2": 8,
      "__PARA__L3": 30
    },
    "res_util": {
      "util-URAM": 0.0,
      "util-BRAM": 0.1,
      "util-DSP": 0.21267056530214426,
      "util-LUT": 0.3354896918843326,
      "util-FF": 0.2791711778770244,
      "total-URAM": 0,
      "total-BRAM": 324,
      "total-DSP": 1091,
      "total-LUT": 297472,
      "total-FF": 495071
    },
    "valid": true
  },
  "__PARA__L0-12.__PARA__L1-2.__PARA__L2-8.__PARA__L3-30.__PIPE__L0-off.__PIPE__L1-off": {
    "perf": 1960933.0,
    "point": {
      "__PIPE__L0": "off",
      "__PARA__L0": 12,
      "__PIPE__L1": "off",
      "__PARA__L1": 2,
      "__PARA__L2": 8,
      "__PARA__L3": 30
    },
    "res_util": {
      "util-URAM": 0.0,
      "util-BRAM": 0.04691358024691358,
      "util-DSP": 0.020857699805068228,
      "util-LUT": 0.5740864799025579,
      "util-FF": 0.1983342355754049,
      "total-URAM": 0,
      "total-BRAM": 152,
      "total-DSP": 107,
      "total-LUT": 509031,
      "total-FF": 351718
    },
    "valid": true
  },
  "__PARA__L0-12.__PARA__L1-2.__PARA__L2-8.__PARA__L3-30.__PIPE__L0-off.__PIPE__L1-   ": {
    "perf": 33848.0,
    "point": {
      "__PIPE__L0": "off",
      "__PARA__L0": 12,
      "__PIPE__L1": "   ",
      "__PARA__L1": 2,
      "__PARA__L2": 8,
      "__PARA__L3": 30
    },
    "res_util": {
      "util-URAM": 0.0,
      "util-BRAM": 0.0,
      "util-DSP": 0.4253411306042885,
      "util-LUT": 0.671145170749312,
      "util-FF": 0.5563670095186538,
      "total-URAM": 0,
      "total-BRAM": 0,
      "total-DSP": 2182,
      "total-LUT": 595091,
      "total-FF": 986639
    },
    "valid": true
  },
  "__PARA__L0-10.__PARA__L1-1.__PARA__L2-8.__PARA__L3-30.__PIPE__L0-off.__PIPE__L1-NA": {
    "perf": 1905734.0,
    "point": {
      "__PIPE__L0": "off",
      "__PARA__L0": 10,
      "__PIPE__L1": "",
      "__PARA__L1": 1,
      "__PARA__L2": 8,
      "__PARA__L3": 30
    },
    "res_util": {
      "util-URAM": 0.0,
      "util-BRAM": 0.04691358024691358,
      "util-DSP": 0.020857699805068228,
      "util-LUT": 0.19205237515225335,
      "util-FF": 0.08187395678260477,
      "total-URAM": 0,
      "total-BRAM": 152,
      "total-DSP": 107,
      "total-LUT": 170289,
      "total-FF": 145192
    },
    "valid": true
  },
  "__PARA__L0-10.__PARA__L1-1.__PARA__L2-8.__PARA__L3-30.__PIPE__L0-   .__PIPE__L1-NA": {
    "perf": 0.0,
    "point": {
      "__PIPE__L0": "   ",
      "__PARA__L0": 10,
      "__PIPE__L1": "",
      "__PARA__L1": 1,
      "__PARA__L2": 8,
      "__PARA__L3": 30
    },
    "res_util": {
      "util-URAM": 0,
      "util-BRAM": 0,
      "util-DSP": 0,
      "util-LUT": 0,
      "util-FF": 0,
      "total-URAM": 0,
      "total-BRAM": 0,
      "total-DSP": 0,
      "total-LUT": 0,
      "total-FF": 0
    },
    "valid": false
  },
  "__PARA__L0-10.__PARA__L1-2.__PARA__L2-8.__PARA__L3-30.__PIPE__L0-off.__PIPE__L1-NA": {
    "perf": 1960934.0,
    "point": {
      "__PIPE__L0": "off",
      "__PARA__L0": 10,
      "__PIPE__L1": "",
      "__PARA__L1": 2,
      "__PARA__L2": 8,
      "__PARA__L3": 30
    },
    "res_util": {
      "util-URAM": 0.0,
      "util-BRAM": 0.04691358024691358,
      "util-DSP": 0.01929824561403509,
      "util-LUT": 0.6983184463391527,
      "util-FF": 0.19523785356611179,
      "total-URAM": 0,
      "total-BRAM": 152,
      "total-DSP": 99,
      "total-LUT": 619185,
      "total-FF": 346227
    },
    "valid": true
  }
}