{
  "__PARA__L0-1.__PARA__L1-1.__PARA__L2-1.__PARA__L3-1.__PIPE__L0-NA.__PIPE__L2-NA": {
    "perf": 406489.0,
    "point": {
      "__PIPE__L0": "",
      "__PARA__L0": 1,
      "__PARA__L1": 1,
      "__PIPE__L2": "",
      "__PARA__L2": 1,
      "__PARA__L3": 1
    },
    "res_util": {
      "util-URAM": 0.0,
      "util-BRAM": 0.02962962962962963,
      "util-DSP": 0.007407407407407408,
      "util-LUT": 0.0035266386971624488,
      "util-FF": 0.002434925790589615,
      "total-URAM": 0,
      "total-BRAM": 96,
      "total-DSP": 38,
      "total-LUT": 3127,
      "total-FF": 4318
    },
    "valid": true
  },
  "__PARA__L0-1.__PARA__L1-1.__PARA__L2-1.__PARA__L3-2.__PIPE__L0-NA.__PIPE__L2-NA": {
    "perf": 406569.0,
    "point": {
      "__PIPE__L0": "",
      "__PARA__L0": 1,
      "__PARA__L1": 1,
      "__PIPE__L2": "",
      "__PARA__L2": 1,
      "__PARA__L3": 2
    },
    "res_util": {
      "util-URAM": 0.0,
      "util-BRAM": 0.03950617283950617,
      "util-DSP": 0.007407407407407408,
      "util-LUT": 0.004284522037262597,
      "util-FF": 0.00301123291379077,
      "total-URAM": 0,
      "total-BRAM": 128,
      "total-DSP": 38,
      "total-LUT": 3799,
      "total-FF": 5340
    },
    "valid": true
  },
  "__PARA__L0-1.__PARA__L1-1.__PARA__L2-1.__PARA__L3-4.__PIPE__L0-NA.__PIPE__L2-NA": {
    "perf": 406409.0,
    "point": {
      "__PIPE__L0": "",
      "__PARA__L0": 1,
      "__PARA__L1": 1,
      "__PIPE__L2": "",
      "__PARA__L2": 1,
      "__PARA__L3": 4
    },
    "res_util": {
      "util-URAM": 0.0,
      "util-BRAM": 0.03950617283950617,
      "util-DSP": 0.007407407407407408,
      "util-LUT": 0.0049194748951143594,
      "util-FF": 0.003967045608336717,
      "total-URAM": 0,
      "total-BRAM": 128,
      "total-DSP": 38,
      "total-LUT": 4362,
      "total-FF": 7035
    },
    "valid": true
  },
  "__PARA__L0-1.__PARA__L1-1.__PARA__L2-1.__PARA__L3-5.__PIPE__L0-NA.__PIPE__L2-NA": {
    "perf": 406809.0,
    "point": {
      "__PIPE__L0": "",
      "__PARA__L0": 1,
      "__PARA__L1": 1,
      "__PIPE__L2": "",
      "__PARA__L2": 1,
      "__PARA__L3": 5
    },
    "res_util": {
      "util-URAM": 0.0,
      "util-BRAM": 0.03950617283950617,
      "util-DSP": 0.007407407407407408,
      "util-LUT": 0.005154057833716786,
      "util-FF": 0.004388843776785311,
      "total-URAM": 0,
      "total-BRAM": 128,
      "total-DSP": 38,
      "total-LUT": 4570,
      "total-FF": 7783
    },
    "valid": true
  },
  "__PARA__L0-1.__PARA__L1-1.__PARA__L2-1.__PARA__L3-8.__PIPE__L0-NA.__PIPE__L2-NA": {
    "perf": 406889.0,
    "point": {
      "__PIPE__L0": "",
      "__PARA__L0": 1,
      "__PARA__L1": 1,
      "__PIPE__L2": "",
      "__PARA__L2": 1,
      "__PARA__L3": 8
    },
    "res_util": {
      "util-URAM": 0.0,
      "util-BRAM": 0.03950617283950617,
      "util-DSP": 0.007407407407407408,
      "util-LUT": 0.005196914332115306,
      "util-FF": 0.005234695718861371,
      "total-URAM": 0,
      "total-BRAM": 128,
      "total-DSP": 38,
      "total-LUT": 4608,
      "total-FF": 9283
    },
    "valid": true
  },
  "__PARA__L0-1.__PARA__L1-1.__PARA__L2-1.__PARA__L3-10.__PIPE__L0-NA.__PIPE__L2-NA": {
    "perf": 406889.0,
    "point": {
      "__PIPE__L0": "",
      "__PARA__L0": 1,
      "__PARA__L1": 1,
      "__PIPE__L2": "",
      "__PARA__L2": 1,
      "__PARA__L3": 10
    },
    "res_util": {
      "util-URAM": 0.0,
      "util-BRAM": 0.03950617283950617,
      "util-DSP": 0.007407407407407408,
      "util-LUT": 0.005632246131637118,
      "util-FF": 0.0056328100329318355,
      "total-URAM": 0,
      "total-BRAM": 128,
      "total-DSP": 38,
      "total-LUT": 4994,
      "total-FF": 9989
    },
    "valid": true
  },
  "__PARA__L0-1.__PARA__L1-1.__PARA__L2-1.__PARA__L3-16.__PIPE__L0-NA.__PIPE__L2-NA": {
    "perf": 406889.0,
    "point": {
      "__PIPE__L0": "",
      "__PARA__L0": 1,
      "__PARA__L1": 1,
      "__PIPE__L2": "",
      "__PARA__L2": 1,
      "__PARA__L3": 16
    },
    "res_util": {
      "util-URAM": 0.0,
      "util-BRAM": 0.03950617283950617,
      "util-DSP": 0.007407407407407408,
      "util-LUT": 0.006453286416745613,
      "util-FF": 0.006536743808363784,
      "total-URAM": 0,
      "total-BRAM": 128,
      "total-DSP": 38,
      "total-LUT": 5722,
      "total-FF": 11592
    },
    "valid": true
  },
  "__PARA__L0-1.__PARA__L1-1.__PARA__L2-1.__PARA__L3-20.__PIPE__L0-NA.__PIPE__L2-NA": {
    "perf": 407209.0,
    "point": {
      "__PIPE__L0": "",
      "__PARA__L0": 1,
      "__PARA__L1": 1,
      "__PIPE__L2": "",
      "__PARA__L2": 1,
      "__PARA__L3": 20
    },
    "res_util": {
      "util-URAM": 0.0,
      "util-BRAM": 0.03950617283950617,
      "util-DSP": 0.007407407407407408,
      "util-LUT": 0.006984481436369378,
      "util-FF": 0.007151960120900438,
      "total-URAM": 0,
      "total-BRAM": 128,
      "total-DSP": 38,
      "total-LUT": 6193,
      "total-FF": 12683
    },
    "valid": true
  },
  "__PARA__L0-1.__PARA__L1-1.__PARA__L2-1.__PARA__L3-32.__PIPE__L0-NA.__PIPE__L2-NA": {
    "perf": 483849.0,
    "point": {
      "__PIPE__L0": "",
      "__PARA__L0": 1,
      "__PARA__L1": 1,
      "__PIPE__L2": "",
      "__PARA__L2": 1,
      "__PARA__L3": 32
    },
    "res_util": {
      "util-URAM": 0.0,
      "util-BRAM": 0.03950617283950617,
      "util-DSP": 0.007407407407407408,
      "util-LUT": 0.008246492533946858,
      "util-FF": 0.008901745838408444,
      "total-URAM": 0,
      "total-BRAM": 128,
      "total-DSP": 38,
      "total-LUT": 7312,
      "total-FF": 15786
    },
    "valid": true
  },
  "__PARA__L0-1.__PARA__L1-1.__PARA__L2-1.__PARA__L3-40.__PIPE__L0-NA.__PIPE__L2-NA": {
    "perf": 407689.0,
    "point": {
      "__PIPE__L0": "",
      "__PARA__L0": 1,
      "__PARA__L1": 1,
      "__PIPE__L2": "",
      "__PARA__L2": 1,
      "__PARA__L3": 40
    },
    "res_util": {
      "util-URAM": 0.0,
      "util-BRAM": 0.03950617283950617,
      "util-DSP": 0.007407407407407408,
      "util-LUT": 0.009556999142870032,
      "util-FF": 0.010449654892407633,
      "total-URAM": 0,
      "total-BRAM": 128,
      "total-DSP": 38,
      "total-LUT": 8474,
      "total-FF": 18531
    },
    "valid": true
  },
  "__PARA__L0-1.__PARA__L1-1.__PARA__L2-1.__PARA__L3-64.__PIPE__L0-NA.__PIPE__L2-NA": {
    "perf": 640009.0,
    "point": {
      "__PIPE__L0": "",
      "__PARA__L0": 1,
      "__PARA__L1": 1,
      "__PIPE__L2": "",
      "__PARA__L2": 1,
      "__PARA__L3": 64
    },
    "res_util": {
      "util-URAM": 0.0,
      "util-BRAM": 0.03950617283950617,
      "util-DSP": 0.007407407407407408,
      "util-LUT": 0.013014841882076961,
      "util-FF": 0.015071953805205937,
      "total-URAM": 0,
      "total-BRAM": 128,
      "total-DSP": 38,
      "total-LUT": 11540,
      "total-FF": 26728
    },
    "valid": true
  },
  "__PARA__L0-1.__PARA__L1-1.__PARA__L2-1.__PARA__L3-80.__PIPE__L0-NA.__PIPE__L2-NA": {
    "perf": 0.0,
    "point": {
      "__PIPE__L0": "",
      "__PARA__L0": 1,
      "__PARA__L1": 1,
      "__PIPE__L2": "",
      "__PARA__L2": 1,
      "__PARA__L3": 80
    },
    "res_util": {
      "util-URAM": 0,
      "util-BRAM": 0,
      "util-DSP": 0,
      "util-LUT": 0,
      "util-FF": 0,
      "total-URAM": 0,
      "total-BRAM": 0,
      "total-DSP": 0,
      "total-LUT": 0,
      "total-FF": 0
    },
    "valid": false
  },
  "__PARA__L0-1.__PARA__L1-1.__PARA__L2-2.__PARA__L3-4.__PIPE__L0-NA.__PIPE__L2-NA": {
    "perf": 250649.0,
    "point": {
      "__PIPE__L0": "",
      "__PARA__L0": 1,
      "__PARA__L1": 1,
      "__PIPE__L2": "",
      "__PARA__L2": 2,
      "__PARA__L3": 4
    },
    "res_util": {
      "util-URAM": 0.016666666666666666,
      "util-BRAM": 0.0,
      "util-DSP": 0.02962962962962963,
      "util-LUT": 0.01399151892452745,
      "util-FF": 0.010443451978165742,
      "total-URAM": 12,
      "total-BRAM": 0,
      "total-DSP": 152,
      "total-LUT": 12406,
      "total-FF": 18520
    },
    "valid": true
  },
  "__PARA__L0-1.__PARA__L1-1.__PARA__L2-3.__PARA__L3-4.__PIPE__L0-NA.__PIPE__L2-NA": {
    "perf": 250649.0,
    "point": {
      "__PIPE__L0": "",
      "__PARA__L0": 1,
      "__PARA__L1": 1,
      "__PIPE__L2": "",
      "__PARA__L2": 3,
      "__PARA__L3": 4
    },
    "res_util": {
      "util-URAM": 0.016666666666666666,
      "util-BRAM": 0.0,
      "util-DSP": 0.02962962962962963,
      "util-LUT": 0.015574953760093832,
      "util-FF": 0.012423873325213155,
      "total-URAM": 12,
      "total-BRAM": 0,
      "total-DSP": 152,
      "total-LUT": 13810,
      "total-FF": 22032
    },
    "valid": true
  },
  "__PARA__L0-1.__PARA__L1-1.__PARA__L2-4.__PARA__L3-4.__PIPE__L0-NA.__PIPE__L2-NA": {
    "perf": 250649.0,
    "point": {
      "__PIPE__L0": "",
      "__PARA__L0": 1,
      "__PARA__L1": 1,
      "__PIPE__L2": "",
      "__PARA__L2": 4,
      "__PARA__L3": 4
    },
    "res_util": {
      "util-URAM": 0.016666666666666666,
      "util-BRAM": 0.0,
      "util-DSP": 0.02962962962962963,
      "util-LUT": 0.01707380340145261,
      "util-FF": 0.01440598637614472,
      "total-URAM": 12,
      "total-BRAM": 0,
      "total-DSP": 152,
      "total-LUT": 15139,
      "total-FF": 25547
    },
    "valid": true
  },
  "__PARA__L0-1.__PARA__L1-1.__PARA__L2-5.__PARA__L3-4.__PIPE__L0-NA.__PIPE__L2-NA": {
    "perf": 250649.0,
    "point": {
      "__PIPE__L0": "",
      "__PARA__L0": 1,
      "__PARA__L1": 1,
      "__PIPE__L2": "",
      "__PARA__L2": 5,
      "__PARA__L3": 4
    },
    "res_util": {
      "util-URAM": 0.016666666666666666,
      "util-BRAM": 0.0,
      "util-DSP": 0.02962962962962963,
      "util-LUT": 0.018603103712726124,
      "util-FF": 0.01638922722966572,
      "total-URAM": 12,
      "total-BRAM": 0,
      "total-DSP": 152,
      "total-LUT": 16495,
      "total-FF": 29064
    },
    "valid": true
  },
  "__PARA__L0-1.__PARA__L1-1.__PARA__L2-6.__PARA__L3-4.__PIPE__L0-NA.__PIPE__L2-NA": {
    "perf": 250649.0,
    "point": {
      "__PIPE__L0": "",
      "__PARA__L0": 1,
      "__PARA__L1": 1,
      "__PIPE__L2": "",
      "__PARA__L2": 6,
      "__PARA__L3": 4
    },
    "res_util": {
      "util-URAM": 0.016666666666666666,
      "util-BRAM": 0.0,
      "util-DSP": 0.02962962962962963,
      "util-LUT": 0.020140298642125683,
      "util-FF": 0.018371340280597285,
      "total-URAM": 12,
      "total-BRAM": 0,
      "total-DSP": 152,
      "total-LUT": 17858,
      "total-FF": 32579
    },
    "valid": true
  },
  "__PARA__L0-1.__PARA__L1-1.__PARA__L2-8.__PARA__L3-4.__PIPE__L0-NA.__PIPE__L2-NA": {
    "perf": 267209.0,
    "point": {
      "__PIPE__L0": "",
      "__PARA__L0": 1,
      "__PARA__L1": 1,
      "__PIPE__L2": "",
      "__PARA__L2": 8,
      "__PARA__L3": 4
    },
    "res_util": {
      "util-URAM": 0.016666666666666666,
      "util-BRAM": 0.0,
      "util-DSP": 0.02962962962962963,
      "util-LUT": 0.023254161591555016,
      "util-FF": 0.022449474443993322,
      "total-URAM": 12,
      "total-BRAM": 0,
      "total-DSP": 152,
      "total-LUT": 20619,
      "total-FF": 39811
    },
    "valid": true
  },
  "__PARA__L0-1.__PARA__L1-1.__PARA__L2-10.__PARA__L3-4.__PIPE__L0-NA.__PIPE__L2-NA": {
    "perf": 250649.0,
    "point": {
      "__PIPE__L0": "",
      "__PARA__L0": 1,
      "__PARA__L1": 1,
      "__PIPE__L2": "",
      "__PARA__L2": 10,
      "__PARA__L3": 4
    },
    "res_util": {
      "util-URAM": 0.016666666666666666,
      "util-BRAM": 0.0,
      "util-DSP": 0.02962962962962963,
      "util-LUT": 0.025977804845039924,
      "util-FF": 0.026302048089502414,
      "total-URAM": 12,
      "total-BRAM": 0,
      "total-DSP": 152,
      "total-LUT": 23034,
      "total-FF": 46643
    },
    "valid": true
  },
  "__PARA__L0-1.__PARA__L1-1.__PARA__L2-12.__PARA__L3-4.__PIPE__L0-NA.__PIPE__L2-NA": {
    "perf": 250649.0,
    "point": {
      "__PIPE__L0": "",
      "__PARA__L0": 1,
      "__PARA__L1": 1,
      "__PIPE__L2": "",
      "__PARA__L2": 12,
      "__PARA__L3": 4
    },
    "res_util": {
      "util-URAM": 0.016666666666666666,
      "util-BRAM": 0.0,
      "util-DSP": 0.02962962962962963,
      "util-LUT": 0.02797852663869716,
      "util-FF": 0.030267401993954977,
      "total-URAM": 12,
      "total-BRAM": 0,
      "total-DSP": 152,
      "total-LUT": 24808,
      "total-FF": 53675
    },
    "valid": true
  },
  "__PARA__L0-1.__PARA__L1-1.__PARA__L2-15.__PARA__L3-4.__PIPE__L0-NA.__PIPE__L2-NA": {
    "perf": 250649.0,
    "point": {
      "__PIPE__L0": "",
      "__PARA__L0": 1,
      "__PARA__L1": 1,
      "__PIPE__L2": "",
      "__PARA__L2": 15,
      "__PARA__L3": 4
    },
    "res_util": {
      "util-URAM": 0.016666666666666666,
      "util-BRAM": 0.0,
      "util-DSP": 0.02962962962962963,
      "util-LUT": 0.031205169847069968,
      "util-FF": 0.03621599675192854,
      "total-URAM": 12,
      "total-BRAM": 0,
      "total-DSP": 152,
      "total-LUT": 27669,
      "total-FF": 64224
    },
    "valid": true
  },
  "__PARA__L0-1.__PARA__L1-1.__PARA__L2-16.__PARA__L3-4.__PIPE__L0-NA.__PIPE__L2-NA": {
    "perf": 269769.0,
    "point": {
      "__PIPE__L0": "",
      "__PARA__L0": 1,
      "__PARA__L1": 1,
      "__PIPE__L2": "",
      "__PARA__L2": 16,
      "__PARA__L3": 4
    },
    "res_util": {
      "util-URAM": 0.016666666666666666,
      "util-BRAM": 0.0,
      "util-DSP": 0.02962962962962963,
      "util-LUT": 0.03352280416835837,
      "util-FF": 0.038296792529435644,
      "total-URAM": 12,
      "total-BRAM": 0,
      "total-DSP": 152,
      "total-LUT": 29724,
      "total-FF": 67914
    },
    "valid": true
  },
  "__PARA__L0-1.__PARA__L1-1.__PARA__L2-20.__PARA__L3-4.__PIPE__L0-NA.__PIPE__L2-NA": {
    "perf": 250649.0,
    "point": {
      "__PIPE__L0": "",
      "__PARA__L0": 1,
      "__PARA__L1": 1,
      "__PIPE__L2": "",
      "__PARA__L2": 20,
      "__PARA__L3": 4
    },
    "res_util": {
      "util-URAM": 0.016666666666666666,
      "util-BRAM": 0.0,
      "util-DSP": 0.02962962962962963,
      "util-LUT": 0.039482113050931564,
      "util-FF": 0.04612881761176524,
      "total-URAM": 12,
      "total-BRAM": 0,
      "total-DSP": 152,
      "total-LUT": 35008,
      "total-FF": 81803
    },
    "valid": true
  },
  "__PARA__L0-1.__PARA__L1-1.__PARA__L2-30.__PARA__L3-4.__PIPE__L0-NA.__PIPE__L2-NA": {
    "perf": 250649.0,
    "point": {
      "__PIPE__L0": "",
      "__PARA__L0": 1,
      "__PARA__L1": 1,
      "__PIPE__L2": "",
      "__PARA__L2": 30,
      "__PARA__L3": 4
    },
    "res_util": {
      "util-URAM": 0.016666666666666666,
      "util-BRAM": 0.0,
      "util-DSP": 0.02962962962962963,
      "util-LUT": 0.05281837867099743,
      "util-FF": 0.06595671493661749,
      "total-URAM": 12,
      "total-BRAM": 0,
      "total-DSP": 152,
      "total-LUT": 46833,
      "total-FF": 116965
    },
    "valid": true
  },
  "__PARA__L0-1.__PARA__L1-1.__PARA__L2-32.__PARA__L3-4.__PIPE__L0-NA.__PIPE__L2-NA": {
    "perf": 274889.0,
    "point": {
      "__PIPE__L0": "",
      "__PARA__L0": 1,
      "__PARA__L1": 1,
      "__PIPE__L2": "",
      "__PARA__L2": 32,
      "__PARA__L3": 4
    },
    "res_util": {
      "util-URAM": 0.016666666666666666,
      "util-BRAM": 0.0,
      "util-DSP": 0.02962962962962963,
      "util-LUT": 0.05498037623494383,
      "util-FF": 0.0699818423783101,
      "total-URAM": 12,
      "total-BRAM": 0,
      "total-DSP": 152,
      "total-LUT": 48750,
      "total-FF": 124103
    },
    "valid": true
  },
  "__PARA__L0-1.__PARA__L1-1.__PARA__L2-60.__PARA__L3-4.__PIPE__L0-NA.__PIPE__L2-NA": {
    "perf": 250409.0,
    "point": {
      "__PIPE__L0": "",
      "__PARA__L0": 1,
      "__PARA__L1": 1,
      "__PIPE__L2": "",
      "__PARA__L2": 60,
      "__PARA__L3": 4
    },
    "res_util": {
      "util-URAM": 0.016666666666666666,
      "util-BRAM": 0.0,
      "util-DSP": 0.02962962962962963,
      "util-LUT": 0.0903437542292597,
      "util-FF": 0.1250321423737989,
      "total-URAM": 12,
      "total-BRAM": 0,
      "total-DSP": 152,
      "total-LUT": 80106,
      "total-FF": 221727
    },
    "valid": true
  },
  "__PARA__L0-1.__PARA__L1-2.__PARA__L2-60.__PARA__L3-4.__PIPE__L0-NA.__PIPE__L2-NA": {
    "perf": 247209.0,
    "point": {
      "__PIPE__L0": "",
      "__PARA__L0": 1,
      "__PARA__L1": 2,
      "__PIPE__L2": "",
      "__PARA__L2": 60,
      "__PARA__L3": 4
    },
    "res_util": {
      "util-URAM": 0.016666666666666666,
      "util-BRAM": 0.0,
      "util-DSP": 0.02962962962962963,
      "util-LUT": 0.09060540443000857,
      "util-FF": 0.1251781928091307,
      "total-URAM": 12,
      "total-BRAM": 0,
      "total-DSP": 152,
      "total-LUT": 80338,
      "total-FF": 221986
    },
    "valid": true
  },
  "__PARA__L0-1.__PARA__L1-4.__PARA__L2-60.__PARA__L3-4.__PIPE__L0-NA.__PIPE__L2-NA": {
    "perf": 245609.0,
    "point": {
      "__PIPE__L0": "",
      "__PARA__L0": 1,
      "__PARA__L1": 4,
      "__PIPE__L2": "",
      "__PARA__L2": 60,
      "__PARA__L3": 4
    },
    "res_util": {
      "util-URAM": 0.016666666666666666,
      "util-BRAM": 0.0,
      "util-DSP": 0.02962962962962963,
      "util-LUT": 0.09048134614517075,
      "util-FF": 0.1253214237379889,
      "total-URAM": 12,
      "total-BRAM": 0,
      "total-DSP": 152,
      "total-LUT": 80228,
      "total-FF": 222240
    },
    "valid": true
  },
  "__PARA__L0-1.__PARA__L1-5.__PARA__L2-60.__PARA__L3-4.__PIPE__L0-NA.__PIPE__L2-NA": {
    "perf": 245290.0,
    "point": {
      "__PIPE__L0": "",
      "__PARA__L0": 1,
      "__PARA__L1": 5,
      "__PIPE__L2": "",
      "__PARA__L2": 60,
      "__PARA__L3": 4
    },
    "res_util": {
      "util-URAM": 0.018055555555555554,
      "util-BRAM": 0.0,
      "util-DSP": 0.02962962962962963,
      "util-LUT": 0.20365408038976857,
      "util-FF": 0.19295518112509585,
      "total-URAM": 13,
      "total-BRAM": 0,
      "total-DSP": 152,
      "total-LUT": 180576,
      "total-FF": 342179
    },
    "valid": true
  },
  "__PARA__L0-1.__PARA__L1-8.__PARA__L2-60.__PARA__L3-4.__PIPE__L0-NA.__PIPE__L2-NA": {
    "perf": 244728.0,
    "point": {
      "__PIPE__L0": "",
      "__PARA__L0": 1,
      "__PARA__L1": 8,
      "__PIPE__L2": "",
      "__PARA__L2": 60,
      "__PARA__L3": 4
    },
    "res_util": {
      "util-URAM": 0.011111111111111112,
      "util-BRAM": 0.009876543209876543,
      "util-DSP": 0.02962962962962963,
      "util-LUT": 0.14034826543961745,
      "util-FF": 0.15233567916271937,
      "total-URAM": 8,
      "total-BRAM": 32,
      "total-DSP": 152,
      "total-LUT": 124444,
      "total-FF": 270146
    },
    "valid": true
  },
  "__PARA__L0-1.__PARA__L1-10.__PARA__L2-60.__PARA__L3-4.__PIPE__L0-NA.__PIPE__L2-NA": {
    "perf": 244569.0,
    "point": {
      "__PIPE__L0": "",
      "__PARA__L0": 1,
      "__PARA__L1": 10,
      "__PIPE__L2": "",
      "__PARA__L2": 60,
      "__PARA__L3": 4
    },
    "res_util": {
      "util-URAM": 0.011111111111111112,
      "util-BRAM": 0.012345679012345678,
      "util-DSP": 0.02962962962962963,
      "util-LUT": 0.2952000721793657,
      "util-FF": 0.24428880768710245,
      "total-URAM": 8,
      "total-BRAM": 40,
      "total-DSP": 152,
      "total-LUT": 261748,
      "total-FF": 433212
    },
    "valid": true
  },
  "__PARA__L0-1.__PARA__L1-16.__PARA__L2-60.__PARA__L3-4.__PIPE__L0-NA.__PIPE__L2-NA": {
    "perf": 244328.0,
    "point": {
      "__PIPE__L0": "",
      "__PARA__L0": 1,
      "__PARA__L1": 16,
      "__PIPE__L2": "",
      "__PARA__L2": 60,
      "__PARA__L3": 4
    },
    "res_util": {
      "util-URAM": 0.011111111111111112,
      "util-BRAM": 0.009876543209876543,
      "util-DSP": 0.02962962962962963,
      "util-LUT": 0.16000812017864394,
      "util-FF": 0.1715658411151712,
      "total-URAM": 8,
      "total-BRAM": 32,
      "total-DSP": 152,
      "total-LUT": 141876,
      "total-FF": 304248
    },
    "valid": true
  },
  "__PARA__L0-1.__PARA__L1-20.__PARA__L2-60.__PARA__L3-4.__PIPE__L0-NA.__PIPE__L2-NA": {
    "perf": 0.0,
    "point": {
      "__PIPE__L0": "",
      "__PARA__L0": 1,
      "__PARA__L1": 20,
      "__PIPE__L2": "",
      "__PARA__L2": 60,
      "__PARA__L3": 4
    },
    "res_util": {
      "util-URAM": 0,
      "util-BRAM": 0,
      "util-DSP": 0,
      "util-LUT": 0,
      "util-FF": 0,
      "total-URAM": 0,
      "total-BRAM": 0,
      "total-DSP": 0,
      "total-LUT": 0,
      "total-FF": 0
    },
    "valid": false
  },
  "__PARA__L0-1.__PARA__L1-32.__PARA__L2-60.__PARA__L3-4.__PIPE__L0-NA.__PIPE__L2-NA": {
    "perf": 244248.0,
    "point": {
      "__PIPE__L0": "",
      "__PARA__L0": 1,
      "__PARA__L1": 32,
      "__PIPE__L2": "",
      "__PARA__L2": 60,
      "__PARA__L3": 4
    },
    "res_util": {
      "util-URAM": 0.011111111111111112,
      "util-BRAM": 0.019753086419753086,
      "util-DSP": 0.05458089668615984,
      "util-LUT": 0.2379742409888573,
      "util-FF": 0.21639994135426535,
      "total-URAM": 8,
      "total-BRAM": 64,
      "total-DSP": 280,
      "total-LUT": 211007,
      "total-FF": 383755
    },
    "valid": true
  },
  "__PARA__L0-1.__PARA__L1-40.__PARA__L2-60.__PARA__L3-4.__PIPE__L0-NA.__PIPE__L2-NA": {
    "perf": 247289.0,
    "point": {
      "__PIPE__L0": "",
      "__PARA__L0": 1,
      "__PARA__L1": 40,
      "__PIPE__L2": "",
      "__PARA__L2": 60,
      "__PARA__L3": 4
    },
    "res_util": {
      "util-URAM": 0.011111111111111112,
      "util-BRAM": 0.0691358024691358,
      "util-DSP": 0.02962962962962963,
      "util-LUT": 0.4503169125276312,
      "util-FF": 0.32895463977985295,
      "total-URAM": 8,
      "total-BRAM": 224,
      "total-DSP": 152,
      "total-LUT": 399287,
      "total-FF": 583355
    },
    "valid": true
  },
  "__PARA__L0-1.__PARA__L1-64.__PARA__L2-60.__PARA__L3-4.__PIPE__L0-NA.__PIPE__L2-NA": {
    "perf": 244169.0,
    "point": {
      "__PIPE__L0": "",
      "__PARA__L0": 1,
      "__PARA__L1": 64,
      "__PIPE__L2": "",
      "__PARA__L2": 60,
      "__PARA__L3": 4
    },
    "res_util": {
      "util-URAM": 0.011111111111111112,
      "util-BRAM": 0.04938271604938271,
      "util-DSP": 0.10448343079922028,
      "util-LUT": 0.458373934226553,
      "util-FF": 0.34239015202778905,
      "total-URAM": 8,
      "total-BRAM": 160,
      "total-DSP": 536,
      "total-LUT": 406431,
      "total-FF": 607181
    },
    "valid": true
  },
  "__PARA__L0-1.__PARA__L1-80.__PARA__L2-60.__PARA__L3-4.__PIPE__L0-NA.__PIPE__L2-NA": {
    "perf": 294409.0,
    "point": {
      "__PIPE__L0": "",
      "__PARA__L0": 1,
      "__PARA__L1": 80,
      "__PIPE__L2": "",
      "__PARA__L2": 60,
      "__PARA__L3": 4
    },
    "res_util": {
      "util-URAM": 0.016666666666666666,
      "util-BRAM": 0.0,
      "util-DSP": 0.02962962962962963,
      "util-LUT": 0.09394370009473542,
      "util-FF": 0.13098299273695133,
      "total-URAM": 12,
      "total-BRAM": 0,
      "total-DSP": 152,
      "total-LUT": 83298,
      "total-FF": 232280
    },
    "valid": true
  },
  "__PARA__L0-2.__PARA__L1-64.__PARA__L2-60.__PARA__L3-4.__PIPE__L0-NA.__PIPE__L2-NA": {
    "perf": 0.0,
    "point": {
      "__PIPE__L0": "",
      "__PARA__L0": 2,
      "__PARA__L1": 64,
      "__PIPE__L2": "",
      "__PARA__L2": 60,
      "__PARA__L3": 4
    },
    "res_util": {
      "util-URAM": 0,
      "util-BRAM": 0,
      "util-DSP": 0,
      "util-LUT": 0,
      "util-FF": 0,
      "total-URAM": 0,
      "total-BRAM": 0,
      "total-DSP": 0,
      "total-LUT": 0,
      "total-FF": 0
    },
    "valid": false
  },
  "__PARA__L0-4.__PARA__L1-64.__PARA__L2-60.__PARA__L3-4.__PIPE__L0-NA.__PIPE__L2-NA": {
    "perf": 0.0,
    "point": {
      "__PIPE__L0": "",
      "__PARA__L0": 4,
      "__PARA__L1": 64,
      "__PIPE__L2": "",
      "__PARA__L2": 60,
      "__PARA__L3": 4
    },
    "res_util": {
      "util-URAM": 0,
      "util-BRAM": 0,
      "util-DSP": 0,
      "util-LUT": 0,
      "util-FF": 0,
      "total-URAM": 0,
      "total-BRAM": 0,
      "total-DSP": 0,
      "total-LUT": 0,
      "total-FF": 0
    },
    "valid": false
  },
  "__PARA__L0-5.__PARA__L1-64.__PARA__L2-60.__PARA__L3-4.__PIPE__L0-NA.__PIPE__L2-NA": {
    "perf": 0.0,
    "point": {
      "__PIPE__L0": "",
      "__PARA__L0": 5,
      "__PARA__L1": 64,
      "__PIPE__L2": "",
      "__PARA__L2": 60,
      "__PARA__L3": 4
    },
    "res_util": {
      "util-URAM": 0,
      "util-BRAM": 0,
      "util-DSP": 0,
      "util-LUT": 0,
      "util-FF": 0,
      "total-URAM": 0,
      "total-BRAM": 0,
      "total-DSP": 0,
      "total-LUT": 0,
      "total-FF": 0
    },
    "valid": false
  },
  "__PARA__L0-8.__PARA__L1-64.__PARA__L2-60.__PARA__L3-4.__PIPE__L0-NA.__PIPE__L2-NA": {
    "perf": 0.0,
    "point": {
      "__PIPE__L0": "",
      "__PARA__L0": 8,
      "__PARA__L1": 64,
      "__PIPE__L2": "",
      "__PARA__L2": 60,
      "__PARA__L3": 4
    },
    "res_util": {
      "util-URAM": 0,
      "util-BRAM": 0,
      "util-DSP": 0,
      "util-LUT": 0,
      "util-FF": 0,
      "total-URAM": 0,
      "total-BRAM": 0,
      "total-DSP": 0,
      "total-LUT": 0,
      "total-FF": 0
    },
    "valid": false
  },
  "__PARA__L0-10.__PARA__L1-64.__PARA__L2-60.__PARA__L3-4.__PIPE__L0-NA.__PIPE__L2-NA": {
    "perf": 0.0,
    "point": {
      "__PIPE__L0": "",
      "__PARA__L0": 10,
      "__PARA__L1": 64,
      "__PIPE__L2": "",
      "__PARA__L2": 60,
      "__PARA__L3": 4
    },
    "res_util": {
      "util-URAM": 0,
      "util-BRAM": 0,
      "util-DSP": 0,
      "util-LUT": 0,
      "util-FF": 0,
      "total-URAM": 0,
      "total-BRAM": 0,
      "total-DSP": 0,
      "total-LUT": 0,
      "total-FF": 0
    },
    "valid": false
  },
  "__PARA__L0-16.__PARA__L1-64.__PARA__L2-60.__PARA__L3-4.__PIPE__L0-NA.__PIPE__L2-NA": {
    "perf": 0.0,
    "point": {
      "__PIPE__L0": "",
      "__PARA__L0": 16,
      "__PARA__L1": 64,
      "__PIPE__L2": "",
      "__PARA__L2": 60,
      "__PARA__L3": 4
    },
    "res_util": {
      "util-URAM": 0,
      "util-BRAM": 0,
      "util-DSP": 0,
      "util-LUT": 0,
      "util-FF": 0,
      "total-URAM": 0,
      "total-BRAM": 0,
      "total-DSP": 0,
      "total-LUT": 0,
      "total-FF": 0
    },
    "valid": false
  },
  "__PARA__L0-20.__PARA__L1-64.__PARA__L2-60.__PARA__L3-4.__PIPE__L0-NA.__PIPE__L2-NA": {
    "perf": 0.0,
    "point": {
      "__PIPE__L0": "",
      "__PARA__L0": 20,
      "__PARA__L1": 64,
      "__PIPE__L2": "",
      "__PARA__L2": 60,
      "__PARA__L3": 4
    },
    "res_util": {
      "util-URAM": 0,
      "util-BRAM": 0,
      "util-DSP": 0,
      "util-LUT": 0,
      "util-FF": 0,
      "total-URAM": 0,
      "total-BRAM": 0,
      "total-DSP": 0,
      "total-LUT": 0,
      "total-FF": 0
    },
    "valid": false
  },
  "__PARA__L0-32.__PARA__L1-64.__PARA__L2-60.__PARA__L3-4.__PIPE__L0-NA.__PIPE__L2-NA": {
    "perf": 0.0,
    "point": {
      "__PIPE__L0": "",
      "__PARA__L0": 32,
      "__PARA__L1": 64,
      "__PIPE__L2": "",
      "__PARA__L2": 60,
      "__PARA__L3": 4
    },
    "res_util": {
      "util-URAM": 0,
      "util-BRAM": 0,
      "util-DSP": 0,
      "util-LUT": 0,
      "util-FF": 0,
      "total-URAM": 0,
      "total-BRAM": 0,
      "total-DSP": 0,
      "total-LUT": 0,
      "total-FF": 0
    },
    "valid": false
  },
  "__PARA__L0-40.__PARA__L1-64.__PARA__L2-60.__PARA__L3-4.__PIPE__L0-NA.__PIPE__L2-NA": {
    "perf": 0.0,
    "point": {
      "__PIPE__L0": "",
      "__PARA__L0": 40,
      "__PARA__L1": 64,
      "__PIPE__L2": "",
      "__PARA__L2": 60,
      "__PARA__L3": 4
    },
    "res_util": {
      "util-URAM": 0,
      "util-BRAM": 0,
      "util-DSP": 0,
      "util-LUT": 0,
      "util-FF": 0,
      "total-URAM": 0,
      "total-BRAM": 0,
      "total-DSP": 0,
      "total-LUT": 0,
      "total-FF": 0
    },
    "valid": false
  },
  "__PARA__L0-64.__PARA__L1-64.__PARA__L2-60.__PARA__L3-4.__PIPE__L0-NA.__PIPE__L2-NA": {
    "perf": 0.0,
    "point": {
      "__PIPE__L0": "",
      "__PARA__L0": 64,
      "__PARA__L1": 64,
      "__PIPE__L2": "",
      "__PARA__L2": 60,
      "__PARA__L3": 4
    },
    "res_util": {
      "util-URAM": 0,
      "util-BRAM": 0,
      "util-DSP": 0,
      "util-LUT": 0,
      "util-FF": 0,
      "total-URAM": 0,
      "total-BRAM": 0,
      "total-DSP": 0,
      "total-LUT": 0,
      "total-FF": 0
    },
    "valid": false
  },
  "__PARA__L0-80.__PARA__L1-64.__PARA__L2-60.__PARA__L3-4.__PIPE__L0-NA.__PIPE__L2-NA": {
    "perf": 0.0,
    "point": {
      "__PIPE__L0": "",
      "__PARA__L0": 80,
      "__PARA__L1": 64,
      "__PIPE__L2": "",
      "__PARA__L2": 60,
      "__PARA__L3": 4
    },
    "res_util": {
      "util-URAM": 0,
      "util-BRAM": 0,
      "util-DSP": 0,
      "util-LUT": 0,
      "util-FF": 0,
      "total-URAM": 0,
      "total-BRAM": 0,
      "total-DSP": 0,
      "total-LUT": 0,
      "total-FF": 0
    },
    "valid": false
  },
  "__PARA__L0-1.__PARA__L1-64.__PARA__L2-60.__PARA__L3-4.__PIPE__L0-off.__PIPE__L2-NA": {
    "perf": 0.0,
    "point": {
      "__PIPE__L0": "off",
      "__PARA__L0": 1,
      "__PARA__L1": 64,
      "__PIPE__L2": "",
      "__PARA__L2": 60,
      "__PARA__L3": 4
    },
    "res_util": {
      "util-URAM": 0,
      "util-BRAM": 0,
      "util-DSP": 0,
      "util-LUT": 0,
      "util-FF": 0,
      "total-URAM": 0,
      "total-BRAM": 0,
      "total-DSP": 0,
      "total-LUT": 0,
      "total-FF": 0
    },
    "valid": false
  },
  "__PARA__L0-1.__PARA__L1-64.__PARA__L2-60.__PARA__L3-4.__PIPE__L0-   .__PIPE__L2-NA": {
    "perf": 0.0,
    "point": {
      "__PIPE__L0": "   ",
      "__PARA__L0": 1,
      "__PARA__L1": 64,
      "__PIPE__L2": "",
      "__PARA__L2": 60,
      "__PARA__L3": 4
    },
    "res_util": {
      "util-URAM": 0,
      "util-BRAM": 0,
      "util-DSP": 0,
      "util-LUT": 0,
      "util-FF": 0,
      "total-URAM": 0,
      "total-BRAM": 0,
      "total-DSP": 0,
      "total-LUT": 0,
      "total-FF": 0
    },
    "valid": false
  },
  "__PARA__L0-2.__PARA__L1-32.__PARA__L2-60.__PARA__L3-4.__PIPE__L0-NA.__PIPE__L2-NA": {
    "perf": 0.0,
    "point": {
      "__PIPE__L0": "",
      "__PARA__L0": 2,
      "__PARA__L1": 32,
      "__PIPE__L2": "",
      "__PARA__L2": 60,
      "__PARA__L3": 4
    },
    "res_util": {
      "util-URAM": 0,
      "util-BRAM": 0,
      "util-DSP": 0,
      "util-LUT": 0,
      "util-FF": 0,
      "total-URAM": 0,
      "total-BRAM": 0,
      "total-DSP": 0,
      "total-LUT": 0,
      "total-FF": 0
    },
    "valid": false
  },
  "__PARA__L0-4.__PARA__L1-32.__PARA__L2-60.__PARA__L3-4.__PIPE__L0-NA.__PIPE__L2-NA": {
    "perf": 0.0,
    "point": {
      "__PIPE__L0": "",
      "__PARA__L0": 4,
      "__PARA__L1": 32,
      "__PIPE__L2": "",
      "__PARA__L2": 60,
      "__PARA__L3": 4
    },
    "res_util": {
      "util-URAM": 0,
      "util-BRAM": 0,
      "util-DSP": 0,
      "util-LUT": 0,
      "util-FF": 0,
      "total-URAM": 0,
      "total-BRAM": 0,
      "total-DSP": 0,
      "total-LUT": 0,
      "total-FF": 0
    },
    "valid": false
  },
  "__PARA__L0-5.__PARA__L1-32.__PARA__L2-60.__PARA__L3-4.__PIPE__L0-NA.__PIPE__L2-NA": {
    "perf": 0.0,
    "point": {
      "__PIPE__L0": "",
      "__PARA__L0": 5,
      "__PARA__L1": 32,
      "__PIPE__L2": "",
      "__PARA__L2": 60,
      "__PARA__L3": 4
    },
    "res_util": {
      "util-URAM": 0,
      "util-BRAM": 0,
      "util-DSP": 0,
      "util-LUT": 0,
      "util-FF": 0,
      "total-URAM": 0,
      "total-BRAM": 0,
      "total-DSP": 0,
      "total-LUT": 0,
      "total-FF": 0
    },
    "valid": false
  },
  "__PARA__L0-8.__PARA__L1-32.__PARA__L2-60.__PARA__L3-4.__PIPE__L0-NA.__PIPE__L2-NA": {
    "perf": 0.0,
    "point": {
      "__PIPE__L0": "",
      "__PARA__L0": 8,
      "__PARA__L1": 32,
      "__PIPE__L2": "",
      "__PARA__L2": 60,
      "__PARA__L3": 4
    },
    "res_util": {
      "util-URAM": 0,
      "util-BRAM": 0,
      "util-DSP": 0,
      "util-LUT": 0,
      "util-FF": 0,
      "total-URAM": 0,
      "total-BRAM": 0,
      "total-DSP": 0,
      "total-LUT": 0,
      "total-FF": 0
    },
    "valid": false
  },
  "__PARA__L0-10.__PARA__L1-32.__PARA__L2-60.__PARA__L3-4.__PIPE__L0-NA.__PIPE__L2-NA": {
    "perf": 0.0,
    "point": {
      "__PIPE__L0": "",
      "__PARA__L0": 10,
      "__PARA__L1": 32,
      "__PIPE__L2": "",
      "__PARA__L2": 60,
      "__PARA__L3": 4
    },
    "res_util": {
      "util-URAM": 0,
      "util-BRAM": 0,
      "util-DSP": 0,
      "util-LUT": 0,
      "util-FF": 0,
      "total-URAM": 0,
      "total-BRAM": 0,
      "total-DSP": 0,
      "total-LUT": 0,
      "total-FF": 0
    },
    "valid": false
  },
  "__PARA__L0-16.__PARA__L1-32.__PARA__L2-60.__PARA__L3-4.__PIPE__L0-NA.__PIPE__L2-NA": {
    "perf": 0.0,
    "point": {
      "__PIPE__L0": "",
      "__PARA__L0": 16,
      "__PARA__L1": 32,
      "__PIPE__L2": "",
      "__PARA__L2": 60,
      "__PARA__L3": 4
    },
    "res_util": {
      "util-URAM": 0,
      "util-BRAM": 0,
      "util-DSP": 0,
      "util-LUT": 0,
      "util-FF": 0,
      "total-URAM": 0,
      "total-BRAM": 0,
      "total-DSP": 0,
      "total-LUT": 0,
      "total-FF": 0
    },
    "valid": false
  },
  "__PARA__L0-20.__PARA__L1-32.__PARA__L2-60.__PARA__L3-4.__PIPE__L0-NA.__PIPE__L2-NA": {
    "perf": 0.0,
    "point": {
      "__PIPE__L0": "",
      "__PARA__L0": 20,
      "__PARA__L1": 32,
      "__PIPE__L2": "",
      "__PARA__L2": 60,
      "__PARA__L3": 4
    },
    "res_util": {
      "util-URAM": 0,
      "util-BRAM": 0,
      "util-DSP": 0,
      "util-LUT": 0,
      "util-FF": 0,
      "total-URAM": 0,
      "total-BRAM": 0,
      "total-DSP": 0,
      "total-LUT": 0,
      "total-FF": 0
    },
    "valid": false
  },
  "__PARA__L0-32.__PARA__L1-32.__PARA__L2-60.__PARA__L3-4.__PIPE__L0-NA.__PIPE__L2-NA": {
    "perf": 0.0,
    "point": {
      "__PIPE__L0": "",
      "__PARA__L0": 32,
      "__PARA__L1": 32,
      "__PIPE__L2": "",
      "__PARA__L2": 60,
      "__PARA__L3": 4
    },
    "res_util": {
      "util-URAM": 0,
      "util-BRAM": 0,
      "util-DSP": 0,
      "util-LUT": 0,
      "util-FF": 0,
      "total-URAM": 0,
      "total-BRAM": 0,
      "total-DSP": 0,
      "total-LUT": 0,
      "total-FF": 0
    },
    "valid": false
  },
  "__PARA__L0-40.__PARA__L1-32.__PARA__L2-60.__PARA__L3-4.__PIPE__L0-NA.__PIPE__L2-NA": {
    "perf": 0.0,
    "point": {
      "__PIPE__L0": "",
      "__PARA__L0": 40,
      "__PARA__L1": 32,
      "__PIPE__L2": "",
      "__PARA__L2": 60,
      "__PARA__L3": 4
    },
    "res_util": {
      "util-URAM": 0,
      "util-BRAM": 0,
      "util-DSP": 0,
      "util-LUT": 0,
      "util-FF": 0,
      "total-URAM": 0,
      "total-BRAM": 0,
      "total-DSP": 0,
      "total-LUT": 0,
      "total-FF": 0
    },
    "valid": false
  },
  "__PARA__L0-64.__PARA__L1-32.__PARA__L2-60.__PARA__L3-4.__PIPE__L0-NA.__PIPE__L2-NA": {
    "perf": 0.0,
    "point": {
      "__PIPE__L0": "",
      "__PARA__L0": 64,
      "__PARA__L1": 32,
      "__PIPE__L2": "",
      "__PARA__L2": 60,
      "__PARA__L3": 4
    },
    "res_util": {
      "util-URAM": 0,
      "util-BRAM": 0,
      "util-DSP": 0,
      "util-LUT": 0,
      "util-FF": 0,
      "total-URAM": 0,
      "total-BRAM": 0,
      "total-DSP": 0,
      "total-LUT": 0,
      "total-FF": 0
    },
    "valid": false
  },
  "__PARA__L0-80.__PARA__L1-32.__PARA__L2-60.__PARA__L3-4.__PIPE__L0-NA.__PIPE__L2-NA": {
    "perf": 0.0,
    "point": {
      "__PIPE__L0": "",
      "__PARA__L0": 80,
      "__PARA__L1": 32,
      "__PIPE__L2": "",
      "__PARA__L2": 60,
      "__PARA__L3": 4
    },
    "res_util": {
      "util-URAM": 0,
      "util-BRAM": 0,
      "util-DSP": 0,
      "util-LUT": 0,
      "util-FF": 0,
      "total-URAM": 0,
      "total-BRAM": 0,
      "total-DSP": 0,
      "total-LUT": 0,
      "total-FF": 0
    },
    "valid": false
  },
  "__PARA__L0-1.__PARA__L1-32.__PARA__L2-60.__PARA__L3-4.__PIPE__L0-off.__PIPE__L2-NA": {
    "perf": 244248.0,
    "point": {
      "__PIPE__L0": "off",
      "__PARA__L0": 1,
      "__PARA__L1": 32,
      "__PIPE__L2": "",
      "__PARA__L2": 60,
      "__PARA__L3": 4
    },
    "res_util": {
      "util-URAM": 0.011111111111111112,
      "util-BRAM": 0.019753086419753086,
      "util-DSP": 0.05458089668615984,
      "util-LUT": 0.2379742409888573,
      "util-FF": 0.21639994135426535,
      "total-URAM": 8,
      "total-BRAM": 64,
      "total-DSP": 280,
      "total-LUT": 211007,
      "total-FF": 383755
    },
    "valid": true
  },
  "__PARA__L0-1.__PARA__L1-32.__PARA__L2-60.__PARA__L3-4.__PIPE__L0-   .__PIPE__L2-NA": {
    "perf": 0.0,
    "point": {
      "__PIPE__L0": "   ",
      "__PARA__L0": 1,
      "__PARA__L1": 32,
      "__PIPE__L2": "",
      "__PARA__L2": 60,
      "__PARA__L3": 4
    },
    "res_util": {
      "util-URAM": 0,
      "util-BRAM": 0,
      "util-DSP": 0,
      "util-LUT": 0,
      "util-FF": 0,
      "total-URAM": 0,
      "total-BRAM": 0,
      "total-DSP": 0,
      "total-LUT": 0,
      "total-FF": 0
    },
    "valid": false
  },
  "__PARA__L0-1.__PARA__L1-32.__PARA__L2-60.__PARA__L3-4.__PIPE__L0-off.__PIPE__L2-off": {
    "perf": 244248.0,
    "point": {
      "__PIPE__L0": "off",
      "__PARA__L0": 1,
      "__PARA__L1": 32,
      "__PIPE__L2": "off",
      "__PARA__L2": 60,
      "__PARA__L3": 4
    },
    "res_util": {
      "util-URAM": 0.011111111111111112,
      "util-BRAM": 0.019753086419753086,
      "util-DSP": 0.05458089668615984,
      "util-LUT": 0.2379742409888573,
      "util-FF": 0.21639994135426535,
      "total-URAM": 8,
      "total-BRAM": 64,
      "total-DSP": 280,
      "total-LUT": 211007,
      "total-FF": 383755
    },
    "valid": true
  },
  "__PARA__L0-1.__PARA__L1-32.__PARA__L2-60.__PARA__L3-4.__PIPE__L0-off.__PIPE__L2-   ": {
    "perf": 0.0,
    "point": {
      "__PIPE__L0": "off",
      "__PARA__L0": 1,
      "__PARA__L1": 32,
      "__PIPE__L2": "   ",
      "__PARA__L2": 60,
      "__PARA__L3": 4
    },
    "res_util": {
      "util-URAM": 0,
      "util-BRAM": 0,
      "util-DSP": 0,
      "util-LUT": 0,
      "util-FF": 0,
      "total-URAM": 0,
      "total-BRAM": 0,
      "total-DSP": 0,
      "total-LUT": 0,
      "total-FF": 0
    },
    "valid": false
  },
  "__PARA__L0-2.__PARA__L1-16.__PARA__L2-60.__PARA__L3-4.__PIPE__L0-NA.__PIPE__L2-NA": {
    "perf": 0.0,
    "point": {
      "__PIPE__L0": "",
      "__PARA__L0": 2,
      "__PARA__L1": 16,
      "__PIPE__L2": "",
      "__PARA__L2": 60,
      "__PARA__L3": 4
    },
    "res_util": {
      "util-URAM": 0,
      "util-BRAM": 0,
      "util-DSP": 0,
      "util-LUT": 0,
      "util-FF": 0,
      "total-URAM": 0,
      "total-BRAM": 0,
      "total-DSP": 0,
      "total-LUT": 0,
      "total-FF": 0
    },
    "valid": false
  },
  "__PARA__L0-4.__PARA__L1-16.__PARA__L2-60.__PARA__L3-4.__PIPE__L0-NA.__PIPE__L2-NA": {
    "perf": 0.0,
    "point": {
      "__PIPE__L0": "",
      "__PARA__L0": 4,
      "__PARA__L1": 16,
      "__PIPE__L2": "",
      "__PARA__L2": 60,
      "__PARA__L3": 4
    },
    "res_util": {
      "util-URAM": 0,
      "util-BRAM": 0,
      "util-DSP": 0,
      "util-LUT": 0,
      "util-FF": 0,
      "total-URAM": 0,
      "total-BRAM": 0,
      "total-DSP": 0,
      "total-LUT": 0,
      "total-FF": 0
    },
    "valid": false
  },
  "__PARA__L0-5.__PARA__L1-16.__PARA__L2-60.__PARA__L3-4.__PIPE__L0-NA.__PIPE__L2-NA": {
    "perf": 0.0,
    "point": {
      "__PIPE__L0": "",
      "__PARA__L0": 5,
      "__PARA__L1": 16,
      "__PIPE__L2": "",
      "__PARA__L2": 60,
      "__PARA__L3": 4
    },
    "res_util": {
      "util-URAM": 0,
      "util-BRAM": 0,
      "util-DSP": 0,
      "util-LUT": 0,
      "util-FF": 0,
      "total-URAM": 0,
      "total-BRAM": 0,
      "total-DSP": 0,
      "total-LUT": 0,
      "total-FF": 0
    },
    "valid": false
  },
  "__PARA__L0-8.__PARA__L1-16.__PARA__L2-60.__PARA__L3-4.__PIPE__L0-NA.__PIPE__L2-NA": {
    "perf": 0.0,
    "point": {
      "__PIPE__L0": "",
      "__PARA__L0": 8,
      "__PARA__L1": 16,
      "__PIPE__L2": "",
      "__PARA__L2": 60,
      "__PARA__L3": 4
    },
    "res_util": {
      "util-URAM": 0,
      "util-BRAM": 0,
      "util-DSP": 0,
      "util-LUT": 0,
      "util-FF": 0,
      "total-URAM": 0,
      "total-BRAM": 0,
      "total-DSP": 0,
      "total-LUT": 0,
      "total-FF": 0
    },
    "valid": false
  },
  "__PARA__L0-10.__PARA__L1-16.__PARA__L2-60.__PARA__L3-4.__PIPE__L0-NA.__PIPE__L2-NA": {
    "perf": 0.0,
    "point": {
      "__PIPE__L0": "",
      "__PARA__L0": 10,
      "__PARA__L1": 16,
      "__PIPE__L2": "",
      "__PARA__L2": 60,
      "__PARA__L3": 4
    },
    "res_util": {
      "util-URAM": 0,
      "util-BRAM": 0,
      "util-DSP": 0,
      "util-LUT": 0,
      "util-FF": 0,
      "total-URAM": 0,
      "total-BRAM": 0,
      "total-DSP": 0,
      "total-LUT": 0,
      "total-FF": 0
    },
    "valid": false
  },
  "__PARA__L0-16.__PARA__L1-16.__PARA__L2-60.__PARA__L3-4.__PIPE__L0-NA.__PIPE__L2-NA": {
    "perf": 0.0,
    "point": {
      "__PIPE__L0": "",
      "__PARA__L0": 16,
      "__PARA__L1": 16,
      "__PIPE__L2": "",
      "__PARA__L2": 60,
      "__PARA__L3": 4
    },
    "res_util": {
      "util-URAM": 0,
      "util-BRAM": 0,
      "util-DSP": 0,
      "util-LUT": 0,
      "util-FF": 0,
      "total-URAM": 0,
      "total-BRAM": 0,
      "total-DSP": 0,
      "total-LUT": 0,
      "total-FF": 0
    },
    "valid": false
  },
  "__PARA__L0-20.__PARA__L1-16.__PARA__L2-60.__PARA__L3-4.__PIPE__L0-NA.__PIPE__L2-NA": {
    "perf": 0.0,
    "point": {
      "__PIPE__L0": "",
      "__PARA__L0": 20,
      "__PARA__L1": 16,
      "__PIPE__L2": "",
      "__PARA__L2": 60,
      "__PARA__L3": 4
    },
    "res_util": {
      "util-URAM": 0,
      "util-BRAM": 0,
      "util-DSP": 0,
      "util-LUT": 0,
      "util-FF": 0,
      "total-URAM": 0,
      "total-BRAM": 0,
      "total-DSP": 0,
      "total-LUT": 0,
      "total-FF": 0
    },
    "valid": false
  },
  "__PARA__L0-32.__PARA__L1-16.__PARA__L2-60.__PARA__L3-4.__PIPE__L0-NA.__PIPE__L2-NA": {
    "perf": 0.0,
    "point": {
      "__PIPE__L0": "",
      "__PARA__L0": 32,
      "__PARA__L1": 16,
      "__PIPE__L2": "",
      "__PARA__L2": 60,
      "__PARA__L3": 4
    },
    "res_util": {
      "util-URAM": 0,
      "util-BRAM": 0,
      "util-DSP": 0,
      "util-LUT": 0,
      "util-FF": 0,
      "total-URAM": 0,
      "total-BRAM": 0,
      "total-DSP": 0,
      "total-LUT": 0,
      "total-FF": 0
    },
    "valid": false
  },
  "__PARA__L0-40.__PARA__L1-16.__PARA__L2-60.__PARA__L3-4.__PIPE__L0-NA.__PIPE__L2-NA": {
    "perf": 0.0,
    "point": {
      "__PIPE__L0": "",
      "__PARA__L0": 40,
      "__PARA__L1": 16,
      "__PIPE__L2": "",
      "__PARA__L2": 60,
      "__PARA__L3": 4
    },
    "res_util": {
      "util-URAM": 0,
      "util-BRAM": 0,
      "util-DSP": 0,
      "util-LUT": 0,
      "util-FF": 0,
      "total-URAM": 0,
      "total-BRAM": 0,
      "total-DSP": 0,
      "total-LUT": 0,
      "total-FF": 0
    },
    "valid": false
  },
  "__PARA__L0-64.__PARA__L1-16.__PARA__L2-60.__PARA__L3-4.__PIPE__L0-NA.__PIPE__L2-NA": {
    "perf": 0.0,
    "point": {
      "__PIPE__L0": "",
      "__PARA__L0": 64,
      "__PARA__L1": 16,
      "__PIPE__L2": "",
      "__PARA__L2": 60,
      "__PARA__L3": 4
    },
    "res_util": {
      "util-URAM": 0,
      "util-BRAM": 0,
      "util-DSP": 0,
      "util-LUT": 0,
      "util-FF": 0,
      "total-URAM": 0,
      "total-BRAM": 0,
      "total-DSP": 0,
      "total-LUT": 0,
      "total-FF": 0
    },
    "valid": false
  },
  "__PARA__L0-80.__PARA__L1-16.__PARA__L2-60.__PARA__L3-4.__PIPE__L0-NA.__PIPE__L2-NA": {
    "perf": 0.0,
    "point": {
      "__PIPE__L0": "",
      "__PARA__L0": 80,
      "__PARA__L1": 16,
      "__PIPE__L2": "",
      "__PARA__L2": 60,
      "__PARA__L3": 4
    },
    "res_util": {
      "util-URAM": 0,
      "util-BRAM": 0,
      "util-DSP": 0,
      "util-LUT": 0,
      "util-FF": 0,
      "total-URAM": 0,
      "total-BRAM": 0,
      "total-DSP": 0,
      "total-LUT": 0,
      "total-FF": 0
    },
    "valid": false
  },
  "__PARA__L0-1.__PARA__L1-16.__PARA__L2-60.__PARA__L3-4.__PIPE__L0-off.__PIPE__L2-NA": {
    "perf": 244328.0,
    "point": {
      "__PIPE__L0": "off",
      "__PARA__L0": 1,
      "__PARA__L1": 16,
      "__PIPE__L2": "",
      "__PARA__L2": 60,
      "__PARA__L3": 4
    },
    "res_util": {
      "util-URAM": 0.011111111111111112,
      "util-BRAM": 0.009876543209876543,
      "util-DSP": 0.02962962962962963,
      "util-LUT": 0.16000812017864394,
      "util-FF": 0.1715658411151712,
      "total-URAM": 8,
      "total-BRAM": 32,
      "total-DSP": 152,
      "total-LUT": 141876,
      "total-FF": 304248
    },
    "valid": true
  },
  "__PARA__L0-1.__PARA__L1-16.__PARA__L2-60.__PARA__L3-4.__PIPE__L0-   .__PIPE__L2-NA": {
    "perf": 0.0,
    "point": {
      "__PIPE__L0": "   ",
      "__PARA__L0": 1,
      "__PARA__L1": 16,
      "__PIPE__L2": "",
      "__PARA__L2": 60,
      "__PARA__L3": 4
    },
    "res_util": {
      "util-URAM": 0,
      "util-BRAM": 0,
      "util-DSP": 0,
      "util-LUT": 0,
      "util-FF": 0,
      "total-URAM": 0,
      "total-BRAM": 0,
      "total-DSP": 0,
      "total-LUT": 0,
      "total-FF": 0
    },
    "valid": false
  },
  "__PARA__L0-1.__PARA__L1-16.__PARA__L2-60.__PARA__L3-4.__PIPE__L0-off.__PIPE__L2-off": {
    "perf": 244328.0,
    "point": {
      "__PIPE__L0": "off",
      "__PARA__L0": 1,
      "__PARA__L1": 16,
      "__PIPE__L2": "off",
      "__PARA__L2": 60,
      "__PARA__L3": 4
    },
    "res_util": {
      "util-URAM": 0.011111111111111112,
      "util-BRAM": 0.009876543209876543,
      "util-DSP": 0.02962962962962963,
      "util-LUT": 0.16000812017864394,
      "util-FF": 0.1715658411151712,
      "total-URAM": 8,
      "total-BRAM": 32,
      "total-DSP": 152,
      "total-LUT": 141876,
      "total-FF": 304248
    },
    "valid": true
  },
  "__PARA__L0-1.__PARA__L1-16.__PARA__L2-60.__PARA__L3-4.__PIPE__L0-off.__PIPE__L2-   ": {
    "perf": 0.0,
    "point": {
      "__PIPE__L0": "off",
      "__PARA__L0": 1,
      "__PARA__L1": 16,
      "__PIPE__L2": "   ",
      "__PARA__L2": 60,
      "__PARA__L3": 4
    },
    "res_util": {
      "util-URAM": 0,
      "util-BRAM": 0,
      "util-DSP": 0,
      "util-LUT": 0,
      "util-FF": 0,
      "total-URAM": 0,
      "total-BRAM": 0,
      "total-DSP": 0,
      "total-LUT": 0,
      "total-FF": 0
    },
    "valid": false
  },
  "__PARA__L0-2.__PARA__L1-10.__PARA__L2-60.__PARA__L3-4.__PIPE__L0-NA.__PIPE__L2-NA": {
    "perf": 0.0,
    "point": {
      "__PIPE__L0": "",
      "__PARA__L0": 2,
      "__PARA__L1": 10,
      "__PIPE__L2": "",
      "__PARA__L2": 60,
      "__PARA__L3": 4
    },
    "res_util": {
      "util-URAM": 0,
      "util-BRAM": 0,
      "util-DSP": 0,
      "util-LUT": 0,
      "util-FF": 0,
      "total-URAM": 0,
      "total-BRAM": 0,
      "total-DSP": 0,
      "total-LUT": 0,
      "total-FF": 0
    },
    "valid": false
  },
  "__PARA__L0-4.__PARA__L1-10.__PARA__L2-60.__PARA__L3-4.__PIPE__L0-NA.__PIPE__L2-NA": {
    "perf": 0.0,
    "point": {
      "__PIPE__L0": "",
      "__PARA__L0": 4,
      "__PARA__L1": 10,
      "__PIPE__L2": "",
      "__PARA__L2": 60,
      "__PARA__L3": 4
    },
    "res_util": {
      "util-URAM": 0,
      "util-BRAM": 0,
      "util-DSP": 0,
      "util-LUT": 0,
      "util-FF": 0,
      "total-URAM": 0,
      "total-BRAM": 0,
      "total-DSP": 0,
      "total-LUT": 0,
      "total-FF": 0
    },
    "valid": false
  },
  "__PARA__L0-5.__PARA__L1-10.__PARA__L2-60.__PARA__L3-4.__PIPE__L0-NA.__PIPE__L2-NA": {
    "perf": 0.0,
    "point": {
      "__PIPE__L0": "",
      "__PARA__L0": 5,
      "__PARA__L1": 10,
      "__PIPE__L2": "",
      "__PARA__L2": 60,
      "__PARA__L3": 4
    },
    "res_util": {
      "util-URAM": 0,
      "util-BRAM": 0,
      "util-DSP": 0,
      "util-LUT": 0,
      "util-FF": 0,
      "total-URAM": 0,
      "total-BRAM": 0,
      "total-DSP": 0,
      "total-LUT": 0,
      "total-FF": 0
    },
    "valid": false
  },
  "__PARA__L0-8.__PARA__L1-10.__PARA__L2-60.__PARA__L3-4.__PIPE__L0-NA.__PIPE__L2-NA": {
    "perf": 0.0,
    "point": {
      "__PIPE__L0": "",
      "__PARA__L0": 8,
      "__PARA__L1": 10,
      "__PIPE__L2": "",
      "__PARA__L2": 60,
      "__PARA__L3": 4
    },
    "res_util": {
      "util-URAM": 0,
      "util-BRAM": 0,
      "util-DSP": 0,
      "util-LUT": 0,
      "util-FF": 0,
      "total-URAM": 0,
      "total-BRAM": 0,
      "total-DSP": 0,
      "total-LUT": 0,
      "total-FF": 0
    },
    "valid": false
  },
  "__PARA__L0-10.__PARA__L1-10.__PARA__L2-60.__PARA__L3-4.__PIPE__L0-NA.__PIPE__L2-NA": {
    "perf": 0.0,
    "point": {
      "__PIPE__L0": "",
      "__PARA__L0": 10,
      "__PARA__L1": 10,
      "__PIPE__L2": "",
      "__PARA__L2": 60,
      "__PARA__L3": 4
    },
    "res_util": {
      "util-URAM": 0,
      "util-BRAM": 0,
      "util-DSP": 0,
      "util-LUT": 0,
      "util-FF": 0,
      "total-URAM": 0,
      "total-BRAM": 0,
      "total-DSP": 0,
      "total-LUT": 0,
      "total-FF": 0
    },
    "valid": false
  },
  "__PARA__L0-16.__PARA__L1-10.__PARA__L2-60.__PARA__L3-4.__PIPE__L0-NA.__PIPE__L2-NA": {
    "perf": 0.0,
    "point": {
      "__PIPE__L0": "",
      "__PARA__L0": 16,
      "__PARA__L1": 10,
      "__PIPE__L2": "",
      "__PARA__L2": 60,
      "__PARA__L3": 4
    },
    "res_util": {
      "util-URAM": 0,
      "util-BRAM": 0,
      "util-DSP": 0,
      "util-LUT": 0,
      "util-FF": 0,
      "total-URAM": 0,
      "total-BRAM": 0,
      "total-DSP": 0,
      "total-LUT": 0,
      "total-FF": 0
    },
    "valid": false
  },
  "__PARA__L0-20.__PARA__L1-10.__PARA__L2-60.__PARA__L3-4.__PIPE__L0-NA.__PIPE__L2-NA": {
    "perf": 0.0,
    "point": {
      "__PIPE__L0": "",
      "__PARA__L0": 20,
      "__PARA__L1": 10,
      "__PIPE__L2": "",
      "__PARA__L2": 60,
      "__PARA__L3": 4
    },
    "res_util": {
      "util-URAM": 0,
      "util-BRAM": 0,
      "util-DSP": 0,
      "util-LUT": 0,
      "util-FF": 0,
      "total-URAM": 0,
      "total-BRAM": 0,
      "total-DSP": 0,
      "total-LUT": 0,
      "total-FF": 0
    },
    "valid": false
  },
  "__PARA__L0-32.__PARA__L1-10.__PARA__L2-60.__PARA__L3-4.__PIPE__L0-NA.__PIPE__L2-NA": {
    "perf": 0.0,
    "point": {
      "__PIPE__L0": "",
      "__PARA__L0": 32,
      "__PARA__L1": 10,
      "__PIPE__L2": "",
      "__PARA__L2": 60,
      "__PARA__L3": 4
    },
    "res_util": {
      "util-URAM": 0,
      "util-BRAM": 0,
      "util-DSP": 0,
      "util-LUT": 0,
      "util-FF": 0,
      "total-URAM": 0,
      "total-BRAM": 0,
      "total-DSP": 0,
      "total-LUT": 0,
      "total-FF": 0
    },
    "valid": false
  },
  "__PARA__L0-40.__PARA__L1-10.__PARA__L2-60.__PARA__L3-4.__PIPE__L0-NA.__PIPE__L2-NA": {
    "perf": 0.0,
    "point": {
      "__PIPE__L0": "",
      "__PARA__L0": 40,
      "__PARA__L1": 10,
      "__PIPE__L2": "",
      "__PARA__L2": 60,
      "__PARA__L3": 4
    },
    "res_util": {
      "util-URAM": 0,
      "util-BRAM": 0,
      "util-DSP": 0,
      "util-LUT": 0,
      "util-FF": 0,
      "total-URAM": 0,
      "total-BRAM": 0,
      "total-DSP": 0,
      "total-LUT": 0,
      "total-FF": 0
    },
    "valid": false
  },
  "__PARA__L0-64.__PARA__L1-10.__PARA__L2-60.__PARA__L3-4.__PIPE__L0-NA.__PIPE__L2-NA": {
    "perf": 0.0,
    "point": {
      "__PIPE__L0": "",
      "__PARA__L0": 64,
      "__PARA__L1": 10,
      "__PIPE__L2": "",
      "__PARA__L2": 60,
      "__PARA__L3": 4
    },
    "res_util": {
      "util-URAM": 0,
      "util-BRAM": 0,
      "util-DSP": 0,
      "util-LUT": 0,
      "util-FF": 0,
      "total-URAM": 0,
      "total-BRAM": 0,
      "total-DSP": 0,
      "total-LUT": 0,
      "total-FF": 0
    },
    "valid": false
  },
  "__PARA__L0-80.__PARA__L1-10.__PARA__L2-60.__PARA__L3-4.__PIPE__L0-NA.__PIPE__L2-NA": {
    "perf": 0.0,
    "point": {
      "__PIPE__L0": "",
      "__PARA__L0": 80,
      "__PARA__L1": 10,
      "__PIPE__L2": "",
      "__PARA__L2": 60,
      "__PARA__L3": 4
    },
    "res_util": {
      "util-URAM": 0,
      "util-BRAM": 0,
      "util-DSP": 0,
      "util-LUT": 0,
      "util-FF": 0,
      "total-URAM": 0,
      "total-BRAM": 0,
      "total-DSP": 0,
      "total-LUT": 0,
      "total-FF": 0
    },
    "valid": false
  },
  "__PARA__L0-1.__PARA__L1-10.__PARA__L2-60.__PARA__L3-4.__PIPE__L0-off.__PIPE__L2-NA": {
    "perf": 0.0,
    "point": {
      "__PIPE__L0": "off",
      "__PARA__L0": 1,
      "__PARA__L1": 10,
      "__PIPE__L2": "",
      "__PARA__L2": 60,
      "__PARA__L3": 4
    },
    "res_util": {
      "util-URAM": 0,
      "util-BRAM": 0,
      "util-DSP": 0,
      "util-LUT": 0,
      "util-FF": 0,
      "total-URAM": 0,
      "total-BRAM": 0,
      "total-DSP": 0,
      "total-LUT": 0,
      "total-FF": 0
    },
    "valid": false
  },
  "__PARA__L0-1.__PARA__L1-10.__PARA__L2-60.__PARA__L3-4.__PIPE__L0-   .__PIPE__L2-NA": {
    "perf": 0.0,
    "point": {
      "__PIPE__L0": "   ",
      "__PARA__L0": 1,
      "__PARA__L1": 10,
      "__PIPE__L2": "",
      "__PARA__L2": 60,
      "__PARA__L3": 4
    },
    "res_util": {
      "util-URAM": 0,
      "util-BRAM": 0,
      "util-DSP": 0,
      "util-LUT": 0,
      "util-FF": 0,
      "total-URAM": 0,
      "total-BRAM": 0,
      "total-DSP": 0,
      "total-LUT": 0,
      "total-FF": 0
    },
    "valid": false
  },
  "__PARA__L0-2.__PARA__L1-8.__PARA__L2-60.__PARA__L3-4.__PIPE__L0-NA.__PIPE__L2-NA": {
    "perf": 0.0,
    "point": {
      "__PIPE__L0": "",
      "__PARA__L0": 2,
      "__PARA__L1": 8,
      "__PIPE__L2": "",
      "__PARA__L2": 60,
      "__PARA__L3": 4
    },
    "res_util": {
      "util-URAM": 0,
      "util-BRAM": 0,
      "util-DSP": 0,
      "util-LUT": 0,
      "util-FF": 0,
      "total-URAM": 0,
      "total-BRAM": 0,
      "total-DSP": 0,
      "total-LUT": 0,
      "total-FF": 0
    },
    "valid": false
  },
  "__PARA__L0-4.__PARA__L1-8.__PARA__L2-60.__PARA__L3-4.__PIPE__L0-NA.__PIPE__L2-NA": {
    "perf": 0.0,
    "point": {
      "__PIPE__L0": "",
      "__PARA__L0": 4,
      "__PARA__L1": 8,
      "__PIPE__L2": "",
      "__PARA__L2": 60,
      "__PARA__L3": 4
    },
    "res_util": {
      "util-URAM": 0,
      "util-BRAM": 0,
      "util-DSP": 0,
      "util-LUT": 0,
      "util-FF": 0,
      "total-URAM": 0,
      "total-BRAM": 0,
      "total-DSP": 0,
      "total-LUT": 0,
      "total-FF": 0
    },
    "valid": false
  },
  "__PARA__L0-5.__PARA__L1-8.__PARA__L2-60.__PARA__L3-4.__PIPE__L0-NA.__PIPE__L2-NA": {
    "perf": 0.0,
    "point": {
      "__PIPE__L0": "",
      "__PARA__L0": 5,
      "__PARA__L1": 8,
      "__PIPE__L2": "",
      "__PARA__L2": 60,
      "__PARA__L3": 4
    },
    "res_util": {
      "util-URAM": 0,
      "util-BRAM": 0,
      "util-DSP": 0,
      "util-LUT": 0,
      "util-FF": 0,
      "total-URAM": 0,
      "total-BRAM": 0,
      "total-DSP": 0,
      "total-LUT": 0,
      "total-FF": 0
    },
    "valid": false
  },
  "__PARA__L0-8.__PARA__L1-8.__PARA__L2-60.__PARA__L3-4.__PIPE__L0-NA.__PIPE__L2-NA": {
    "perf": 0.0,
    "point": {
      "__PIPE__L0": "",
      "__PARA__L0": 8,
      "__PARA__L1": 8,
      "__PIPE__L2": "",
      "__PARA__L2": 60,
      "__PARA__L3": 4
    },
    "res_util": {
      "util-URAM": 0,
      "util-BRAM": 0,
      "util-DSP": 0,
      "util-LUT": 0,
      "util-FF": 0,
      "total-URAM": 0,
      "total-BRAM": 0,
      "total-DSP": 0,
      "total-LUT": 0,
      "total-FF": 0
    },
    "valid": false
  }
}