{
  "__PARA__L0-1.__PARA__L1-1.__PARA__L2-1.__PIPE__L0-NA.__PIPE__L1-NA": {
    "perf": 4401729.0,
    "point": {
      "__PIPE__L0": "",
      "__PARA__L0": 1,
      "__PIPE__L1": "",
      "__PARA__L1": 1,
      "__PARA__L2": 1
    },
    "res_util": {
      "util-URAM": 0.001388888888888889,
      "util-BRAM": 0.009876543209876543,
      "util-DSP": 0.0021442495126705653,
      "util-LUT": 0.0018789191139982858,
      "util-FF": 0.0009755492398610548,
      "total-URAM": 1,
      "total-BRAM": 32,
      "total-DSP": 11,
      "total-LUT": 1666,
      "total-FF": 1730
    },
    "valid": true
  },
  "__PARA__L0-1.__PARA__L1-1.__PARA__L2-2.__PIPE__L0-NA.__PIPE__L1-NA": {
    "perf": 4401729.0,
    "point": {
      "__PIPE__L0": "",
      "__PARA__L0": 1,
      "__PIPE__L1": "",
      "__PARA__L1": 1,
      "__PARA__L2": 2
    },
    "res_util": {
      "util-URAM": 0.001388888888888889,
      "util-BRAM": 0.019753086419753086,
      "util-DSP": 0.0021442495126705653,
      "util-LUT": 0.002139441512157712,
      "util-FF": 0.0010279920602697704,
      "total-URAM": 1,
      "total-BRAM": 64,
      "total-DSP": 11,
      "total-LUT": 1897,
      "total-FF": 1823
    },
    "valid": true
  },
  "__PARA__L0-1.__PARA__L1-1.__PARA__L2-3.__PIPE__L0-NA.__PIPE__L1-NA": {
    "perf": 4401729.0,
    "point": {
      "__PIPE__L0": "",
      "__PARA__L0": 1,
      "__PIPE__L1": "",
      "__PARA__L1": 1,
      "__PARA__L2": 3
    },
    "res_util": {
      "util-URAM": 0.001388888888888889,
      "util-BRAM": 0.019753086419753086,
      "util-DSP": 0.0021442495126705653,
      "util-LUT": 0.002352596201560879,
      "util-FF": 0.001093968511751703,
      "total-URAM": 1,
      "total-BRAM": 64,
      "total-DSP": 11,
      "total-LUT": 2086,
      "total-FF": 1940
    },
    "valid": true
  },
  "__PARA__L0-1.__PARA__L1-1.__PARA__L2-4.__PIPE__L0-NA.__PIPE__L1-NA": {
    "perf": 4401729.0,
    "point": {
      "__PIPE__L0": "",
      "__PARA__L0": 1,
      "__PIPE__L1": "",
      "__PARA__L1": 1,
      "__PARA__L2": 4
    },
    "res_util": {
      "util-URAM": 0.001388888888888889,
      "util-BRAM": 0.019753086419753086,
      "util-DSP": 0.0021442495126705653,
      "util-LUT": 0.0025116163666711777,
      "util-FF": 0.0011402084179185275,
      "total-URAM": 1,
      "total-BRAM": 64,
      "total-DSP": 11,
      "total-LUT": 2227,
      "total-FF": 2022
    },
    "valid": true
  },
  "__PARA__L0-1.__PARA__L1-1.__PARA__L2-5.__PIPE__L0-NA.__PIPE__L1-NA": {
    "perf": 4401729.0,
    "point": {
      "__PIPE__L0": "",
      "__PARA__L0": 1,
      "__PIPE__L1": "",
      "__PARA__L1": 1,
      "__PARA__L2": 5
    },
    "res_util": {
      "util-URAM": 0.001388888888888889,
      "util-BRAM": 0.019753086419753086,
      "util-DSP": 0.0021442495126705653,
      "util-LUT": 0.002782288988135517,
      "util-FF": 0.001216335092705373,
      "total-URAM": 1,
      "total-BRAM": 64,
      "total-DSP": 11,
      "total-LUT": 2467,
      "total-FF": 2157
    },
    "valid": true
  },
  "__PARA__L0-1.__PARA__L1-1.__PARA__L2-6.__PIPE__L0-NA.__PIPE__L1-NA": {
    "perf": 4401729.0,
    "point": {
      "__PIPE__L0": "",
      "__PARA__L0": 1,
      "__PIPE__L1": "",
      "__PARA__L1": 1,
      "__PARA__L2": 6
    },
    "res_util": {
      "util-URAM": 0.001388888888888889,
      "util-BRAM": 0.019753086419753086,
      "util-DSP": 0.0021442495126705653,
      "util-LUT": 0.003002210493075292,
      "util-FF": 0.0012687779131140885,
      "total-URAM": 1,
      "total-BRAM": 64,
      "total-DSP": 11,
      "total-LUT": 2662,
      "total-FF": 2250
    },
    "valid": true
  },
  "__PARA__L0-1.__PARA__L1-1.__PARA__L2-8.__PIPE__L0-NA.__PIPE__L1-NA": {
    "perf": 4689729.0,
    "point": {
      "__PIPE__L0": "",
      "__PARA__L0": 1,
      "__PIPE__L1": "",
      "__PARA__L1": 1,
      "__PARA__L2": 8
    },
    "res_util": {
      "util-URAM": 0.001388888888888889,
      "util-BRAM": 0.019753086419753086,
      "util-DSP": 0.0021442495126705653,
      "util-LUT": 0.0034443091081337125,
      "util-FF": 0.001390580592773041,
      "total-URAM": 1,
      "total-BRAM": 64,
      "total-DSP": 11,
      "total-LUT": 3054,
      "total-FF": 2466
    },
    "valid": true
  },
  "__PARA__L0-1.__PARA__L1-1.__PARA__L2-10.__PIPE__L0-NA.__PIPE__L1-NA": {
    "perf": 4401729.0,
    "point": {
      "__PIPE__L0": "",
      "__PARA__L0": 1,
      "__PIPE__L1": "",
      "__PARA__L1": 1,
      "__PARA__L2": 10
    },
    "res_util": {
      "util-URAM": 0.001388888888888889,
      "util-BRAM": 0.019753086419753086,
      "util-DSP": 0.0021442495126705653,
      "util-LUT": 0.0038943023413181756,
      "util-FF": 0.0014988496413587766,
      "total-URAM": 1,
      "total-BRAM": 64,
      "total-DSP": 11,
      "total-LUT": 3453,
      "total-FF": 2658
    },
    "valid": true
  },
  "__PARA__L0-1.__PARA__L1-1.__PARA__L2-12.__PIPE__L0-NA.__PIPE__L1-NA": {
    "perf": 4401729.0,
    "point": {
      "__PIPE__L0": "",
      "__PARA__L0": 1,
      "__PIPE__L1": "",
      "__PARA__L1": 1,
      "__PARA__L2": 12
    },
    "res_util": {
      "util-URAM": 0.001388888888888889,
      "util-BRAM": 0.019753086419753086,
      "util-DSP": 0.0021442495126705653,
      "util-LUT": 0.0042935444579780754,
      "util-FF": 0.001603735282176208,
      "total-URAM": 1,
      "total-BRAM": 64,
      "total-DSP": 11,
      "total-LUT": 3807,
      "total-FF": 2844
    },
    "valid": true
  },
  "__PARA__L0-1.__PARA__L1-1.__PARA__L2-15.__PIPE__L0-NA.__PIPE__L1-NA": {
    "perf": 4401729.0,
    "point": {
      "__PIPE__L0": "",
      "__PARA__L0": 1,
      "__PIPE__L1": "",
      "__PARA__L1": 1,
      "__PARA__L2": 15
    },
    "res_util": {
      "util-URAM": 0.001388888888888889,
      "util-BRAM": 0.019753086419753086,
      "util-DSP": 0.0021442495126705653,
      "util-LUT": 0.004976992827175532,
      "util-FF": 0.0017565525330446158,
      "total-URAM": 1,
      "total-BRAM": 64,
      "total-DSP": 11,
      "total-LUT": 4413,
      "total-FF": 3115
    },
    "valid": true
  },
  "__PARA__L0-1.__PARA__L1-1.__PARA__L2-16.__PIPE__L0-NA.__PIPE__L1-NA": {
    "perf": 4689729.0,
    "point": {
      "__PIPE__L0": "",
      "__PARA__L0": 1,
      "__PIPE__L1": "",
      "__PARA__L1": 1,
      "__PARA__L2": 16
    },
    "res_util": {
      "util-URAM": 0.001388888888888889,
      "util-BRAM": 0.019753086419753086,
      "util-DSP": 0.0021442495126705653,
      "util-LUT": 0.0050051878919114,
      "util-FF": 0.001802228537916723,
      "total-URAM": 1,
      "total-BRAM": 64,
      "total-DSP": 11,
      "total-LUT": 4438,
      "total-FF": 3196
    },
    "valid": true
  },
  "__PARA__L0-1.__PARA__L1-1.__PARA__L2-20.__PIPE__L0-NA.__PIPE__L1-NA": {
    "perf": 4392129.0,
    "point": {
      "__PIPE__L0": "",
      "__PARA__L0": 1,
      "__PIPE__L1": "",
      "__PARA__L1": 1,
      "__PARA__L2": 20
    },
    "res_util": {
      "util-URAM": 0.001388888888888889,
      "util-BRAM": 0.009876543209876543,
      "util-DSP": 0.0021442495126705653,
      "util-LUT": 0.005880362701312762,
      "util-FF": 0.002083615283980692,
      "total-URAM": 1,
      "total-BRAM": 32,
      "total-DSP": 11,
      "total-LUT": 5214,
      "total-FF": 3695
    },
    "valid": true
  },
  "__PARA__L0-1.__PARA__L1-1.__PARA__L2-30.__PIPE__L0-NA.__PIPE__L1-NA": {
    "perf": 4392129.0,
    "point": {
      "__PIPE__L0": "",
      "__PARA__L0": 1,
      "__PIPE__L1": "",
      "__PARA__L1": 1,
      "__PARA__L2": 30
    },
    "res_util": {
      "util-URAM": 0.001388888888888889,
      "util-BRAM": 0.009876543209876543,
      "util-DSP": 0.0021442495126705653,
      "util-LUT": 0.00799273695132404,
      "util-FF": 0.0026672531240131726,
      "total-URAM": 1,
      "total-BRAM": 32,
      "total-DSP": 11,
      "total-LUT": 7087,
      "total-FF": 4730
    },
    "valid": true
  },
  "__PARA__L0-1.__PARA__L1-1.__PARA__L2-32.__PIPE__L0-NA.__PIPE__L1-NA": {
    "perf": 4680129.0,
    "point": {
      "__PIPE__L0": "",
      "__PARA__L0": 1,
      "__PIPE__L1": "",
      "__PARA__L1": 1,
      "__PARA__L2": 32
    },
    "res_util": {
      "util-URAM": 0.001388888888888889,
      "util-BRAM": 0.009876543209876543,
      "util-DSP": 0.0021442495126705653,
      "util-LUT": 0.007909279559705868,
      "util-FF": 0.0028488293409121668,
      "total-URAM": 1,
      "total-BRAM": 32,
      "total-DSP": 11,
      "total-LUT": 7013,
      "total-FF": 5052
    },
    "valid": true
  },
  "__PARA__L0-1.__PARA__L1-1.__PARA__L2-60.__PIPE__L0-NA.__PIPE__L1-NA": {
    "perf": 442489.0,
    "point": {
      "__PIPE__L0": "",
      "__PARA__L0": 1,
      "__PIPE__L1": "",
      "__PARA__L1": 1,
      "__PARA__L2": 60
    },
    "res_util": {
      "util-URAM": 0.001388888888888889,
      "util-BRAM": 0.019753086419753086,
      "util-DSP": 0.0021442495126705653,
      "util-LUT": 0.01038818965128344,
      "util-FF": 0.007763793025668787,
      "total-URAM": 1,
      "total-BRAM": 64,
      "total-DSP": 11,
      "total-LUT": 9211,
      "total-FF": 13768
    },
    "valid": true
  },
  "__PARA__L0-1.__PARA__L1-2.__PARA__L2-60.__PIPE__L0-NA.__PIPE__L1-NA": {
    "perf": 0.0,
    "point": {
      "__PIPE__L0": "",
      "__PARA__L0": 1,
      "__PIPE__L1": "",
      "__PARA__L1": 2,
      "__PARA__L2": 60
    },
    "res_util": {
      "util-URAM": 0,
      "util-BRAM": 0,
      "util-DSP": 0,
      "util-LUT": 0,
      "util-FF": 0,
      "total-URAM": 0,
      "total-BRAM": 0,
      "total-DSP": 0,
      "total-LUT": 0,
      "total-FF": 0
    },
    "valid": false
  },
  "__PARA__L0-1.__PARA__L1-4.__PARA__L2-60.__PIPE__L0-NA.__PIPE__L1-NA": {
    "perf": 0.0,
    "point": {
      "__PIPE__L0": "",
      "__PARA__L0": 1,
      "__PIPE__L1": "",
      "__PARA__L1": 4,
      "__PARA__L2": 60
    },
    "res_util": {
      "util-URAM": 0,
      "util-BRAM": 0,
      "util-DSP": 0,
      "util-LUT": 0,
      "util-FF": 0,
      "total-URAM": 0,
      "total-BRAM": 0,
      "total-DSP": 0,
      "total-LUT": 0,
      "total-FF": 0
    },
    "valid": false
  },
  "__PARA__L0-1.__PARA__L1-5.__PARA__L2-60.__PIPE__L0-NA.__PIPE__L1-NA": {
    "perf": 0.0,
    "point": {
      "__PIPE__L0": "",
      "__PARA__L0": 1,
      "__PIPE__L1": "",
      "__PARA__L1": 5,
      "__PARA__L2": 60
    },
    "res_util": {
      "util-URAM": 0,
      "util-BRAM": 0,
      "util-DSP": 0,
      "util-LUT": 0,
      "util-FF": 0,
      "total-URAM": 0,
      "total-BRAM": 0,
      "total-DSP": 0,
      "total-LUT": 0,
      "total-FF": 0
    },
    "valid": false
  },
  "__PARA__L0-1.__PARA__L1-8.__PARA__L2-60.__PIPE__L0-NA.__PIPE__L1-NA": {
    "perf": 0.0,
    "point": {
      "__PIPE__L0": "",
      "__PARA__L0": 1,
      "__PIPE__L1": "",
      "__PARA__L1": 8,
      "__PARA__L2": 60
    },
    "res_util": {
      "util-URAM": 0,
      "util-BRAM": 0,
      "util-DSP": 0,
      "util-LUT": 0,
      "util-FF": 0,
      "total-URAM": 0,
      "total-BRAM": 0,
      "total-DSP": 0,
      "total-LUT": 0,
      "total-FF": 0
    },
    "valid": false
  },
  "__PARA__L0-1.__PARA__L1-10.__PARA__L2-60.__PIPE__L0-NA.__PIPE__L1-NA": {
    "perf": 0.0,
    "point": {
      "__PIPE__L0": "",
      "__PARA__L0": 1,
      "__PIPE__L1": "",
      "__PARA__L1": 10,
      "__PARA__L2": 60
    },
    "res_util": {
      "util-URAM": 0,
      "util-BRAM": 0,
      "util-DSP": 0,
      "util-LUT": 0,
      "util-FF": 0,
      "total-URAM": 0,
      "total-BRAM": 0,
      "total-DSP": 0,
      "total-LUT": 0,
      "total-FF": 0
    },
    "valid": false
  },
  "__PARA__L0-1.__PARA__L1-16.__PARA__L2-60.__PIPE__L0-NA.__PIPE__L1-NA": {
    "perf": 0.0,
    "point": {
      "__PIPE__L0": "",
      "__PARA__L0": 1,
      "__PIPE__L1": "",
      "__PARA__L1": 16,
      "__PARA__L2": 60
    },
    "res_util": {
      "util-URAM": 0,
      "util-BRAM": 0,
      "util-DSP": 0,
      "util-LUT": 0,
      "util-FF": 0,
      "total-URAM": 0,
      "total-BRAM": 0,
      "total-DSP": 0,
      "total-LUT": 0,
      "total-FF": 0
    },
    "valid": false
  },
  "__PARA__L0-1.__PARA__L1-20.__PARA__L2-60.__PIPE__L0-NA.__PIPE__L1-NA": {
    "perf": 0.0,
    "point": {
      "__PIPE__L0": "",
      "__PARA__L0": 1,
      "__PIPE__L1": "",
      "__PARA__L1": 20,
      "__PARA__L2": 60
    },
    "res_util": {
      "util-URAM": 0,
      "util-BRAM": 0,
      "util-DSP": 0,
      "util-LUT": 0,
      "util-FF": 0,
      "total-URAM": 0,
      "total-BRAM": 0,
      "total-DSP": 0,
      "total-LUT": 0,
      "total-FF": 0
    },
    "valid": false
  },
  "__PARA__L0-1.__PARA__L1-32.__PARA__L2-60.__PIPE__L0-NA.__PIPE__L1-NA": {
    "perf": 0.0,
    "point": {
      "__PIPE__L0": "",
      "__PARA__L0": 1,
      "__PIPE__L1": "",
      "__PARA__L1": 32,
      "__PARA__L2": 60
    },
    "res_util": {
      "util-URAM": 0,
      "util-BRAM": 0,
      "util-DSP": 0,
      "util-LUT": 0,
      "util-FF": 0,
      "total-URAM": 0,
      "total-BRAM": 0,
      "total-DSP": 0,
      "total-LUT": 0,
      "total-FF": 0
    },
    "valid": false
  },
  "__PARA__L0-1.__PARA__L1-40.__PARA__L2-60.__PIPE__L0-NA.__PIPE__L1-NA": {
    "perf": 0.0,
    "point": {
      "__PIPE__L0": "",
      "__PARA__L0": 1,
      "__PIPE__L1": "",
      "__PARA__L1": 40,
      "__PARA__L2": 60
    },
    "res_util": {
      "util-URAM": 0,
      "util-BRAM": 0,
      "util-DSP": 0,
      "util-LUT": 0,
      "util-FF": 0,
      "total-URAM": 0,
      "total-BRAM": 0,
      "total-DSP": 0,
      "total-LUT": 0,
      "total-FF": 0
    },
    "valid": false
  },
  "__PARA__L0-1.__PARA__L1-64.__PARA__L2-60.__PIPE__L0-NA.__PIPE__L1-NA": {
    "perf": 0.0,
    "point": {
      "__PIPE__L0": "",
      "__PARA__L0": 1,
      "__PIPE__L1": "",
      "__PARA__L1": 64,
      "__PARA__L2": 60
    },
    "res_util": {
      "util-URAM": 0,
      "util-BRAM": 0,
      "util-DSP": 0,
      "util-LUT": 0,
      "util-FF": 0,
      "total-URAM": 0,
      "total-BRAM": 0,
      "total-DSP": 0,
      "total-LUT": 0,
      "total-FF": 0
    },
    "valid": false
  },
  "__PARA__L0-1.__PARA__L1-80.__PARA__L2-60.__PIPE__L0-NA.__PIPE__L1-NA": {
    "perf": 0.0,
    "point": {
      "__PIPE__L0": "",
      "__PARA__L0": 1,
      "__PIPE__L1": "",
      "__PARA__L1": 80,
      "__PARA__L2": 60
    },
    "res_util": {
      "util-URAM": 0,
      "util-BRAM": 0,
      "util-DSP": 0,
      "util-LUT": 0,
      "util-FF": 0,
      "total-URAM": 0,
      "total-BRAM": 0,
      "total-DSP": 0,
      "total-LUT": 0,
      "total-FF": 0
    },
    "valid": false
  },
  "__PARA__L0-1.__PARA__L1-1.__PARA__L2-60.__PIPE__L0-NA.__PIPE__L1-off": {
    "perf": 442489.0,
    "point": {
      "__PIPE__L0": "",
      "__PARA__L0": 1,
      "__PIPE__L1": "off",
      "__PARA__L1": 1,
      "__PARA__L2": 60
    },
    "res_util": {
      "util-URAM": 0.001388888888888889,
      "util-BRAM": 0.019753086419753086,
      "util-DSP": 0.0021442495126705653,
      "util-LUT": 0.01038818965128344,
      "util-FF": 0.007763793025668787,
      "total-URAM": 1,
      "total-BRAM": 64,
      "total-DSP": 11,
      "total-LUT": 9211,
      "total-FF": 13768
    },
    "valid": true
  },
  "__PARA__L0-1.__PARA__L1-1.__PARA__L2-60.__PIPE__L0-NA.__PIPE__L1-   ": {
    "perf": 442489.0,
    "point": {
      "__PIPE__L0": "",
      "__PARA__L0": 1,
      "__PIPE__L1": "   ",
      "__PARA__L1": 1,
      "__PARA__L2": 60
    },
    "res_util": {
      "util-URAM": 0.001388888888888889,
      "util-BRAM": 0.019753086419753086,
      "util-DSP": 0.0021442495126705653,
      "util-LUT": 0.01038818965128344,
      "util-FF": 0.007763793025668787,
      "total-URAM": 1,
      "total-BRAM": 64,
      "total-DSP": 11,
      "total-LUT": 9211,
      "total-FF": 13768
    },
    "valid": true
  },
  "__PARA__L0-2.__PARA__L1-1.__PARA__L2-60.__PIPE__L0-NA.__PIPE__L1-off": {
    "perf": 0.0,
    "point": {
      "__PIPE__L0": "",
      "__PARA__L0": 2,
      "__PIPE__L1": "off",
      "__PARA__L1": 1,
      "__PARA__L2": 60
    },
    "res_util": {
      "util-URAM": 0,
      "util-BRAM": 0,
      "util-DSP": 0,
      "util-LUT": 0,
      "util-FF": 0,
      "total-URAM": 0,
      "total-BRAM": 0,
      "total-DSP": 0,
      "total-LUT": 0,
      "total-FF": 0
    },
    "valid": false
  },
  "__PARA__L0-3.__PARA__L1-1.__PARA__L2-60.__PIPE__L0-NA.__PIPE__L1-off": {
    "perf": 0.0,
    "point": {
      "__PIPE__L0": "",
      "__PARA__L0": 3,
      "__PIPE__L1": "off",
      "__PARA__L1": 1,
      "__PARA__L2": 60
    },
    "res_util": {
      "util-URAM": 0,
      "util-BRAM": 0,
      "util-DSP": 0,
      "util-LUT": 0,
      "util-FF": 0,
      "total-URAM": 0,
      "total-BRAM": 0,
      "total-DSP": 0,
      "total-LUT": 0,
      "total-FF": 0
    },
    "valid": false
  },
  "__PARA__L0-4.__PARA__L1-1.__PARA__L2-60.__PIPE__L0-NA.__PIPE__L1-off": {
    "perf": 0.0,
    "point": {
      "__PIPE__L0": "",
      "__PARA__L0": 4,
      "__PIPE__L1": "off",
      "__PARA__L1": 1,
      "__PARA__L2": 60
    },
    "res_util": {
      "util-URAM": 0,
      "util-BRAM": 0,
      "util-DSP": 0,
      "util-LUT": 0,
      "util-FF": 0,
      "total-URAM": 0,
      "total-BRAM": 0,
      "total-DSP": 0,
      "total-LUT": 0,
      "total-FF": 0
    },
    "valid": false
  },
  "__PARA__L0-5.__PARA__L1-1.__PARA__L2-60.__PIPE__L0-NA.__PIPE__L1-off": {
    "perf": 0.0,
    "point": {
      "__PIPE__L0": "",
      "__PARA__L0": 5,
      "__PIPE__L1": "off",
      "__PARA__L1": 1,
      "__PARA__L2": 60
    },
    "res_util": {
      "util-URAM": 0,
      "util-BRAM": 0,
      "util-DSP": 0,
      "util-LUT": 0,
      "util-FF": 0,
      "total-URAM": 0,
      "total-BRAM": 0,
      "total-DSP": 0,
      "total-LUT": 0,
      "total-FF": 0
    },
    "valid": false
  },
  "__PARA__L0-6.__PARA__L1-1.__PARA__L2-60.__PIPE__L0-NA.__PIPE__L1-off": {
    "perf": 0.0,
    "point": {
      "__PIPE__L0": "",
      "__PARA__L0": 6,
      "__PIPE__L1": "off",
      "__PARA__L1": 1,
      "__PARA__L2": 60
    },
    "res_util": {
      "util-URAM": 0,
      "util-BRAM": 0,
      "util-DSP": 0,
      "util-LUT": 0,
      "util-FF": 0,
      "total-URAM": 0,
      "total-BRAM": 0,
      "total-DSP": 0,
      "total-LUT": 0,
      "total-FF": 0
    },
    "valid": false
  },
  "__PARA__L0-8.__PARA__L1-1.__PARA__L2-60.__PIPE__L0-NA.__PIPE__L1-off": {
    "perf": 0.0,
    "point": {
      "__PIPE__L0": "",
      "__PARA__L0": 8,
      "__PIPE__L1": "off",
      "__PARA__L1": 1,
      "__PARA__L2": 60
    },
    "res_util": {
      "util-URAM": 0,
      "util-BRAM": 0,
      "util-DSP": 0,
      "util-LUT": 0,
      "util-FF": 0,
      "total-URAM": 0,
      "total-BRAM": 0,
      "total-DSP": 0,
      "total-LUT": 0,
      "total-FF": 0
    },
    "valid": false
  },
  "__PARA__L0-10.__PARA__L1-1.__PARA__L2-60.__PIPE__L0-NA.__PIPE__L1-off": {
    "perf": 0.0,
    "point": {
      "__PIPE__L0": "",
      "__PARA__L0": 10,
      "__PIPE__L1": "off",
      "__PARA__L1": 1,
      "__PARA__L2": 60
    },
    "res_util": {
      "util-URAM": 0,
      "util-BRAM": 0,
      "util-DSP": 0,
      "util-LUT": 0,
      "util-FF": 0,
      "total-URAM": 0,
      "total-BRAM": 0,
      "total-DSP": 0,
      "total-LUT": 0,
      "total-FF": 0
    },
    "valid": false
  },
  "__PARA__L0-12.__PARA__L1-1.__PARA__L2-60.__PIPE__L0-NA.__PIPE__L1-off": {
    "perf": 0.0,
    "point": {
      "__PIPE__L0": "",
      "__PARA__L0": 12,
      "__PIPE__L1": "off",
      "__PARA__L1": 1,
      "__PARA__L2": 60
    },
    "res_util": {
      "util-URAM": 0,
      "util-BRAM": 0,
      "util-DSP": 0,
      "util-LUT": 0,
      "util-FF": 0,
      "total-URAM": 0,
      "total-BRAM": 0,
      "total-DSP": 0,
      "total-LUT": 0,
      "total-FF": 0
    },
    "valid": false
  },
  "__PARA__L0-15.__PARA__L1-1.__PARA__L2-60.__PIPE__L0-NA.__PIPE__L1-off": {
    "perf": 0.0,
    "point": {
      "__PIPE__L0": "",
      "__PARA__L0": 15,
      "__PIPE__L1": "off",
      "__PARA__L1": 1,
      "__PARA__L2": 60
    },
    "res_util": {
      "util-URAM": 0,
      "util-BRAM": 0,
      "util-DSP": 0,
      "util-LUT": 0,
      "util-FF": 0,
      "total-URAM": 0,
      "total-BRAM": 0,
      "total-DSP": 0,
      "total-LUT": 0,
      "total-FF": 0
    },
    "valid": false
  },
  "__PARA__L0-16.__PARA__L1-1.__PARA__L2-60.__PIPE__L0-NA.__PIPE__L1-off": {
    "perf": 0.0,
    "point": {
      "__PIPE__L0": "",
      "__PARA__L0": 16,
      "__PIPE__L1": "off",
      "__PARA__L1": 1,
      "__PARA__L2": 60
    },
    "res_util": {
      "util-URAM": 0,
      "util-BRAM": 0,
      "util-DSP": 0,
      "util-LUT": 0,
      "util-FF": 0,
      "total-URAM": 0,
      "total-BRAM": 0,
      "total-DSP": 0,
      "total-LUT": 0,
      "total-FF": 0
    },
    "valid": false
  },
  "__PARA__L0-20.__PARA__L1-1.__PARA__L2-60.__PIPE__L0-NA.__PIPE__L1-off": {
    "perf": 0.0,
    "point": {
      "__PIPE__L0": "",
      "__PARA__L0": 20,
      "__PIPE__L1": "off",
      "__PARA__L1": 1,
      "__PARA__L2": 60
    },
    "res_util": {
      "util-URAM": 0,
      "util-BRAM": 0,
      "util-DSP": 0,
      "util-LUT": 0,
      "util-FF": 0,
      "total-URAM": 0,
      "total-BRAM": 0,
      "total-DSP": 0,
      "total-LUT": 0,
      "total-FF": 0
    },
    "valid": false
  },
  "__PARA__L0-30.__PARA__L1-1.__PARA__L2-60.__PIPE__L0-NA.__PIPE__L1-off": {
    "perf": 0.0,
    "point": {
      "__PIPE__L0": "",
      "__PARA__L0": 30,
      "__PIPE__L1": "off",
      "__PARA__L1": 1,
      "__PARA__L2": 60
    },
    "res_util": {
      "util-URAM": 0,
      "util-BRAM": 0,
      "util-DSP": 0,
      "util-LUT": 0,
      "util-FF": 0,
      "total-URAM": 0,
      "total-BRAM": 0,
      "total-DSP": 0,
      "total-LUT": 0,
      "total-FF": 0
    },
    "valid": false
  },
  "__PARA__L0-32.__PARA__L1-1.__PARA__L2-60.__PIPE__L0-NA.__PIPE__L1-off": {
    "perf": 0.0,
    "point": {
      "__PIPE__L0": "",
      "__PARA__L0": 32,
      "__PIPE__L1": "off",
      "__PARA__L1": 1,
      "__PARA__L2": 60
    },
    "res_util": {
      "util-URAM": 0,
      "util-BRAM": 0,
      "util-DSP": 0,
      "util-LUT": 0,
      "util-FF": 0,
      "total-URAM": 0,
      "total-BRAM": 0,
      "total-DSP": 0,
      "total-LUT": 0,
      "total-FF": 0
    },
    "valid": false
  },
  "__PARA__L0-60.__PARA__L1-1.__PARA__L2-60.__PIPE__L0-NA.__PIPE__L1-off": {
    "perf": 17679.0,
    "point": {
      "__PIPE__L0": "",
      "__PARA__L0": 60,
      "__PIPE__L1": "off",
      "__PARA__L1": 1,
      "__PARA__L2": 60
    },
    "res_util": {
      "util-URAM": 0.001388888888888889,
      "util-BRAM": 0.037037037037037035,
      "util-DSP": 0.1280701754385965,
      "util-LUT": 0.152557856272838,
      "util-FF": 0.23402749582713042,
      "total-URAM": 1,
      "total-BRAM": 120,
      "total-DSP": 657,
      "total-LUT": 135270,
      "total-FF": 415015
    },
    "valid": true
  },
  "__PARA__L0-60.__PARA__L1-1.__PARA__L2-60.__PIPE__L0-off.__PIPE__L1-off": {
    "perf": 17679.0,
    "point": {
      "__PIPE__L0": "off",
      "__PARA__L0": 60,
      "__PIPE__L1": "off",
      "__PARA__L1": 1,
      "__PARA__L2": 60
    },
    "res_util": {
      "util-URAM": 0.001388888888888889,
      "util-BRAM": 0.037037037037037035,
      "util-DSP": 0.1280701754385965,
      "util-LUT": 0.152557856272838,
      "util-FF": 0.23402749582713042,
      "total-URAM": 1,
      "total-BRAM": 120,
      "total-DSP": 657,
      "total-LUT": 135270,
      "total-FF": 415015
    },
    "valid": true
  },
  "__PARA__L0-60.__PARA__L1-1.__PARA__L2-60.__PIPE__L0-   .__PIPE__L1-off": {
    "perf": 0.0,
    "point": {
      "__PIPE__L0": "   ",
      "__PARA__L0": 60,
      "__PIPE__L1": "off",
      "__PARA__L1": 1,
      "__PARA__L2": 60
    },
    "res_util": {
      "util-URAM": 0,
      "util-BRAM": 0,
      "util-DSP": 0,
      "util-LUT": 0,
      "util-FF": 0,
      "total-URAM": 0,
      "total-BRAM": 0,
      "total-DSP": 0,
      "total-LUT": 0,
      "total-FF": 0
    },
    "valid": false
  },
  "__PARA__L0-1.__PARA__L1-1.__PARA__L2-60.__PIPE__L0-off.__PIPE__L1-off": {
    "perf": 0.0,
    "point": {
      "__PIPE__L0": "off",
      "__PARA__L0": 1,
      "__PIPE__L1": "off",
      "__PARA__L1": 1,
      "__PARA__L2": 60
    },
    "res_util": {
      "util-URAM": 0,
      "util-BRAM": 0,
      "util-DSP": 0,
      "util-LUT": 0,
      "util-FF": 0,
      "total-URAM": 0,
      "total-BRAM": 0,
      "total-DSP": 0,
      "total-LUT": 0,
      "total-FF": 0
    },
    "valid": false
  },
  "__PARA__L0-1.__PARA__L1-1.__PARA__L2-60.__PIPE__L0-   .__PIPE__L1-off": {
    "perf": 0.0,
    "point": {
      "__PIPE__L0": "   ",
      "__PARA__L0": 1,
      "__PIPE__L1": "off",
      "__PARA__L1": 1,
      "__PARA__L2": 60
    },
    "res_util": {
      "util-URAM": 0,
      "util-BRAM": 0,
      "util-DSP": 0,
      "util-LUT": 0,
      "util-FF": 0,
      "total-URAM": 0,
      "total-BRAM": 0,
      "total-DSP": 0,
      "total-LUT": 0,
      "total-FF": 0
    },
    "valid": false
  },
  "__PARA__L0-2.__PARA__L1-1.__PARA__L2-60.__PIPE__L0-NA.__PIPE__L1-   ": {
    "perf": 0.0,
    "point": {
      "__PIPE__L0": "",
      "__PARA__L0": 2,
      "__PIPE__L1": "   ",
      "__PARA__L1": 1,
      "__PARA__L2": 60
    },
    "res_util": {
      "util-URAM": 0,
      "util-BRAM": 0,
      "util-DSP": 0,
      "util-LUT": 0,
      "util-FF": 0,
      "total-URAM": 0,
      "total-BRAM": 0,
      "total-DSP": 0,
      "total-LUT": 0,
      "total-FF": 0
    },
    "valid": false
  },
  "__PARA__L0-3.__PARA__L1-1.__PARA__L2-60.__PIPE__L0-NA.__PIPE__L1-   ": {
    "perf": 0.0,
    "point": {
      "__PIPE__L0": "",
      "__PARA__L0": 3,
      "__PIPE__L1": "   ",
      "__PARA__L1": 1,
      "__PARA__L2": 60
    },
    "res_util": {
      "util-URAM": 0,
      "util-BRAM": 0,
      "util-DSP": 0,
      "util-LUT": 0,
      "util-FF": 0,
      "total-URAM": 0,
      "total-BRAM": 0,
      "total-DSP": 0,
      "total-LUT": 0,
      "total-FF": 0
    },
    "valid": false
  },
  "__PARA__L0-4.__PARA__L1-1.__PARA__L2-60.__PIPE__L0-NA.__PIPE__L1-   ": {
    "perf": 0.0,
    "point": {
      "__PIPE__L0": "",
      "__PARA__L0": 4,
      "__PIPE__L1": "   ",
      "__PARA__L1": 1,
      "__PARA__L2": 60
    },
    "res_util": {
      "util-URAM": 0,
      "util-BRAM": 0,
      "util-DSP": 0,
      "util-LUT": 0,
      "util-FF": 0,
      "total-URAM": 0,
      "total-BRAM": 0,
      "total-DSP": 0,
      "total-LUT": 0,
      "total-FF": 0
    },
    "valid": false
  },
  "__PARA__L0-5.__PARA__L1-1.__PARA__L2-60.__PIPE__L0-NA.__PIPE__L1-   ": {
    "perf": 0.0,
    "point": {
      "__PIPE__L0": "",
      "__PARA__L0": 5,
      "__PIPE__L1": "   ",
      "__PARA__L1": 1,
      "__PARA__L2": 60
    },
    "res_util": {
      "util-URAM": 0,
      "util-BRAM": 0,
      "util-DSP": 0,
      "util-LUT": 0,
      "util-FF": 0,
      "total-URAM": 0,
      "total-BRAM": 0,
      "total-DSP": 0,
      "total-LUT": 0,
      "total-FF": 0
    },
    "valid": false
  },
  "__PARA__L0-6.__PARA__L1-1.__PARA__L2-60.__PIPE__L0-NA.__PIPE__L1-   ": {
    "perf": 0.0,
    "point": {
      "__PIPE__L0": "",
      "__PARA__L0": 6,
      "__PIPE__L1": "   ",
      "__PARA__L1": 1,
      "__PARA__L2": 60
    },
    "res_util": {
      "util-URAM": 0,
      "util-BRAM": 0,
      "util-DSP": 0,
      "util-LUT": 0,
      "util-FF": 0,
      "total-URAM": 0,
      "total-BRAM": 0,
      "total-DSP": 0,
      "total-LUT": 0,
      "total-FF": 0
    },
    "valid": false
  },
  "__PARA__L0-8.__PARA__L1-1.__PARA__L2-60.__PIPE__L0-NA.__PIPE__L1-   ": {
    "perf": 0.0,
    "point": {
      "__PIPE__L0": "",
      "__PARA__L0": 8,
      "__PIPE__L1": "   ",
      "__PARA__L1": 1,
      "__PARA__L2": 60
    },
    "res_util": {
      "util-URAM": 0,
      "util-BRAM": 0,
      "util-DSP": 0,
      "util-LUT": 0,
      "util-FF": 0,
      "total-URAM": 0,
      "total-BRAM": 0,
      "total-DSP": 0,
      "total-LUT": 0,
      "total-FF": 0
    },
    "valid": false
  },
  "__PARA__L0-10.__PARA__L1-1.__PARA__L2-60.__PIPE__L0-NA.__PIPE__L1-   ": {
    "perf": 0.0,
    "point": {
      "__PIPE__L0": "",
      "__PARA__L0": 10,
      "__PIPE__L1": "   ",
      "__PARA__L1": 1,
      "__PARA__L2": 60
    },
    "res_util": {
      "util-URAM": 0,
      "util-BRAM": 0,
      "util-DSP": 0,
      "util-LUT": 0,
      "util-FF": 0,
      "total-URAM": 0,
      "total-BRAM": 0,
      "total-DSP": 0,
      "total-LUT": 0,
      "total-FF": 0
    },
    "valid": false
  },
  "__PARA__L0-12.__PARA__L1-1.__PARA__L2-60.__PIPE__L0-NA.__PIPE__L1-   ": {
    "perf": 0.0,
    "point": {
      "__PIPE__L0": "",
      "__PARA__L0": 12,
      "__PIPE__L1": "   ",
      "__PARA__L1": 1,
      "__PARA__L2": 60
    },
    "res_util": {
      "util-URAM": 0,
      "util-BRAM": 0,
      "util-DSP": 0,
      "util-LUT": 0,
      "util-FF": 0,
      "total-URAM": 0,
      "total-BRAM": 0,
      "total-DSP": 0,
      "total-LUT": 0,
      "total-FF": 0
    },
    "valid": false
  },
  "__PARA__L0-15.__PARA__L1-1.__PARA__L2-60.__PIPE__L0-NA.__PIPE__L1-   ": {
    "perf": 0.0,
    "point": {
      "__PIPE__L0": "",
      "__PARA__L0": 15,
      "__PIPE__L1": "   ",
      "__PARA__L1": 1,
      "__PARA__L2": 60
    },
    "res_util": {
      "util-URAM": 0,
      "util-BRAM": 0,
      "util-DSP": 0,
      "util-LUT": 0,
      "util-FF": 0,
      "total-URAM": 0,
      "total-BRAM": 0,
      "total-DSP": 0,
      "total-LUT": 0,
      "total-FF": 0
    },
    "valid": false
  },
  "__PARA__L0-16.__PARA__L1-1.__PARA__L2-60.__PIPE__L0-NA.__PIPE__L1-   ": {
    "perf": 0.0,
    "point": {
      "__PIPE__L0": "",
      "__PARA__L0": 16,
      "__PIPE__L1": "   ",
      "__PARA__L1": 1,
      "__PARA__L2": 60
    },
    "res_util": {
      "util-URAM": 0,
      "util-BRAM": 0,
      "util-DSP": 0,
      "util-LUT": 0,
      "util-FF": 0,
      "total-URAM": 0,
      "total-BRAM": 0,
      "total-DSP": 0,
      "total-LUT": 0,
      "total-FF": 0
    },
    "valid": false
  },
  "__PARA__L0-20.__PARA__L1-1.__PARA__L2-60.__PIPE__L0-NA.__PIPE__L1-   ": {
    "perf": 0.0,
    "point": {
      "__PIPE__L0": "",
      "__PARA__L0": 20,
      "__PIPE__L1": "   ",
      "__PARA__L1": 1,
      "__PARA__L2": 60
    },
    "res_util": {
      "util-URAM": 0,
      "util-BRAM": 0,
      "util-DSP": 0,
      "util-LUT": 0,
      "util-FF": 0,
      "total-URAM": 0,
      "total-BRAM": 0,
      "total-DSP": 0,
      "total-LUT": 0,
      "total-FF": 0
    },
    "valid": false
  },
  "__PARA__L0-30.__PARA__L1-1.__PARA__L2-60.__PIPE__L0-NA.__PIPE__L1-   ": {
    "perf": 0.0,
    "point": {
      "__PIPE__L0": "",
      "__PARA__L0": 30,
      "__PIPE__L1": "   ",
      "__PARA__L1": 1,
      "__PARA__L2": 60
    },
    "res_util": {
      "util-URAM": 0,
      "util-BRAM": 0,
      "util-DSP": 0,
      "util-LUT": 0,
      "util-FF": 0,
      "total-URAM": 0,
      "total-BRAM": 0,
      "total-DSP": 0,
      "total-LUT": 0,
      "total-FF": 0
    },
    "valid": false
  },
  "__PARA__L0-32.__PARA__L1-1.__PARA__L2-60.__PIPE__L0-NA.__PIPE__L1-   ": {
    "perf": 0.0,
    "point": {
      "__PIPE__L0": "",
      "__PARA__L0": 32,
      "__PIPE__L1": "   ",
      "__PARA__L1": 1,
      "__PARA__L2": 60
    },
    "res_util": {
      "util-URAM": 0,
      "util-BRAM": 0,
      "util-DSP": 0,
      "util-LUT": 0,
      "util-FF": 0,
      "total-URAM": 0,
      "total-BRAM": 0,
      "total-DSP": 0,
      "total-LUT": 0,
      "total-FF": 0
    },
    "valid": false
  },
  "__PARA__L0-60.__PARA__L1-1.__PARA__L2-60.__PIPE__L0-NA.__PIPE__L1-   ": {
    "perf": 17679.0,
    "point": {
      "__PIPE__L0": "",
      "__PARA__L0": 60,
      "__PIPE__L1": "   ",
      "__PARA__L1": 1,
      "__PARA__L2": 60
    },
    "res_util": {
      "util-URAM": 0.001388888888888889,
      "util-BRAM": 0.037037037037037035,
      "util-DSP": 0.1280701754385965,
      "util-LUT": 0.152557856272838,
      "util-FF": 0.23402749582713042,
      "total-URAM": 1,
      "total-BRAM": 120,
      "total-DSP": 657,
      "total-LUT": 135270,
      "total-FF": 415015
    },
    "valid": true
  },
  "__PARA__L0-60.__PARA__L1-1.__PARA__L2-60.__PIPE__L0-off.__PIPE__L1-   ": {
    "perf": 17679.0,
    "point": {
      "__PIPE__L0": "off",
      "__PARA__L0": 60,
      "__PIPE__L1": "   ",
      "__PARA__L1": 1,
      "__PARA__L2": 60
    },
    "res_util": {
      "util-URAM": 0.001388888888888889,
      "util-BRAM": 0.037037037037037035,
      "util-DSP": 0.1280701754385965,
      "util-LUT": 0.152557856272838,
      "util-FF": 0.23402749582713042,
      "total-URAM": 1,
      "total-BRAM": 120,
      "total-DSP": 657,
      "total-LUT": 135270,
      "total-FF": 415015
    },
    "valid": true
  },
  "__PARA__L0-60.__PARA__L1-1.__PARA__L2-60.__PIPE__L0-   .__PIPE__L1-   ": {
    "perf": 0.0,
    "point": {
      "__PIPE__L0": "   ",
      "__PARA__L0": 60,
      "__PIPE__L1": "   ",
      "__PARA__L1": 1,
      "__PARA__L2": 60
    },
    "res_util": {
      "util-URAM": 0,
      "util-BRAM": 0,
      "util-DSP": 0,
      "util-LUT": 0,
      "util-FF": 0,
      "total-URAM": 0,
      "total-BRAM": 0,
      "total-DSP": 0,
      "total-LUT": 0,
      "total-FF": 0
    },
    "valid": false
  },
  "__PARA__L0-1.__PARA__L1-1.__PARA__L2-60.__PIPE__L0-off.__PIPE__L1-   ": {
    "perf": 0.0,
    "point": {
      "__PIPE__L0": "off",
      "__PARA__L0": 1,
      "__PIPE__L1": "   ",
      "__PARA__L1": 1,
      "__PARA__L2": 60
    },
    "res_util": {
      "util-URAM": 0,
      "util-BRAM": 0,
      "util-DSP": 0,
      "util-LUT": 0,
      "util-FF": 0,
      "total-URAM": 0,
      "total-BRAM": 0,
      "total-DSP": 0,
      "total-LUT": 0,
      "total-FF": 0
    },
    "valid": false
  },
  "__PARA__L0-1.__PARA__L1-1.__PARA__L2-60.__PIPE__L0-   .__PIPE__L1-   ": {
    "perf": 0.0,
    "point": {
      "__PIPE__L0": "   ",
      "__PARA__L0": 1,
      "__PIPE__L1": "   ",
      "__PARA__L1": 1,
      "__PARA__L2": 60
    },
    "res_util": {
      "util-URAM": 0,
      "util-BRAM": 0,
      "util-DSP": 0,
      "util-LUT": 0,
      "util-FF": 0,
      "total-URAM": 0,
      "total-BRAM": 0,
      "total-DSP": 0,
      "total-LUT": 0,
      "total-FF": 0
    },
    "valid": false
  },
  "__PARA__L0-2.__PARA__L1-1.__PARA__L2-20.__PIPE__L0-NA.__PIPE__L1-NA": {
    "perf": 3549699.0,
    "point": {
      "__PIPE__L0": "",
      "__PARA__L0": 2,
      "__PIPE__L1": "",
      "__PARA__L1": 1,
      "__PARA__L2": 20
    },
    "res_util": {
      "util-URAM": 0.001388888888888889,
      "util-BRAM": 0.019753086419753086,
      "util-DSP": 0.0021442495126705653,
      "util-LUT": 0.01029796544412866,
      "util-FF": 0.004312717101998466,
      "total-URAM": 1,
      "total-BRAM": 64,
      "total-DSP": 11,
      "total-LUT": 9131,
      "total-FF": 7648
    },
    "valid": true
  },
  "__PARA__L0-3.__PARA__L1-1.__PARA__L2-20.__PIPE__L0-NA.__PIPE__L1-NA": {
    "perf": 4392089.0,
    "point": {
      "__PIPE__L0": "",
      "__PARA__L0": 3,
      "__PIPE__L1": "",
      "__PARA__L1": 1,
      "__PARA__L2": 20
    },
    "res_util": {
      "util-URAM": 0.001388888888888889,
      "util-BRAM": 0.009876543209876543,
      "util-DSP": 0.0021442495126705653,
      "util-LUT": 0.014923083863400551,
      "util-FF": 0.004780191275319168,
      "total-URAM": 1,
      "total-BRAM": 32,
      "total-DSP": 11,
      "total-LUT": 13232,
      "total-FF": 8477
    },
    "valid": true
  },
  "__PARA__L0-4.__PARA__L1-1.__PARA__L2-20.__PIPE__L0-NA.__PIPE__L1-NA": {
    "perf": 3123684.0,
    "point": {
      "__PIPE__L0": "",
      "__PARA__L0": 4,
      "__PIPE__L1": "",
      "__PARA__L1": 1,
      "__PARA__L2": 20
    },
    "res_util": {
      "util-URAM": 0.001388888888888889,
      "util-BRAM": 0.019753086419753086,
      "util-DSP": 0.0021442495126705653,
      "util-LUT": 0.018532052149591735,
      "util-FF": 0.008611900572923716,
      "total-URAM": 1,
      "total-BRAM": 64,
      "total-DSP": 11,
      "total-LUT": 16432,
      "total-FF": 15272
    },
    "valid": true
  },
  "__PARA__L0-5.__PARA__L1-1.__PARA__L2-20.__PIPE__L0-NA.__PIPE__L1-NA": {
    "perf": 3038481.0,
    "point": {
      "__PIPE__L0": "",
      "__PARA__L0": 5,
      "__PIPE__L1": "",
      "__PARA__L1": 1,
      "__PARA__L2": 20
    },
    "res_util": {
      "util-URAM": 0.001388888888888889,
      "util-BRAM": 0.019753086419753086,
      "util-DSP": 0.0021442495126705653,
      "util-LUT": 0.022694771507195382,
      "util-FF": 0.010817882437858077,
      "total-URAM": 1,
      "total-BRAM": 64,
      "total-DSP": 11,
      "total-LUT": 20123,
      "total-FF": 19184
    },
    "valid": true
  },
  "__PARA__L0-6.__PARA__L1-1.__PARA__L2-20.__PIPE__L0-NA.__PIPE__L1-NA": {
    "perf": 3539279.0,
    "point": {
      "__PIPE__L0": "",
      "__PARA__L0": 6,
      "__PIPE__L1": "",
      "__PARA__L1": 1,
      "__PARA__L2": 20
    },
    "res_util": {
      "util-URAM": 0.001388888888888889,
      "util-BRAM": 0.019753086419753086,
      "util-DSP": 0.0021442495126705653,
      "util-LUT": 0.02810145712094555,
      "util-FF": 0.01143140704651058,
      "total-URAM": 1,
      "total-BRAM": 64,
      "total-DSP": 11,
      "total-LUT": 24917,
      "total-FF": 20272
    },
    "valid": true
  },
  "__PARA__L0-8.__PARA__L1-1.__PARA__L2-20.__PIPE__L0-NA.__PIPE__L1-NA": {
    "perf": 3276885.0,
    "point": {
      "__PIPE__L0": "",
      "__PARA__L0": 8,
      "__PIPE__L1": "",
      "__PARA__L1": 1,
      "__PARA__L2": 20
    },
    "res_util": {
      "util-URAM": 0.001388888888888889,
      "util-BRAM": 0.019753086419753086,
      "util-DSP": 0.0021442495126705653,
      "util-LUT": 0.046179004826995086,
      "util-FF": 0.017266093742951235,
      "total-URAM": 1,
      "total-BRAM": 64,
      "total-DSP": 11,
      "total-LUT": 40946,
      "total-FF": 30619
    },
    "valid": true
  },
  "__PARA__L0-10.__PARA__L1-1.__PARA__L2-20.__PIPE__L0-NA.__PIPE__L1-NA": {
    "perf": 2868075.0,
    "point": {
      "__PIPE__L0": "",
      "__PARA__L0": 10,
      "__PIPE__L1": "",
      "__PARA__L1": 1,
      "__PARA__L2": 20
    },
    "res_util": {
      "util-URAM": 0.001388888888888889,
      "util-BRAM": 0.019753086419753086,
      "util-DSP": 0.0021442495126705653,
      "util-LUT": 0.043545585780664954,
      "util-FF": 0.02149253394685794,
      "total-URAM": 1,
      "total-BRAM": 64,
      "total-DSP": 11,
      "total-LUT": 38611,
      "total-FF": 38114
    },
    "valid": true
  },
  "__PARA__L0-12.__PARA__L1-1.__PARA__L2-20.__PIPE__L0-NA.__PIPE__L1-NA": {
    "perf": 3118474.0,
    "point": {
      "__PIPE__L0": "",
      "__PARA__L0": 12,
      "__PIPE__L1": "",
      "__PARA__L1": 1,
      "__PARA__L2": 20
    },
    "res_util": {
      "util-URAM": 0.001388888888888889,
      "util-BRAM": 0.019753086419753086,
      "util-DSP": 0.0021442495126705653,
      "util-LUT": 0.052819506473586866,
      "util-FF": 0.024355460820138043,
      "total-URAM": 1,
      "total-BRAM": 64,
      "total-DSP": 11,
      "total-LUT": 46834,
      "total-FF": 43191
    },
    "valid": true
  },
  "__PARA__L0-15.__PARA__L1-1.__PARA__L2-20.__PIPE__L0-NA.__PIPE__L1-NA": {
    "perf": 2959433.0,
    "point": {
      "__PIPE__L0": "",
      "__PARA__L0": 15,
      "__PIPE__L1": "",
      "__PARA__L1": 1,
      "__PARA__L2": 20
    },
    "res_util": {
      "util-URAM": 0.001388888888888889,
      "util-BRAM": 0.019753086419753086,
      "util-DSP": 0.0021442495126705653,
      "util-LUT": 0.06462083276943204,
      "util-FF": 0.03128862723868814,
      "total-URAM": 1,
      "total-BRAM": 64,
      "total-DSP": 11,
      "total-LUT": 57298,
      "total-FF": 55486
    },
    "valid": true
  },
  "__PARA__L0-16.__PARA__L1-1.__PARA__L2-20.__PIPE__L0-NA.__PIPE__L1-NA": {
    "perf": 3213529.0,
    "point": {
      "__PIPE__L0": "",
      "__PARA__L0": 16,
      "__PIPE__L1": "",
      "__PARA__L1": 1,
      "__PARA__L2": 20
    },
    "res_util": {
      "util-URAM": 0.001388888888888889,
      "util-BRAM": 0.019753086419753086,
      "util-DSP": 0.0021442495126705653,
      "util-LUT": 0.09016781702530789,
      "util-FF": 0.034028623629719854,
      "total-URAM": 1,
      "total-BRAM": 64,
      "total-DSP": 11,
      "total-LUT": 79950,
      "total-FF": 60345
    },
    "valid": true
  },
  "__PARA__L0-20.__PARA__L1-1.__PARA__L2-20.__PIPE__L0-NA.__PIPE__L1-NA": {
    "perf": 2782872.0,
    "point": {
      "__PIPE__L0": "",
      "__PARA__L0": 20,
      "__PIPE__L1": "",
      "__PARA__L1": 1,
      "__PARA__L2": 20
    },
    "res_util": {
      "util-URAM": 0.001388888888888889,
      "util-BRAM": 0.019753086419753086,
      "util-DSP": 0.0021442495126705653,
      "util-LUT": 0.08490436234041593,
      "util-FF": 0.04293262507330717,
      "total-URAM": 1,
      "total-BRAM": 64,
      "total-DSP": 11,
      "total-LUT": 75283,
      "total-FF": 76135
    },
    "valid": true
  },
  "__PARA__L0-30.__PARA__L1-1.__PARA__L2-20.__PIPE__L0-NA.__PIPE__L1-NA": {
    "perf": 2782471.0,
    "point": {
      "__PIPE__L0": "",
      "__PARA__L0": 30,
      "__PIPE__L1": "",
      "__PARA__L1": 1,
      "__PARA__L2": 20
    },
    "res_util": {
      "util-URAM": 0.001388888888888889,
      "util-BRAM": 0.019753086419753086,
      "util-DSP": 0.0021442495126705653,
      "util-LUT": 0.12626088329498805,
      "util-FF": 0.0646033518292958,
      "total-URAM": 1,
      "total-BRAM": 64,
      "total-DSP": 11,
      "total-LUT": 111953,
      "total-FF": 114565
    },
    "valid": true
  },
  "__PARA__L0-32.__PARA__L1-1.__PARA__L2-20.__PIPE__L0-NA.__PIPE__L1-NA": {
    "perf": 3045223.0,
    "point": {
      "__PIPE__L0": "",
      "__PARA__L0": 32,
      "__PIPE__L1": "",
      "__PARA__L1": 1,
      "__PARA__L2": 20
    },
    "res_util": {
      "util-URAM": 0.001388888888888889,
      "util-BRAM": 0.019753086419753086,
      "util-DSP": 0.0021442495126705653,
      "util-LUT": 0.1771586141561781,
      "util-FF": 0.06872603419497451,
      "total-URAM": 1,
      "total-BRAM": 64,
      "total-DSP": 11,
      "total-LUT": 157083,
      "total-FF": 121876
    },
    "valid": true
  },
  "__PARA__L0-60.__PARA__L1-1.__PARA__L2-20.__PIPE__L0-NA.__PIPE__L1-NA": {
    "perf": 1961759.0,
    "point": {
      "__PIPE__L0": "",
      "__PARA__L0": 60,
      "__PIPE__L1": "",
      "__PARA__L1": 1,
      "__PARA__L2": 20
    },
    "res_util": {
      "util-URAM": 0.001388888888888889,
      "util-BRAM": 0.019753086419753086,
      "util-DSP": 0.007017543859649123,
      "util-LUT": 0.19641471556818693,
      "util-FF": 0.10804799927820634,
      "total-URAM": 1,
      "total-BRAM": 64,
      "total-DSP": 36,
      "total-LUT": 174157,
      "total-FF": 191608
    },
    "valid": true
  },
  "__PARA__L0-60.__PARA__L1-2.__PARA__L2-20.__PIPE__L0-NA.__PIPE__L1-NA": {
    "perf": 0.0,
    "point": {
      "__PIPE__L0": "",
      "__PARA__L0": 60,
      "__PIPE__L1": "",
      "__PARA__L1": 2,
      "__PARA__L2": 20
    },
    "res_util": {
      "util-URAM": 0,
      "util-BRAM": 0,
      "util-DSP": 0,
      "util-LUT": 0,
      "util-FF": 0,
      "total-URAM": 0,
      "total-BRAM": 0,
      "total-DSP": 0,
      "total-LUT": 0,
      "total-FF": 0
    },
    "valid": false
  },
  "__PARA__L0-60.__PARA__L1-4.__PARA__L2-20.__PIPE__L0-NA.__PIPE__L1-NA": {
    "perf": 0.0,
    "point": {
      "__PIPE__L0": "",
      "__PARA__L0": 60,
      "__PIPE__L1": "",
      "__PARA__L1": 4,
      "__PARA__L2": 20
    },
    "res_util": {
      "util-URAM": 0,
      "util-BRAM": 0,
      "util-DSP": 0,
      "util-LUT": 0,
      "util-FF": 0,
      "total-URAM": 0,
      "total-BRAM": 0,
      "total-DSP": 0,
      "total-LUT": 0,
      "total-FF": 0
    },
    "valid": false
  },
  "__PARA__L0-60.__PARA__L1-5.__PARA__L2-20.__PIPE__L0-NA.__PIPE__L1-NA": {
    "perf": 0.0,
    "point": {
      "__PIPE__L0": "",
      "__PARA__L0": 60,
      "__PIPE__L1": "",
      "__PARA__L1": 5,
      "__PARA__L2": 20
    },
    "res_util": {
      "util-URAM": 0,
      "util-BRAM": 0,
      "util-DSP": 0,
      "util-LUT": 0,
      "util-FF": 0,
      "total-URAM": 0,
      "total-BRAM": 0,
      "total-DSP": 0,
      "total-LUT": 0,
      "total-FF": 0
    },
    "valid": false
  },
  "__PARA__L0-60.__PARA__L1-8.__PARA__L2-20.__PIPE__L0-NA.__PIPE__L1-NA": {
    "perf": 0.0,
    "point": {
      "__PIPE__L0": "",
      "__PARA__L0": 60,
      "__PIPE__L1": "",
      "__PARA__L1": 8,
      "__PARA__L2": 20
    },
    "res_util": {
      "util-URAM": 0,
      "util-BRAM": 0,
      "util-DSP": 0,
      "util-LUT": 0,
      "util-FF": 0,
      "total-URAM": 0,
      "total-BRAM": 0,
      "total-DSP": 0,
      "total-LUT": 0,
      "total-FF": 0
    },
    "valid": false
  },
  "__PARA__L0-60.__PARA__L1-10.__PARA__L2-20.__PIPE__L0-NA.__PIPE__L1-NA": {
    "perf": 0.0,
    "point": {
      "__PIPE__L0": "",
      "__PARA__L0": 60,
      "__PIPE__L1": "",
      "__PARA__L1": 10,
      "__PARA__L2": 20
    },
    "res_util": {
      "util-URAM": 0,
      "util-BRAM": 0,
      "util-DSP": 0,
      "util-LUT": 0,
      "util-FF": 0,
      "total-URAM": 0,
      "total-BRAM": 0,
      "total-DSP": 0,
      "total-LUT": 0,
      "total-FF": 0
    },
    "valid": false
  },
  "__PARA__L0-60.__PARA__L1-16.__PARA__L2-20.__PIPE__L0-NA.__PIPE__L1-NA": {
    "perf": 0.0,
    "point": {
      "__PIPE__L0": "",
      "__PARA__L0": 60,
      "__PIPE__L1": "",
      "__PARA__L1": 16,
      "__PARA__L2": 20
    },
    "res_util": {
      "util-URAM": 0,
      "util-BRAM": 0,
      "util-DSP": 0,
      "util-LUT": 0,
      "util-FF": 0,
      "total-URAM": 0,
      "total-BRAM": 0,
      "total-DSP": 0,
      "total-LUT": 0,
      "total-FF": 0
    },
    "valid": false
  },
  "__PARA__L0-60.__PARA__L1-20.__PARA__L2-20.__PIPE__L0-NA.__PIPE__L1-NA": {
    "perf": 0.0,
    "point": {
      "__PIPE__L0": "",
      "__PARA__L0": 60,
      "__PIPE__L1": "",
      "__PARA__L1": 20,
      "__PARA__L2": 20
    },
    "res_util": {
      "util-URAM": 0,
      "util-BRAM": 0,
      "util-DSP": 0,
      "util-LUT": 0,
      "util-FF": 0,
      "total-URAM": 0,
      "total-BRAM": 0,
      "total-DSP": 0,
      "total-LUT": 0,
      "total-FF": 0
    },
    "valid": false
  },
  "__PARA__L0-60.__PARA__L1-32.__PARA__L2-20.__PIPE__L0-NA.__PIPE__L1-NA": {
    "perf": 0.0,
    "point": {
      "__PIPE__L0": "",
      "__PARA__L0": 60,
      "__PIPE__L1": "",
      "__PARA__L1": 32,
      "__PARA__L2": 20
    },
    "res_util": {
      "util-URAM": 0,
      "util-BRAM": 0,
      "util-DSP": 0,
      "util-LUT": 0,
      "util-FF": 0,
      "total-URAM": 0,
      "total-BRAM": 0,
      "total-DSP": 0,
      "total-LUT": 0,
      "total-FF": 0
    },
    "valid": false
  },
  "__PARA__L0-60.__PARA__L1-40.__PARA__L2-20.__PIPE__L0-NA.__PIPE__L1-NA": {
    "perf": 0.0,
    "point": {
      "__PIPE__L0": "",
      "__PARA__L0": 60,
      "__PIPE__L1": "",
      "__PARA__L1": 40,
      "__PARA__L2": 20
    },
    "res_util": {
      "util-URAM": 0,
      "util-BRAM": 0,
      "util-DSP": 0,
      "util-LUT": 0,
      "util-FF": 0,
      "total-URAM": 0,
      "total-BRAM": 0,
      "total-DSP": 0,
      "total-LUT": 0,
      "total-FF": 0
    },
    "valid": false
  },
  "__PARA__L0-60.__PARA__L1-64.__PARA__L2-20.__PIPE__L0-NA.__PIPE__L1-NA": {
    "perf": 0.0,
    "point": {
      "__PIPE__L0": "",
      "__PARA__L0": 60,
      "__PIPE__L1": "",
      "__PARA__L1": 64,
      "__PARA__L2": 20
    },
    "res_util": {
      "util-URAM": 0,
      "util-BRAM": 0,
      "util-DSP": 0,
      "util-LUT": 0,
      "util-FF": 0,
      "total-URAM": 0,
      "total-BRAM": 0,
      "total-DSP": 0,
      "total-LUT": 0,
      "total-FF": 0
    },
    "valid": false
  },
  "__PARA__L0-60.__PARA__L1-80.__PARA__L2-20.__PIPE__L0-NA.__PIPE__L1-NA": {
    "perf": 0.0,
    "point": {
      "__PIPE__L0": "",
      "__PARA__L0": 60,
      "__PIPE__L1": "",
      "__PARA__L1": 80,
      "__PARA__L2": 20
    },
    "res_util": {
      "util-URAM": 0,
      "util-BRAM": 0,
      "util-DSP": 0,
      "util-LUT": 0,
      "util-FF": 0,
      "total-URAM": 0,
      "total-BRAM": 0,
      "total-DSP": 0,
      "total-LUT": 0,
      "total-FF": 0
    },
    "valid": false
  },
  "__PARA__L0-60.__PARA__L1-1.__PARA__L2-20.__PIPE__L0-NA.__PIPE__L1-off": {
    "perf": 1961759.0,
    "point": {
      "__PIPE__L0": "",
      "__PARA__L0": 60,
      "__PIPE__L1": "off",
      "__PARA__L1": 1,
      "__PARA__L2": 20
    },
    "res_util": {
      "util-URAM": 0.001388888888888889,
      "util-BRAM": 0.019753086419753086,
      "util-DSP": 0.007017543859649123,
      "util-LUT": 0.19641471556818693,
      "util-FF": 0.10804799927820634,
      "total-URAM": 1,
      "total-BRAM": 64,
      "total-DSP": 36,
      "total-LUT": 174157,
      "total-FF": 191608
    },
    "valid": true
  },
  "__PARA__L0-60.__PARA__L1-1.__PARA__L2-20.__PIPE__L0-NA.__PIPE__L1-   ": {
    "perf": 17679.0,
    "point": {
      "__PIPE__L0": "",
      "__PARA__L0": 60,
      "__PIPE__L1": "   ",
      "__PARA__L1": 1,
      "__PARA__L2": 20
    },
    "res_util": {
      "util-URAM": 0.001388888888888889,
      "util-BRAM": 0.037037037037037035,
      "util-DSP": 0.1280701754385965,
      "util-LUT": 0.152557856272838,
      "util-FF": 0.23402749582713042,
      "total-URAM": 1,
      "total-BRAM": 120,
      "total-DSP": 657,
      "total-LUT": 135270,
      "total-FF": 415015
    },
    "valid": true
  },
  "__PARA__L0-60.__PARA__L1-1.__PARA__L2-20.__PIPE__L0-off.__PIPE__L1-   ": {
    "perf": 17679.0,
    "point": {
      "__PIPE__L0": "off",
      "__PARA__L0": 60,
      "__PIPE__L1": "   ",
      "__PARA__L1": 1,
      "__PARA__L2": 20
    },
    "res_util": {
      "util-URAM": 0.001388888888888889,
      "util-BRAM": 0.037037037037037035,
      "util-DSP": 0.1280701754385965,
      "util-LUT": 0.152557856272838,
      "util-FF": 0.23402749582713042,
      "total-URAM": 1,
      "total-BRAM": 120,
      "total-DSP": 657,
      "total-LUT": 135270,
      "total-FF": 415015
    },
    "valid": true
  },
  "__PARA__L0-60.__PARA__L1-1.__PARA__L2-20.__PIPE__L0-   .__PIPE__L1-   ": {
    "perf": 0.0,
    "point": {
      "__PIPE__L0": "   ",
      "__PARA__L0": 60,
      "__PIPE__L1": "   ",
      "__PARA__L1": 1,
      "__PARA__L2": 20
    },
    "res_util": {
      "util-URAM": 0,
      "util-BRAM": 0,
      "util-DSP": 0,
      "util-LUT": 0,
      "util-FF": 0,
      "total-URAM": 0,
      "total-BRAM": 0,
      "total-DSP": 0,
      "total-LUT": 0,
      "total-FF": 0
    },
    "valid": false
  },
  "__PARA__L0-60.__PARA__L1-1.__PARA__L2-20.__PIPE__L0-off.__PIPE__L1-off": {
    "perf": 1961759.0,
    "point": {
      "__PIPE__L0": "off",
      "__PARA__L0": 60,
      "__PIPE__L1": "off",
      "__PARA__L1": 1,
      "__PARA__L2": 20
    },
    "res_util": {
      "util-URAM": 0.001388888888888889,
      "util-BRAM": 0.019753086419753086,
      "util-DSP": 0.007017543859649123,
      "util-LUT": 0.19641471556818693,
      "util-FF": 0.10804799927820634,
      "total-URAM": 1,
      "total-BRAM": 64,
      "total-DSP": 36,
      "total-LUT": 174157,
      "total-FF": 191608
    },
    "valid": true
  },
  "__PARA__L0-60.__PARA__L1-1.__PARA__L2-20.__PIPE__L0-   .__PIPE__L1-off": {
    "perf": 0.0,
    "point": {
      "__PIPE__L0": "   ",
      "__PARA__L0": 60,
      "__PIPE__L1": "off",
      "__PARA__L1": 1,
      "__PARA__L2": 20
    },
    "res_util": {
      "util-URAM": 0,
      "util-BRAM": 0,
      "util-DSP": 0,
      "util-LUT": 0,
      "util-FF": 0,
      "total-URAM": 0,
      "total-BRAM": 0,
      "total-DSP": 0,
      "total-LUT": 0,
      "total-FF": 0
    },
    "valid": false
  },
  "__PARA__L0-30.__PARA__L1-1.__PARA__L2-20.__PIPE__L0-off.__PIPE__L1-NA": {
    "perf": 2782471.0,
    "point": {
      "__PIPE__L0": "off",
      "__PARA__L0": 30,
      "__PIPE__L1": "",
      "__PARA__L1": 1,
      "__PARA__L2": 20
    },
    "res_util": {
      "util-URAM": 0.001388888888888889,
      "util-BRAM": 0.019753086419753086,
      "util-DSP": 0.0021442495126705653,
      "util-LUT": 0.12626088329498805,
      "util-FF": 0.0646033518292958,
      "total-URAM": 1,
      "total-BRAM": 64,
      "total-DSP": 11,
      "total-LUT": 111953,
      "total-FF": 114565
    },
    "valid": true
  },
  "__PARA__L0-30.__PARA__L1-1.__PARA__L2-20.__PIPE__L0-   .__PIPE__L1-NA": {
    "perf": 0.0,
    "point": {
      "__PIPE__L0": "   ",
      "__PARA__L0": 30,
      "__PIPE__L1": "",
      "__PARA__L1": 1,
      "__PARA__L2": 20
    },
    "res_util": {
      "util-URAM": 0,
      "util-BRAM": 0,
      "util-DSP": 0,
      "util-LUT": 0,
      "util-FF": 0,
      "total-URAM": 0,
      "total-BRAM": 0,
      "total-DSP": 0,
      "total-LUT": 0,
      "total-FF": 0
    },
    "valid": false
  },
  "__PARA__L0-30.__PARA__L1-2.__PARA__L2-20.__PIPE__L0-off.__PIPE__L1-NA": {
    "perf": 0.0,
    "point": {
      "__PIPE__L0": "off",
      "__PARA__L0": 30,
      "__PIPE__L1": "",
      "__PARA__L1": 2,
      "__PARA__L2": 20
    },
    "res_util": {
      "util-URAM": 0,
      "util-BRAM": 0,
      "util-DSP": 0,
      "util-LUT": 0,
      "util-FF": 0,
      "total-URAM": 0,
      "total-BRAM": 0,
      "total-DSP": 0,
      "total-LUT": 0,
      "total-FF": 0
    },
    "valid": false
  },
  "__PARA__L0-30.__PARA__L1-4.__PARA__L2-20.__PIPE__L0-off.__PIPE__L1-NA": {
    "perf": 0.0,
    "point": {
      "__PIPE__L0": "off",
      "__PARA__L0": 30,
      "__PIPE__L1": "",
      "__PARA__L1": 4,
      "__PARA__L2": 20
    },
    "res_util": {
      "util-URAM": 0,
      "util-BRAM": 0,
      "util-DSP": 0,
      "util-LUT": 0,
      "util-FF": 0,
      "total-URAM": 0,
      "total-BRAM": 0,
      "total-DSP": 0,
      "total-LUT": 0,
      "total-FF": 0
    },
    "valid": false
  },
  "__PARA__L0-30.__PARA__L1-5.__PARA__L2-20.__PIPE__L0-off.__PIPE__L1-NA": {
    "perf": 0.0,
    "point": {
      "__PIPE__L0": "off",
      "__PARA__L0": 30,
      "__PIPE__L1": "",
      "__PARA__L1": 5,
      "__PARA__L2": 20
    },
    "res_util": {
      "util-URAM": 0,
      "util-BRAM": 0,
      "util-DSP": 0,
      "util-LUT": 0,
      "util-FF": 0,
      "total-URAM": 0,
      "total-BRAM": 0,
      "total-DSP": 0,
      "total-LUT": 0,
      "total-FF": 0
    },
    "valid": false
  },
  "__PARA__L0-30.__PARA__L1-8.__PARA__L2-20.__PIPE__L0-off.__PIPE__L1-NA": {
    "perf": 0.0,
    "point": {
      "__PIPE__L0": "off",
      "__PARA__L0": 30,
      "__PIPE__L1": "",
      "__PARA__L1": 8,
      "__PARA__L2": 20
    },
    "res_util": {
      "util-URAM": 0,
      "util-BRAM": 0,
      "util-DSP": 0,
      "util-LUT": 0,
      "util-FF": 0,
      "total-URAM": 0,
      "total-BRAM": 0,
      "total-DSP": 0,
      "total-LUT": 0,
      "total-FF": 0
    },
    "valid": false
  },
  "__PARA__L0-30.__PARA__L1-10.__PARA__L2-20.__PIPE__L0-off.__PIPE__L1-NA": {
    "perf": 0.0,
    "point": {
      "__PIPE__L0": "off",
      "__PARA__L0": 30,
      "__PIPE__L1": "",
      "__PARA__L1": 10,
      "__PARA__L2": 20
    },
    "res_util": {
      "util-URAM": 0,
      "util-BRAM": 0,
      "util-DSP": 0,
      "util-LUT": 0,
      "util-FF": 0,
      "total-URAM": 0,
      "total-BRAM": 0,
      "total-DSP": 0,
      "total-LUT": 0,
      "total-FF": 0
    },
    "valid": false
  },
  "__PARA__L0-30.__PARA__L1-16.__PARA__L2-20.__PIPE__L0-off.__PIPE__L1-NA": {
    "perf": 0.0,
    "point": {
      "__PIPE__L0": "off",
      "__PARA__L0": 30,
      "__PIPE__L1": "",
      "__PARA__L1": 16,
      "__PARA__L2": 20
    },
    "res_util": {
      "util-URAM": 0,
      "util-BRAM": 0,
      "util-DSP": 0,
      "util-LUT": 0,
      "util-FF": 0,
      "total-URAM": 0,
      "total-BRAM": 0,
      "total-DSP": 0,
      "total-LUT": 0,
      "total-FF": 0
    },
    "valid": false
  },
  "__PARA__L0-30.__PARA__L1-20.__PARA__L2-20.__PIPE__L0-off.__PIPE__L1-NA": {
    "perf": 0.0,
    "point": {
      "__PIPE__L0": "off",
      "__PARA__L0": 30,
      "__PIPE__L1": "",
      "__PARA__L1": 20,
      "__PARA__L2": 20
    },
    "res_util": {
      "util-URAM": 0,
      "util-BRAM": 0,
      "util-DSP": 0,
      "util-LUT": 0,
      "util-FF": 0,
      "total-URAM": 0,
      "total-BRAM": 0,
      "total-DSP": 0,
      "total-LUT": 0,
      "total-FF": 0
    },
    "valid": false
  },
  "__PARA__L0-30.__PARA__L1-32.__PARA__L2-20.__PIPE__L0-off.__PIPE__L1-NA": {
    "perf": 0.0,
    "point": {
      "__PIPE__L0": "off",
      "__PARA__L0": 30,
      "__PIPE__L1": "",
      "__PARA__L1": 32,
      "__PARA__L2": 20
    },
    "res_util": {
      "util-URAM": 0,
      "util-BRAM": 0,
      "util-DSP": 0,
      "util-LUT": 0,
      "util-FF": 0,
      "total-URAM": 0,
      "total-BRAM": 0,
      "total-DSP": 0,
      "total-LUT": 0,
      "total-FF": 0
    },
    "valid": false
  },
  "__PARA__L0-30.__PARA__L1-40.__PARA__L2-20.__PIPE__L0-off.__PIPE__L1-NA": {
    "perf": 0.0,
    "point": {
      "__PIPE__L0": "off",
      "__PARA__L0": 30,
      "__PIPE__L1": "",
      "__PARA__L1": 40,
      "__PARA__L2": 20
    },
    "res_util": {
      "util-URAM": 0,
      "util-BRAM": 0,
      "util-DSP": 0,
      "util-LUT": 0,
      "util-FF": 0,
      "total-URAM": 0,
      "total-BRAM": 0,
      "total-DSP": 0,
      "total-LUT": 0,
      "total-FF": 0
    },
    "valid": false
  },
  "__PARA__L0-30.__PARA__L1-64.__PARA__L2-20.__PIPE__L0-off.__PIPE__L1-NA": {
    "perf": 0.0,
    "point": {
      "__PIPE__L0": "off",
      "__PARA__L0": 30,
      "__PIPE__L1": "",
      "__PARA__L1": 64,
      "__PARA__L2": 20
    },
    "res_util": {
      "util-URAM": 0,
      "util-BRAM": 0,
      "util-DSP": 0,
      "util-LUT": 0,
      "util-FF": 0,
      "total-URAM": 0,
      "total-BRAM": 0,
      "total-DSP": 0,
      "total-LUT": 0,
      "total-FF": 0
    },
    "valid": false
  },
  "__PARA__L0-30.__PARA__L1-80.__PARA__L2-20.__PIPE__L0-off.__PIPE__L1-NA": {
    "perf": 0.0,
    "point": {
      "__PIPE__L0": "off",
      "__PARA__L0": 30,
      "__PIPE__L1": "",
      "__PARA__L1": 80,
      "__PARA__L2": 20
    },
    "res_util": {
      "util-URAM": 0,
      "util-BRAM": 0,
      "util-DSP": 0,
      "util-LUT": 0,
      "util-FF": 0,
      "total-URAM": 0,
      "total-BRAM": 0,
      "total-DSP": 0,
      "total-LUT": 0,
      "total-FF": 0
    },
    "valid": false
  },
  "__PARA__L0-30.__PARA__L1-1.__PARA__L2-20.__PIPE__L0-off.__PIPE__L1-off": {
    "perf": 2782471.0,
    "point": {
      "__PIPE__L0": "off",
      "__PARA__L0": 30,
      "__PIPE__L1": "off",
      "__PARA__L1": 1,
      "__PARA__L2": 20
    },
    "res_util": {
      "util-URAM": 0.001388888888888889,
      "util-BRAM": 0.019753086419753086,
      "util-DSP": 0.0021442495126705653,
      "util-LUT": 0.12626088329498805,
      "util-FF": 0.0646033518292958,
      "total-URAM": 1,
      "total-BRAM": 64,
      "total-DSP": 11,
      "total-LUT": 111953,
      "total-FF": 114565
    },
    "valid": true
  },
  "__PARA__L0-30.__PARA__L1-1.__PARA__L2-20.__PIPE__L0-off.__PIPE__L1-   ": {
    "perf": 0.0,
    "point": {
      "__PIPE__L0": "off",
      "__PARA__L0": 30,
      "__PIPE__L1": "   ",
      "__PARA__L1": 1,
      "__PARA__L2": 20
    },
    "res_util": {
      "util-URAM": 0,
      "util-BRAM": 0,
      "util-DSP": 0,
      "util-LUT": 0,
      "util-FF": 0,
      "total-URAM": 0,
      "total-BRAM": 0,
      "total-DSP": 0,
      "total-LUT": 0,
      "total-FF": 0
    },
    "valid": false
  },
  "__PARA__L0-20.__PARA__L1-1.__PARA__L2-20.__PIPE__L0-off.__PIPE__L1-NA": {
    "perf": 2782872.0,
    "point": {
      "__PIPE__L0": "off",
      "__PARA__L0": 20,
      "__PIPE__L1": "",
      "__PARA__L1": 1,
      "__PARA__L2": 20
    },
    "res_util": {
      "util-URAM": 0.001388888888888889,
      "util-BRAM": 0.019753086419753086,
      "util-DSP": 0.0021442495126705653,
      "util-LUT": 0.08490436234041593,
      "util-FF": 0.04293262507330717,
      "total-URAM": 1,
      "total-BRAM": 64,
      "total-DSP": 11,
      "total-LUT": 75283,
      "total-FF": 76135
    },
    "valid": true
  },
  "__PARA__L0-20.__PARA__L1-1.__PARA__L2-20.__PIPE__L0-   .__PIPE__L1-NA": {
    "perf": 0.0,
    "point": {
      "__PIPE__L0": "   ",
      "__PARA__L0": 20,
      "__PIPE__L1": "",
      "__PARA__L1": 1,
      "__PARA__L2": 20
    },
    "res_util": {
      "util-URAM": 0,
      "util-BRAM": 0,
      "util-DSP": 0,
      "util-LUT": 0,
      "util-FF": 0,
      "total-URAM": 0,
      "total-BRAM": 0,
      "total-DSP": 0,
      "total-LUT": 0,
      "total-FF": 0
    },
    "valid": false
  },
  "__PARA__L0-20.__PARA__L1-2.__PARA__L2-20.__PIPE__L0-off.__PIPE__L1-NA": {
    "perf": 2780472.0,
    "point": {
      "__PIPE__L0": "off",
      "__PARA__L0": 20,
      "__PIPE__L1": "",
      "__PARA__L1": 2,
      "__PARA__L2": 20
    },
    "res_util": {
      "util-URAM": 0.001388888888888889,
      "util-BRAM": 0.019753086419753086,
      "util-DSP": 0.0021442495126705653,
      "util-LUT": 0.16633509270537286,
      "util-FF": 0.08493086570126765,
      "total-URAM": 1,
      "total-BRAM": 64,
      "total-DSP": 11,
      "total-LUT": 147486,
      "total-FF": 150613
    },
    "valid": true
  },
  "__PARA__L0-20.__PARA__L1-4.__PARA__L2-20.__PIPE__L0-off.__PIPE__L1-NA": {
    "perf": 0.0,
    "point": {
      "__PIPE__L0": "off",
      "__PARA__L0": 20,
      "__PIPE__L1": "",
      "__PARA__L1": 4,
      "__PARA__L2": 20
    },
    "res_util": {
      "util-URAM": 0,
      "util-BRAM": 0,
      "util-DSP": 0,
      "util-LUT": 0,
      "util-FF": 0,
      "total-URAM": 0,
      "total-BRAM": 0,
      "total-DSP": 0,
      "total-LUT": 0,
      "total-FF": 0
    },
    "valid": false
  },
  "__PARA__L0-20.__PARA__L1-5.__PARA__L2-20.__PIPE__L0-off.__PIPE__L1-NA": {
    "perf": 0.0,
    "point": {
      "__PIPE__L0": "off",
      "__PARA__L0": 20,
      "__PIPE__L1": "",
      "__PARA__L1": 5,
      "__PARA__L2": 20
    },
    "res_util": {
      "util-URAM": 0,
      "util-BRAM": 0,
      "util-DSP": 0,
      "util-LUT": 0,
      "util-FF": 0,
      "total-URAM": 0,
      "total-BRAM": 0,
      "total-DSP": 0,
      "total-LUT": 0,
      "total-FF": 0
    },
    "valid": false
  },
  "__PARA__L0-20.__PARA__L1-8.__PARA__L2-20.__PIPE__L0-off.__PIPE__L1-NA": {
    "perf": 0.0,
    "point": {
      "__PIPE__L0": "off",
      "__PARA__L0": 20,
      "__PIPE__L1": "",
      "__PARA__L1": 8,
      "__PARA__L2": 20
    },
    "res_util": {
      "util-URAM": 0,
      "util-BRAM": 0,
      "util-DSP": 0,
      "util-LUT": 0,
      "util-FF": 0,
      "total-URAM": 0,
      "total-BRAM": 0,
      "total-DSP": 0,
      "total-LUT": 0,
      "total-FF": 0
    },
    "valid": false
  },
  "__PARA__L0-20.__PARA__L1-10.__PARA__L2-20.__PIPE__L0-off.__PIPE__L1-NA": {
    "perf": 0.0,
    "point": {
      "__PIPE__L0": "off",
      "__PARA__L0": 20,
      "__PIPE__L1": "",
      "__PARA__L1": 10,
      "__PARA__L2": 20
    },
    "res_util": {
      "util-URAM": 0,
      "util-BRAM": 0,
      "util-DSP": 0,
      "util-LUT": 0,
      "util-FF": 0,
      "total-URAM": 0,
      "total-BRAM": 0,
      "total-DSP": 0,
      "total-LUT": 0,
      "total-FF": 0
    },
    "valid": false
  },
  "__PARA__L0-20.__PARA__L1-16.__PARA__L2-20.__PIPE__L0-off.__PIPE__L1-NA": {
    "perf": 0.0,
    "point": {
      "__PIPE__L0": "off",
      "__PARA__L0": 20,
      "__PIPE__L1": "",
      "__PARA__L1": 16,
      "__PARA__L2": 20
    },
    "res_util": {
      "util-URAM": 0,
      "util-BRAM": 0,
      "util-DSP": 0,
      "util-LUT": 0,
      "util-FF": 0,
      "total-URAM": 0,
      "total-BRAM": 0,
      "total-DSP": 0,
      "total-LUT": 0,
      "total-FF": 0
    },
    "valid": false
  },
  "__PARA__L0-20.__PARA__L1-20.__PARA__L2-20.__PIPE__L0-off.__PIPE__L1-NA": {
    "perf": 0.0,
    "point": {
      "__PIPE__L0": "off",
      "__PARA__L0": 20,
      "__PIPE__L1": "",
      "__PARA__L1": 20,
      "__PARA__L2": 20
    },
    "res_util": {
      "util-URAM": 0,
      "util-BRAM": 0,
      "util-DSP": 0,
      "util-LUT": 0,
      "util-FF": 0,
      "total-URAM": 0,
      "total-BRAM": 0,
      "total-DSP": 0,
      "total-LUT": 0,
      "total-FF": 0
    },
    "valid": false
  },
  "__PARA__L0-20.__PARA__L1-32.__PARA__L2-20.__PIPE__L0-off.__PIPE__L1-NA": {
    "perf": 0.0,
    "point": {
      "__PIPE__L0": "off",
      "__PARA__L0": 20,
      "__PIPE__L1": "",
      "__PARA__L1": 32,
      "__PARA__L2": 20
    },
    "res_util": {
      "util-URAM": 0,
      "util-BRAM": 0,
      "util-DSP": 0,
      "util-LUT": 0,
      "util-FF": 0,
      "total-URAM": 0,
      "total-BRAM": 0,
      "total-DSP": 0,
      "total-LUT": 0,
      "total-FF": 0
    },
    "valid": false
  },
  "__PARA__L0-20.__PARA__L1-40.__PARA__L2-20.__PIPE__L0-off.__PIPE__L1-NA": {
    "perf": 0.0,
    "point": {
      "__PIPE__L0": "off",
      "__PARA__L0": 20,
      "__PIPE__L1": "",
      "__PARA__L1": 40,
      "__PARA__L2": 20
    },
    "res_util": {
      "util-URAM": 0,
      "util-BRAM": 0,
      "util-DSP": 0,
      "util-LUT": 0,
      "util-FF": 0,
      "total-URAM": 0,
      "total-BRAM": 0,
      "total-DSP": 0,
      "total-LUT": 0,
      "total-FF": 0
    },
    "valid": false
  },
  "__PARA__L0-20.__PARA__L1-64.__PARA__L2-20.__PIPE__L0-off.__PIPE__L1-NA": {
    "perf": 0.0,
    "point": {
      "__PIPE__L0": "off",
      "__PARA__L0": 20,
      "__PIPE__L1": "",
      "__PARA__L1": 64,
      "__PARA__L2": 20
    },
    "res_util": {
      "util-URAM": 0,
      "util-BRAM": 0,
      "util-DSP": 0,
      "util-LUT": 0,
      "util-FF": 0,
      "total-URAM": 0,
      "total-BRAM": 0,
      "total-DSP": 0,
      "total-LUT": 0,
      "total-FF": 0
    },
    "valid": false
  },
  "__PARA__L0-20.__PARA__L1-80.__PARA__L2-20.__PIPE__L0-off.__PIPE__L1-NA": {
    "perf": 0.0,
    "point": {
      "__PIPE__L0": "off",
      "__PARA__L0": 20,
      "__PIPE__L1": "",
      "__PARA__L1": 80,
      "__PARA__L2": 20
    },
    "res_util": {
      "util-URAM": 0,
      "util-BRAM": 0,
      "util-DSP": 0,
      "util-LUT": 0,
      "util-FF": 0,
      "total-URAM": 0,
      "total-BRAM": 0,
      "total-DSP": 0,
      "total-LUT": 0,
      "total-FF": 0
    },
    "valid": false
  },
  "__PARA__L0-20.__PARA__L1-2.__PARA__L2-20.__PIPE__L0-off.__PIPE__L1-off": {
    "perf": 0.0,
    "point": {
      "__PIPE__L0": "off",
      "__PARA__L0": 20,
      "__PIPE__L1": "off",
      "__PARA__L1": 2,
      "__PARA__L2": 20
    },
    "res_util": {
      "util-URAM": 0,
      "util-BRAM": 0,
      "util-DSP": 0,
      "util-LUT": 0,
      "util-FF": 0,
      "total-URAM": 0,
      "total-BRAM": 0,
      "total-DSP": 0,
      "total-LUT": 0,
      "total-FF": 0
    },
    "valid": false
  },
  "__PARA__L0-20.__PARA__L1-2.__PARA__L2-20.__PIPE__L0-off.__PIPE__L1-   ": {
    "perf": 0.0,
    "point": {
      "__PIPE__L0": "off",
      "__PARA__L0": 20,
      "__PIPE__L1": "   ",
      "__PARA__L1": 2,
      "__PARA__L2": 20
    },
    "res_util": {
      "util-URAM": 0,
      "util-BRAM": 0,
      "util-DSP": 0,
      "util-LUT": 0,
      "util-FF": 0,
      "total-URAM": 0,
      "total-BRAM": 0,
      "total-DSP": 0,
      "total-LUT": 0,
      "total-FF": 0
    },
    "valid": false
  },
  "__PARA__L0-20.__PARA__L1-1.__PARA__L2-20.__PIPE__L0-off.__PIPE__L1-off": {
    "perf": 2782872.0,
    "point": {
      "__PIPE__L0": "off",
      "__PARA__L0": 20,
      "__PIPE__L1": "off",
      "__PARA__L1": 1,
      "__PARA__L2": 20
    },
    "res_util": {
      "util-URAM": 0.001388888888888889,
      "util-BRAM": 0.019753086419753086,
      "util-DSP": 0.0021442495126705653,
      "util-LUT": 0.08490436234041593,
      "util-FF": 0.04293262507330717,
      "total-URAM": 1,
      "total-BRAM": 64,
      "total-DSP": 11,
      "total-LUT": 75283,
      "total-FF": 76135
    },
    "valid": true
  },
  "__PARA__L0-20.__PARA__L1-1.__PARA__L2-20.__PIPE__L0-off.__PIPE__L1-   ": {
    "perf": 0.0,
    "point": {
      "__PIPE__L0": "off",
      "__PARA__L0": 20,
      "__PIPE__L1": "   ",
      "__PARA__L1": 1,
      "__PARA__L2": 20
    },
    "res_util": {
      "util-URAM": 0,
      "util-BRAM": 0,
      "util-DSP": 0,
      "util-LUT": 0,
      "util-FF": 0,
      "total-URAM": 0,
      "total-BRAM": 0,
      "total-DSP": 0,
      "total-LUT": 0,
      "total-FF": 0
    },
    "valid": false
  },
  "__PARA__L0-10.__PARA__L1-1.__PARA__L2-20.__PIPE__L0-off.__PIPE__L1-NA": {
    "perf": 2868075.0,
    "point": {
      "__PIPE__L0": "off",
      "__PARA__L0": 10,
      "__PIPE__L1": "",
      "__PARA__L1": 1,
      "__PARA__L2": 20
    },
    "res_util": {
      "util-URAM": 0.001388888888888889,
      "util-BRAM": 0.019753086419753086,
      "util-DSP": 0.0021442495126705653,
      "util-LUT": 0.043545585780664954,
      "util-FF": 0.02149253394685794,
      "total-URAM": 1,
      "total-BRAM": 64,
      "total-DSP": 11,
      "total-LUT": 38611,
      "total-FF": 38114
    },
    "valid": true
  },
  "__PARA__L0-10.__PARA__L1-1.__PARA__L2-20.__PIPE__L0-   .__PIPE__L1-NA": {
    "perf": 0.0,
    "point": {
      "__PIPE__L0": "   ",
      "__PARA__L0": 10,
      "__PIPE__L1": "",
      "__PARA__L1": 1,
      "__PARA__L2": 20
    },
    "res_util": {
      "util-URAM": 0,
      "util-BRAM": 0,
      "util-DSP": 0,
      "util-LUT": 0,
      "util-FF": 0,
      "total-URAM": 0,
      "total-BRAM": 0,
      "total-DSP": 0,
      "total-LUT": 0,
      "total-FF": 0
    },
    "valid": false
  },
  "__PARA__L0-10.__PARA__L1-2.__PARA__L2-20.__PIPE__L0-off.__PIPE__L1-NA": {
    "perf": 2865675.0,
    "point": {
      "__PIPE__L0": "off",
      "__PARA__L0": 10,
      "__PIPE__L1": "",
      "__PARA__L1": 2,
      "__PARA__L2": 20
    },
    "res_util": {
      "util-URAM": 0.001388888888888889,
      "util-BRAM": 0.019753086419753086,
      "util-DSP": 0.0021442495126705653,
      "util-LUT": 0.08458293860242704,
      "util-FF": 0.04215613299048135,
      "total-URAM": 1,
      "total-BRAM": 64,
      "total-DSP": 11,
      "total-LUT": 74998,
      "total-FF": 74758
    },
    "valid": true
  },
  "__PARA__L0-10.__PARA__L1-4.__PARA__L2-20.__PIPE__L0-off.__PIPE__L1-NA": {
    "perf": 0.0,
    "point": {
      "__PIPE__L0": "off",
      "__PARA__L0": 10,
      "__PIPE__L1": "",
      "__PARA__L1": 4,
      "__PARA__L2": 20
    },
    "res_util": {
      "util-URAM": 0,
      "util-BRAM": 0,
      "util-DSP": 0,
      "util-LUT": 0,
      "util-FF": 0,
      "total-URAM": 0,
      "total-BRAM": 0,
      "total-DSP": 0,
      "total-LUT": 0,
      "total-FF": 0
    },
    "valid": false
  },
  "__PARA__L0-10.__PARA__L1-5.__PARA__L2-20.__PIPE__L0-off.__PIPE__L1-NA": {
    "perf": 0.0,
    "point": {
      "__PIPE__L0": "off",
      "__PARA__L0": 10,
      "__PIPE__L1": "",
      "__PARA__L1": 5,
      "__PARA__L2": 20
    },
    "res_util": {
      "util-URAM": 0,
      "util-BRAM": 0,
      "util-DSP": 0,
      "util-LUT": 0,
      "util-FF": 0,
      "total-URAM": 0,
      "total-BRAM": 0,
      "total-DSP": 0,
      "total-LUT": 0,
      "total-FF": 0
    },
    "valid": false
  },
  "__PARA__L0-10.__PARA__L1-8.__PARA__L2-20.__PIPE__L0-off.__PIPE__L1-NA": {
    "perf": 0.0,
    "point": {
      "__PIPE__L0": "off",
      "__PARA__L0": 10,
      "__PIPE__L1": "",
      "__PARA__L1": 8,
      "__PARA__L2": 20
    },
    "res_util": {
      "util-URAM": 0,
      "util-BRAM": 0,
      "util-DSP": 0,
      "util-LUT": 0,
      "util-FF": 0,
      "total-URAM": 0,
      "total-BRAM": 0,
      "total-DSP": 0,
      "total-LUT": 0,
      "total-FF": 0
    },
    "valid": false
  },
  "__PARA__L0-10.__PARA__L1-10.__PARA__L2-20.__PIPE__L0-off.__PIPE__L1-NA": {
    "perf": 0.0,
    "point": {
      "__PIPE__L0": "off",
      "__PARA__L0": 10,
      "__PIPE__L1": "",
      "__PARA__L1": 10,
      "__PARA__L2": 20
    },
    "res_util": {
      "util-URAM": 0,
      "util-BRAM": 0,
      "util-DSP": 0,
      "util-LUT": 0,
      "util-FF": 0,
      "total-URAM": 0,
      "total-BRAM": 0,
      "total-DSP": 0,
      "total-LUT": 0,
      "total-FF": 0
    },
    "valid": false
  },
  "__PARA__L0-10.__PARA__L1-16.__PARA__L2-20.__PIPE__L0-off.__PIPE__L1-NA": {
    "perf": 0.0,
    "point": {
      "__PIPE__L0": "off",
      "__PARA__L0": 10,
      "__PIPE__L1": "",
      "__PARA__L1": 16,
      "__PARA__L2": 20
    },
    "res_util": {
      "util-URAM": 0,
      "util-BRAM": 0,
      "util-DSP": 0,
      "util-LUT": 0,
      "util-FF": 0,
      "total-URAM": 0,
      "total-BRAM": 0,
      "total-DSP": 0,
      "total-LUT": 0,
      "total-FF": 0
    },
    "valid": false
  },
  "__PARA__L0-10.__PARA__L1-20.__PARA__L2-20.__PIPE__L0-off.__PIPE__L1-NA": {
    "perf": 0.0,
    "point": {
      "__PIPE__L0": "off",
      "__PARA__L0": 10,
      "__PIPE__L1": "",
      "__PARA__L1": 20,
      "__PARA__L2": 20
    },
    "res_util": {
      "util-URAM": 0,
      "util-BRAM": 0,
      "util-DSP": 0,
      "util-LUT": 0,
      "util-FF": 0,
      "total-URAM": 0,
      "total-BRAM": 0,
      "total-DSP": 0,
      "total-LUT": 0,
      "total-FF": 0
    },
    "valid": false
  },
  "__PARA__L0-10.__PARA__L1-32.__PARA__L2-20.__PIPE__L0-off.__PIPE__L1-NA": {
    "perf": 0.0,
    "point": {
      "__PIPE__L0": "off",
      "__PARA__L0": 10,
      "__PIPE__L1": "",
      "__PARA__L1": 32,
      "__PARA__L2": 20
    },
    "res_util": {
      "util-URAM": 0,
      "util-BRAM": 0,
      "util-DSP": 0,
      "util-LUT": 0,
      "util-FF": 0,
      "total-URAM": 0,
      "total-BRAM": 0,
      "total-DSP": 0,
      "total-LUT": 0,
      "total-FF": 0
    },
    "valid": false
  },
  "__PARA__L0-10.__PARA__L1-40.__PARA__L2-20.__PIPE__L0-off.__PIPE__L1-NA": {
    "perf": 0.0,
    "point": {
      "__PIPE__L0": "off",
      "__PARA__L0": 10,
      "__PIPE__L1": "",
      "__PARA__L1": 40,
      "__PARA__L2": 20
    },
    "res_util": {
      "util-URAM": 0,
      "util-BRAM": 0,
      "util-DSP": 0,
      "util-LUT": 0,
      "util-FF": 0,
      "total-URAM": 0,
      "total-BRAM": 0,
      "total-DSP": 0,
      "total-LUT": 0,
      "total-FF": 0
    },
    "valid": false
  },
  "__PARA__L0-10.__PARA__L1-64.__PARA__L2-20.__PIPE__L0-off.__PIPE__L1-NA": {
    "perf": 0.0,
    "point": {
      "__PIPE__L0": "off",
      "__PARA__L0": 10,
      "__PIPE__L1": "",
      "__PARA__L1": 64,
      "__PARA__L2": 20
    },
    "res_util": {
      "util-URAM": 0,
      "util-BRAM": 0,
      "util-DSP": 0,
      "util-LUT": 0,
      "util-FF": 0,
      "total-URAM": 0,
      "total-BRAM": 0,
      "total-DSP": 0,
      "total-LUT": 0,
      "total-FF": 0
    },
    "valid": false
  },
  "__PARA__L0-10.__PARA__L1-80.__PARA__L2-20.__PIPE__L0-off.__PIPE__L1-NA": {
    "perf": 0.0,
    "point": {
      "__PIPE__L0": "off",
      "__PARA__L0": 10,
      "__PIPE__L1": "",
      "__PARA__L1": 80,
      "__PARA__L2": 20
    },
    "res_util": {
      "util-URAM": 0,
      "util-BRAM": 0,
      "util-DSP": 0,
      "util-LUT": 0,
      "util-FF": 0,
      "total-URAM": 0,
      "total-BRAM": 0,
      "total-DSP": 0,
      "total-LUT": 0,
      "total-FF": 0
    },
    "valid": false
  },
  "__PARA__L0-10.__PARA__L1-2.__PARA__L2-20.__PIPE__L0-off.__PIPE__L1-off": {
    "perf": 2865675.0,
    "point": {
      "__PIPE__L0": "off",
      "__PARA__L0": 10,
      "__PIPE__L1": "off",
      "__PARA__L1": 2,
      "__PARA__L2": 20
    },
    "res_util": {
      "util-URAM": 0.001388888888888889,
      "util-BRAM": 0.019753086419753086,
      "util-DSP": 0.0021442495126705653,
      "util-LUT": 0.08458293860242704,
      "util-FF": 0.04215613299048135,
      "total-URAM": 1,
      "total-BRAM": 64,
      "total-DSP": 11,
      "total-LUT": 74998,
      "total-FF": 74758
    },
    "valid": true
  },
  "__PARA__L0-10.__PARA__L1-2.__PARA__L2-20.__PIPE__L0-off.__PIPE__L1-   ": {
    "perf": 0.0,
    "point": {
      "__PIPE__L0": "off",
      "__PARA__L0": 10,
      "__PIPE__L1": "   ",
      "__PARA__L1": 2,
      "__PARA__L2": 20
    },
    "res_util": {
      "util-URAM": 0,
      "util-BRAM": 0,
      "util-DSP": 0,
      "util-LUT": 0,
      "util-FF": 0,
      "total-URAM": 0,
      "total-BRAM": 0,
      "total-DSP": 0,
      "total-LUT": 0,
      "total-FF": 0
    },
    "valid": false
  },
  "__PARA__L0-10.__PARA__L1-1.__PARA__L2-20.__PIPE__L0-off.__PIPE__L1-off": {
    "perf": 2868075.0,
    "point": {
      "__PIPE__L0": "off",
      "__PARA__L0": 10,
      "__PIPE__L1": "off",
      "__PARA__L1": 1,
      "__PARA__L2": 20
    },
    "res_util": {
      "util-URAM": 0.001388888888888889,
      "util-BRAM": 0.019753086419753086,
      "util-DSP": 0.0021442495126705653,
      "util-LUT": 0.043545585780664954,
      "util-FF": 0.02149253394685794,
      "total-URAM": 1,
      "total-BRAM": 64,
      "total-DSP": 11,
      "total-LUT": 38611,
      "total-FF": 38114
    },
    "valid": true
  },
  "__PARA__L0-10.__PARA__L1-1.__PARA__L2-20.__PIPE__L0-off.__PIPE__L1-   ": {
    "perf": 0.0,
    "point": {
      "__PIPE__L0": "off",
      "__PARA__L0": 10,
      "__PIPE__L1": "   ",
      "__PARA__L1": 1,
      "__PARA__L2": 20
    },
    "res_util": {
      "util-URAM": 0,
      "util-BRAM": 0,
      "util-DSP": 0,
      "util-LUT": 0,
      "util-FF": 0,
      "total-URAM": 0,
      "total-BRAM": 0,
      "total-DSP": 0,
      "total-LUT": 0,
      "total-FF": 0
    },
    "valid": false
  },
  "__PARA__L0-15.__PARA__L1-1.__PARA__L2-20.__PIPE__L0-off.__PIPE__L1-NA": {
    "perf": 2959433.0,
    "point": {
      "__PIPE__L0": "off",
      "__PARA__L0": 15,
      "__PIPE__L1": "",
      "__PARA__L1": 1,
      "__PARA__L2": 20
    },
    "res_util": {
      "util-URAM": 0.001388888888888889,
      "util-BRAM": 0.019753086419753086,
      "util-DSP": 0.0021442495126705653,
      "util-LUT": 0.06462083276943204,
      "util-FF": 0.03128862723868814,
      "total-URAM": 1,
      "total-BRAM": 64,
      "total-DSP": 11,
      "total-LUT": 57298,
      "total-FF": 55486
    },
    "valid": true
  },
  "__PARA__L0-15.__PARA__L1-1.__PARA__L2-20.__PIPE__L0-   .__PIPE__L1-NA": {
    "perf": 0.0,
    "point": {
      "__PIPE__L0": "   ",
      "__PARA__L0": 15,
      "__PIPE__L1": "",
      "__PARA__L1": 1,
      "__PARA__L2": 20
    },
    "res_util": {
      "util-URAM": 0,
      "util-BRAM": 0,
      "util-DSP": 0,
      "util-LUT": 0,
      "util-FF": 0,
      "total-URAM": 0,
      "total-BRAM": 0,
      "total-DSP": 0,
      "total-LUT": 0,
      "total-FF": 0
    },
    "valid": false
  },
  "__PARA__L0-15.__PARA__L1-2.__PARA__L2-20.__PIPE__L0-off.__PIPE__L1-NA": {
    "perf": 2957033.0,
    "point": {
      "__PIPE__L0": "off",
      "__PARA__L0": 15,
      "__PIPE__L1": "",
      "__PARA__L1": 2,
      "__PARA__L2": 20
    },
    "res_util": {
      "util-URAM": 0.001388888888888889,
      "util-BRAM": 0.019753086419753086,
      "util-DSP": 0.0021442495126705653,
      "util-LUT": 0.12667027563495287,
      "util-FF": 0.061694748951143595,
      "total-URAM": 1,
      "total-BRAM": 64,
      "total-DSP": 11,
      "total-LUT": 112316,
      "total-FF": 109407
    },
    "valid": true
  },
  "__PARA__L0-15.__PARA__L1-4.__PARA__L2-20.__PIPE__L0-off.__PIPE__L1-NA": {
    "perf": 0.0,
    "point": {
      "__PIPE__L0": "off",
      "__PARA__L0": 15,
      "__PIPE__L1": "",
      "__PARA__L1": 4,
      "__PARA__L2": 20
    },
    "res_util": {
      "util-URAM": 0,
      "util-BRAM": 0,
      "util-DSP": 0,
      "util-LUT": 0,
      "util-FF": 0,
      "total-URAM": 0,
      "total-BRAM": 0,
      "total-DSP": 0,
      "total-LUT": 0,
      "total-FF": 0
    },
    "valid": false
  },
  "__PARA__L0-15.__PARA__L1-5.__PARA__L2-20.__PIPE__L0-off.__PIPE__L1-NA": {
    "perf": 0.0,
    "point": {
      "__PIPE__L0": "off",
      "__PARA__L0": 15,
      "__PIPE__L1": "",
      "__PARA__L1": 5,
      "__PARA__L2": 20
    },
    "res_util": {
      "util-URAM": 0,
      "util-BRAM": 0,
      "util-DSP": 0,
      "util-LUT": 0,
      "util-FF": 0,
      "total-URAM": 0,
      "total-BRAM": 0,
      "total-DSP": 0,
      "total-LUT": 0,
      "total-FF": 0
    },
    "valid": false
  },
  "__PARA__L0-15.__PARA__L1-8.__PARA__L2-20.__PIPE__L0-off.__PIPE__L1-NA": {
    "perf": 0.0,
    "point": {
      "__PIPE__L0": "off",
      "__PARA__L0": 15,
      "__PIPE__L1": "",
      "__PARA__L1": 8,
      "__PARA__L2": 20
    },
    "res_util": {
      "util-URAM": 0,
      "util-BRAM": 0,
      "util-DSP": 0,
      "util-LUT": 0,
      "util-FF": 0,
      "total-URAM": 0,
      "total-BRAM": 0,
      "total-DSP": 0,
      "total-LUT": 0,
      "total-FF": 0
    },
    "valid": false
  },
  "__PARA__L0-15.__PARA__L1-10.__PARA__L2-20.__PIPE__L0-off.__PIPE__L1-NA": {
    "perf": 0.0,
    "point": {
      "__PIPE__L0": "off",
      "__PARA__L0": 15,
      "__PIPE__L1": "",
      "__PARA__L1": 10,
      "__PARA__L2": 20
    },
    "res_util": {
      "util-URAM": 0,
      "util-BRAM": 0,
      "util-DSP": 0,
      "util-LUT": 0,
      "util-FF": 0,
      "total-URAM": 0,
      "total-BRAM": 0,
      "total-DSP": 0,
      "total-LUT": 0,
      "total-FF": 0
    },
    "valid": false
  },
  "__PARA__L0-15.__PARA__L1-16.__PARA__L2-20.__PIPE__L0-off.__PIPE__L1-NA": {
    "perf": 0.0,
    "point": {
      "__PIPE__L0": "off",
      "__PARA__L0": 15,
      "__PIPE__L1": "",
      "__PARA__L1": 16,
      "__PARA__L2": 20
    },
    "res_util": {
      "util-URAM": 0,
      "util-BRAM": 0,
      "util-DSP": 0,
      "util-LUT": 0,
      "util-FF": 0,
      "total-URAM": 0,
      "total-BRAM": 0,
      "total-DSP": 0,
      "total-LUT": 0,
      "total-FF": 0
    },
    "valid": false
  },
  "__PARA__L0-15.__PARA__L1-20.__PARA__L2-20.__PIPE__L0-off.__PIPE__L1-NA": {
    "perf": 0.0,
    "point": {
      "__PIPE__L0": "off",
      "__PARA__L0": 15,
      "__PIPE__L1": "",
      "__PARA__L1": 20,
      "__PARA__L2": 20
    },
    "res_util": {
      "util-URAM": 0,
      "util-BRAM": 0,
      "util-DSP": 0,
      "util-LUT": 0,
      "util-FF": 0,
      "total-URAM": 0,
      "total-BRAM": 0,
      "total-DSP": 0,
      "total-LUT": 0,
      "total-FF": 0
    },
    "valid": false
  },
  "__PARA__L0-15.__PARA__L1-32.__PARA__L2-20.__PIPE__L0-off.__PIPE__L1-NA": {
    "perf": 0.0,
    "point": {
      "__PIPE__L0": "off",
      "__PARA__L0": 15,
      "__PIPE__L1": "",
      "__PARA__L1": 32,
      "__PARA__L2": 20
    },
    "res_util": {
      "util-URAM": 0,
      "util-BRAM": 0,
      "util-DSP": 0,
      "util-LUT": 0,
      "util-FF": 0,
      "total-URAM": 0,
      "total-BRAM": 0,
      "total-DSP": 0,
      "total-LUT": 0,
      "total-FF": 0
    },
    "valid": false
  },
  "__PARA__L0-15.__PARA__L1-40.__PARA__L2-20.__PIPE__L0-off.__PIPE__L1-NA": {
    "perf": 0.0,
    "point": {
      "__PIPE__L0": "off",
      "__PARA__L0": 15,
      "__PIPE__L1": "",
      "__PARA__L1": 40,
      "__PARA__L2": 20
    },
    "res_util": {
      "util-URAM": 0,
      "util-BRAM": 0,
      "util-DSP": 0,
      "util-LUT": 0,
      "util-FF": 0,
      "total-URAM": 0,
      "total-BRAM": 0,
      "total-DSP": 0,
      "total-LUT": 0,
      "total-FF": 0
    },
    "valid": false
  },
  "__PARA__L0-15.__PARA__L1-64.__PARA__L2-20.__PIPE__L0-off.__PIPE__L1-NA": {
    "perf": 0.0,
    "point": {
      "__PIPE__L0": "off",
      "__PARA__L0": 15,
      "__PIPE__L1": "",
      "__PARA__L1": 64,
      "__PARA__L2": 20
    },
    "res_util": {
      "util-URAM": 0,
      "util-BRAM": 0,
      "util-DSP": 0,
      "util-LUT": 0,
      "util-FF": 0,
      "total-URAM": 0,
      "total-BRAM": 0,
      "total-DSP": 0,
      "total-LUT": 0,
      "total-FF": 0
    },
    "valid": false
  },
  "__PARA__L0-15.__PARA__L1-80.__PARA__L2-20.__PIPE__L0-off.__PIPE__L1-NA": {
    "perf": 0.0,
    "point": {
      "__PIPE__L0": "off",
      "__PARA__L0": 15,
      "__PIPE__L1": "",
      "__PARA__L1": 80,
      "__PARA__L2": 20
    },
    "res_util": {
      "util-URAM": 0,
      "util-BRAM": 0,
      "util-DSP": 0,
      "util-LUT": 0,
      "util-FF": 0,
      "total-URAM": 0,
      "total-BRAM": 0,
      "total-DSP": 0,
      "total-LUT": 0,
      "total-FF": 0
    },
    "valid": false
  },
  "__PARA__L0-15.__PARA__L1-2.__PARA__L2-20.__PIPE__L0-off.__PIPE__L1-off": {
    "perf": 2957033.0,
    "point": {
      "__PIPE__L0": "off",
      "__PARA__L0": 15,
      "__PIPE__L1": "off",
      "__PARA__L1": 2,
      "__PARA__L2": 20
    },
    "res_util": {
      "util-URAM": 0.001388888888888889,
      "util-BRAM": 0.019753086419753086,
      "util-DSP": 0.0021442495126705653,
      "util-LUT": 0.12667027563495287,
      "util-FF": 0.061694748951143595,
      "total-URAM": 1,
      "total-BRAM": 64,
      "total-DSP": 11,
      "total-LUT": 112316,
      "total-FF": 109407
    },
    "valid": true
  },
  "__PARA__L0-15.__PARA__L1-2.__PARA__L2-20.__PIPE__L0-off.__PIPE__L1-   ": {
    "perf": 0.0,
    "point": {
      "__PIPE__L0": "off",
      "__PARA__L0": 15,
      "__PIPE__L1": "   ",
      "__PARA__L1": 2,
      "__PARA__L2": 20
    },
    "res_util": {
      "util-URAM": 0,
      "util-BRAM": 0,
      "util-DSP": 0,
      "util-LUT": 0,
      "util-FF": 0,
      "total-URAM": 0,
      "total-BRAM": 0,
      "total-DSP": 0,
      "total-LUT": 0,
      "total-FF": 0
    },
    "valid": false
  },
  "__PARA__L0-15.__PARA__L1-1.__PARA__L2-20.__PIPE__L0-off.__PIPE__L1-off": {
    "perf": 2959433.0,
    "point": {
      "__PIPE__L0": "off",
      "__PARA__L0": 15,
      "__PIPE__L1": "off",
      "__PARA__L1": 1,
      "__PARA__L2": 20
    },
    "res_util": {
      "util-URAM": 0.001388888888888889,
      "util-BRAM": 0.019753086419753086,
      "util-DSP": 0.0021442495126705653,
      "util-LUT": 0.06462083276943204,
      "util-FF": 0.03128862723868814,
      "total-URAM": 1,
      "total-BRAM": 64,
      "total-DSP": 11,
      "total-LUT": 57298,
      "total-FF": 55486
    },
    "valid": true
  },
  "__PARA__L0-15.__PARA__L1-1.__PARA__L2-20.__PIPE__L0-off.__PIPE__L1-   ": {
    "perf": 0.0,
    "point": {
      "__PIPE__L0": "off",
      "__PARA__L0": 15,
      "__PIPE__L1": "   ",
      "__PARA__L1": 1,
      "__PARA__L2": 20
    },
    "res_util": {
      "util-URAM": 0,
      "util-BRAM": 0,
      "util-DSP": 0,
      "util-LUT": 0,
      "util-FF": 0,
      "total-URAM": 0,
      "total-BRAM": 0,
      "total-DSP": 0,
      "total-LUT": 0,
      "total-FF": 0
    },
    "valid": false
  },
  "__PARA__L0-5.__PARA__L1-1.__PARA__L2-20.__PIPE__L0-off.__PIPE__L1-NA": {
    "perf": 3038481.0,
    "point": {
      "__PIPE__L0": "off",
      "__PARA__L0": 5,
      "__PIPE__L1": "",
      "__PARA__L1": 1,
      "__PARA__L2": 20
    },
    "res_util": {
      "util-URAM": 0.001388888888888889,
      "util-BRAM": 0.019753086419753086,
      "util-DSP": 0.0021442495126705653,
      "util-LUT": 0.022694771507195382,
      "util-FF": 0.010817882437858077,
      "total-URAM": 1,
      "total-BRAM": 64,
      "total-DSP": 11,
      "total-LUT": 20123,
      "total-FF": 19184
    },
    "valid": true
  },
  "__PARA__L0-5.__PARA__L1-1.__PARA__L2-20.__PIPE__L0-   .__PIPE__L1-NA": {
    "perf": 0.0,
    "point": {
      "__PIPE__L0": "   ",
      "__PARA__L0": 5,
      "__PIPE__L1": "",
      "__PARA__L1": 1,
      "__PARA__L2": 20
    },
    "res_util": {
      "util-URAM": 0,
      "util-BRAM": 0,
      "util-DSP": 0,
      "util-LUT": 0,
      "util-FF": 0,
      "total-URAM": 0,
      "total-BRAM": 0,
      "total-DSP": 0,
      "total-LUT": 0,
      "total-FF": 0
    },
    "valid": false
  },
  "__PARA__L0-5.__PARA__L1-2.__PARA__L2-20.__PIPE__L0-off.__PIPE__L1-NA": {
    "perf": 3036081.0,
    "point": {
      "__PIPE__L0": "off",
      "__PARA__L0": 5,
      "__PIPE__L1": "",
      "__PARA__L1": 2,
      "__PARA__L2": 20
    },
    "res_util": {
      "util-URAM": 0.001388888888888889,
      "util-BRAM": 0.019753086419753086,
      "util-DSP": 0.0021442495126705653,
      "util-LUT": 0.04363693779040917,
      "util-FF": 0.020854761582532595,
      "total-URAM": 1,
      "total-BRAM": 64,
      "total-DSP": 11,
      "total-LUT": 38692,
      "total-FF": 36983
    },
    "valid": true
  },
  "__PARA__L0-5.__PARA__L1-4.__PARA__L2-20.__PIPE__L0-off.__PIPE__L1-NA": {
    "perf": 3034881.0,
    "point": {
      "__PIPE__L0": "off",
      "__PARA__L0": 5,
      "__PIPE__L1": "",
      "__PARA__L1": 4,
      "__PARA__L2": 20
    },
    "res_util": {
      "util-URAM": 0.001388888888888889,
      "util-BRAM": 0.019753086419753086,
      "util-DSP": 0.0021442495126705653,
      "util-LUT": 0.08517277935670141,
      "util-FF": 0.04087494924888348,
      "total-URAM": 1,
      "total-BRAM": 64,
      "total-DSP": 11,
      "total-LUT": 75521,
      "total-FF": 72486
    },
    "valid": true
  },
  "__PARA__L0-5.__PARA__L1-5.__PARA__L2-20.__PIPE__L0-off.__PIPE__L1-NA": {
    "perf": 3034641.0,
    "point": {
      "__PIPE__L0": "off",
      "__PARA__L0": 5,
      "__PIPE__L1": "",
      "__PARA__L1": 5,
      "__PARA__L2": 20
    },
    "res_util": {
      "util-URAM": 0.001388888888888889,
      "util-BRAM": 0.019753086419753086,
      "util-DSP": 0.0021442495126705653,
      "util-LUT": 0.10633035593449723,
      "util-FF": 0.05092930933369423,
      "total-URAM": 1,
      "total-BRAM": 64,
      "total-DSP": 11,
      "total-LUT": 94281,
      "total-FF": 90316
    },
    "valid": true
  },
  "__PARA__L0-5.__PARA__L1-8.__PARA__L2-20.__PIPE__L0-off.__PIPE__L1-NA": {
    "perf": 0.0,
    "point": {
      "__PIPE__L0": "off",
      "__PARA__L0": 5,
      "__PIPE__L1": "",
      "__PARA__L1": 8,
      "__PARA__L2": 20
    },
    "res_util": {
      "util-URAM": 0,
      "util-BRAM": 0,
      "util-DSP": 0,
      "util-LUT": 0,
      "util-FF": 0,
      "total-URAM": 0,
      "total-BRAM": 0,
      "total-DSP": 0,
      "total-LUT": 0,
      "total-FF": 0
    },
    "valid": false
  },
  "__PARA__L0-5.__PARA__L1-10.__PARA__L2-20.__PIPE__L0-off.__PIPE__L1-NA": {
    "perf": 0.0,
    "point": {
      "__PIPE__L0": "off",
      "__PARA__L0": 5,
      "__PIPE__L1": "",
      "__PARA__L1": 10,
      "__PARA__L2": 20
    },
    "res_util": {
      "util-URAM": 0,
      "util-BRAM": 0,
      "util-DSP": 0,
      "util-LUT": 0,
      "util-FF": 0,
      "total-URAM": 0,
      "total-BRAM": 0,
      "total-DSP": 0,
      "total-LUT": 0,
      "total-FF": 0
    },
    "valid": false
  }
}