{
  "__PARA__L0-1.__PARA__L1-1.__PARA__L2-1.__PIPE__L0-NA.__PIPE__L1-NA": {
    "perf": 1738869.0,
    "point": {
      "__PIPE__L0": "",
      "__PARA__L0": 1,
      "__PIPE__L1": "",
      "__PARA__L1": 1,
      "__PARA__L2": 1
    },
    "res_util": {
      "util-URAM": 0.001388888888888889,
      "util-BRAM": 0.009876543209876543,
      "util-DSP": 0.0021442495126705653,
      "util-LUT": 0.0020627509360761492,
      "util-FF": 0.0011385167140343755,
      "total-URAM": 1,
      "total-BRAM": 32,
      "total-DSP": 11,
      "total-LUT": 1829,
      "total-FF": 2019
    },
    "valid": true
  },
  "__PARA__L0-1.__PARA__L1-1.__PARA__L2-2.__PIPE__L0-NA.__PIPE__L1-NA": {
    "perf": 1738749.0,
    "point": {
      "__PIPE__L0": "",
      "__PARA__L0": 1,
      "__PIPE__L1": "",
      "__PARA__L1": 1,
      "__PARA__L2": 2
    },
    "res_util": {
      "util-URAM": 0.004166666666666667,
      "util-BRAM": 0.0,
      "util-DSP": 0.0021442495126705653,
      "util-LUT": 0.002952587179140163,
      "util-FF": 0.001357310416384716,
      "total-URAM": 3,
      "total-BRAM": 0,
      "total-DSP": 11,
      "total-LUT": 2618,
      "total-FF": 2407
    },
    "valid": true
  },
  "__PARA__L0-1.__PARA__L1-1.__PARA__L2-3.__PIPE__L0-NA.__PIPE__L1-NA": {
    "perf": 1738824.0,
    "point": {
      "__PIPE__L0": "",
      "__PARA__L0": 1,
      "__PIPE__L1": "",
      "__PARA__L1": 1,
      "__PARA__L2": 3
    },
    "res_util": {
      "util-URAM": 0.008333333333333333,
      "util-BRAM": 0.0,
      "util-DSP": 0.0021442495126705653,
      "util-LUT": 0.003773627464248658,
      "util-FF": 0.0019962105832994994,
      "total-URAM": 6,
      "total-BRAM": 0,
      "total-DSP": 11,
      "total-LUT": 3346,
      "total-FF": 3540
    },
    "valid": true
  },
  "__PARA__L0-1.__PARA__L1-1.__PARA__L2-4.__PIPE__L0-NA.__PIPE__L1-NA": {
    "perf": 1738749.0,
    "point": {
      "__PIPE__L0": "",
      "__PARA__L0": 1,
      "__PIPE__L1": "",
      "__PARA__L1": 1,
      "__PARA__L2": 4
    },
    "res_util": {
      "util-URAM": 0.008333333333333333,
      "util-BRAM": 0.0,
      "util-DSP": 0.0021442495126705653,
      "util-LUT": 0.0034736319754590157,
      "util-FF": 0.001602607479586773,
      "total-URAM": 6,
      "total-BRAM": 0,
      "total-DSP": 11,
      "total-LUT": 3080,
      "total-FF": 2842
    },
    "valid": true
  },
  "__PARA__L0-1.__PARA__L1-1.__PARA__L2-5.__PIPE__L0-NA.__PIPE__L1-NA": {
    "perf": 1738823.0,
    "point": {
      "__PIPE__L0": "",
      "__PARA__L0": 1,
      "__PIPE__L1": "",
      "__PARA__L1": 1,
      "__PARA__L2": 5
    },
    "res_util": {
      "util-URAM": 0.0,
      "util-BRAM": 0.012345679012345678,
      "util-DSP": 0.0021442495126705653,
      "util-LUT": 0.004484143095592547,
      "util-FF": 0.0024197004556322462,
      "total-URAM": 0,
      "total-BRAM": 40,
      "total-DSP": 11,
      "total-LUT": 3976,
      "total-FF": 4291
    },
    "valid": true
  },
  "__PARA__L0-1.__PARA__L1-1.__PARA__L2-6.__PIPE__L0-NA.__PIPE__L1-NA": {
    "perf": 1738823.0,
    "point": {
      "__PIPE__L0": "",
      "__PARA__L0": 1,
      "__PIPE__L1": "",
      "__PARA__L1": 1,
      "__PARA__L2": 6
    },
    "res_util": {
      "util-URAM": 0.004166666666666667,
      "util-BRAM": 0.007407407407407408,
      "util-DSP": 0.0021442495126705653,
      "util-LUT": 0.004754815717056886,
      "util-FF": 0.0026898091758018675,
      "total-URAM": 3,
      "total-BRAM": 24,
      "total-DSP": 11,
      "total-LUT": 4216,
      "total-FF": 4770
    },
    "valid": true
  },
  "__PARA__L0-1.__PARA__L1-1.__PARA__L2-8.__PIPE__L0-NA.__PIPE__L1-NA": {
    "perf": 1854068.0,
    "point": {
      "__PIPE__L0": "",
      "__PARA__L0": 1,
      "__PIPE__L1": "",
      "__PARA__L1": 1,
      "__PARA__L2": 8
    },
    "res_util": {
      "util-URAM": 0.0,
      "util-BRAM": 0.014814814814814815,
      "util-DSP": 0.0021442495126705653,
      "util-LUT": 0.004680380746154194,
      "util-FF": 0.0021614336626516895,
      "total-URAM": 0,
      "total-BRAM": 48,
      "total-DSP": 11,
      "total-LUT": 4150,
      "total-FF": 3833
    },
    "valid": true
  },
  "__PARA__L0-1.__PARA__L1-1.__PARA__L2-10.__PIPE__L0-NA.__PIPE__L1-NA": {
    "perf": 1739064.0,
    "point": {
      "__PIPE__L0": "",
      "__PARA__L0": 1,
      "__PIPE__L1": "",
      "__PARA__L1": 1,
      "__PARA__L2": 10
    },
    "res_util": {
      "util-URAM": 0.0,
      "util-BRAM": 0.012345679012345678,
      "util-DSP": 0.0021442495126705653,
      "util-LUT": 0.006085622772589886,
      "util-FF": 0.0035711868994451213,
      "total-URAM": 0,
      "total-BRAM": 40,
      "total-DSP": 11,
      "total-LUT": 5396,
      "total-FF": 6333
    },
    "valid": true
  },
  "__PARA__L0-1.__PARA__L1-1.__PARA__L2-12.__PIPE__L0-NA.__PIPE__L1-NA": {
    "perf": 1739184.0,
    "point": {
      "__PIPE__L0": "",
      "__PARA__L0": 1,
      "__PIPE__L1": "",
      "__PARA__L1": 1,
      "__PARA__L2": 12
    },
    "res_util": {
      "util-URAM": 0.0,
      "util-BRAM": 0.014814814814814815,
      "util-DSP": 0.0021442495126705653,
      "util-LUT": 0.0067002751838318225,
      "util-FF": 0.0039974962782514546,
      "total-URAM": 0,
      "total-BRAM": 48,
      "total-DSP": 11,
      "total-LUT": 5941,
      "total-FF": 7089
    },
    "valid": true
  },
  "__PARA__L0-1.__PARA__L1-1.__PARA__L2-15.__PIPE__L0-NA.__PIPE__L1-NA": {
    "perf": 1739364.0,
    "point": {
      "__PIPE__L0": "",
      "__PARA__L0": 1,
      "__PIPE__L1": "",
      "__PARA__L1": 1,
      "__PARA__L2": 15
    },
    "res_util": {
      "util-URAM": 0.0,
      "util-BRAM": 0.018518518518518517,
      "util-DSP": 0.0021442495126705653,
      "util-LUT": 0.007823566562908828,
      "util-FF": 0.0046950421798168445,
      "total-URAM": 0,
      "total-BRAM": 60,
      "total-DSP": 11,
      "total-LUT": 6937,
      "total-FF": 8326
    },
    "valid": true
  },
  "__PARA__L0-1.__PARA__L1-1.__PARA__L2-16.__PIPE__L0-NA.__PIPE__L1-NA": {
    "perf": 1854548.0,
    "point": {
      "__PIPE__L0": "",
      "__PARA__L0": 1,
      "__PIPE__L1": "",
      "__PARA__L1": 1,
      "__PARA__L2": 16
    },
    "res_util": {
      "util-URAM": 0.0,
      "util-BRAM": 0.014814814814814815,
      "util-DSP": 0.0021442495126705653,
      "util-LUT": 0.006819822258311905,
      "util-FF": 0.0033958135967880184,
      "total-URAM": 0,
      "total-BRAM": 48,
      "total-DSP": 11,
      "total-LUT": 6047,
      "total-FF": 6022
    },
    "valid": true
  },
  "__PARA__L0-1.__PARA__L1-1.__PARA__L2-20.__PIPE__L0-NA.__PIPE__L1-NA": {
    "perf": 1739664.0,
    "point": {
      "__PIPE__L0": "",
      "__PARA__L0": 1,
      "__PIPE__L1": "",
      "__PARA__L1": 1,
      "__PARA__L2": 20
    },
    "res_util": {
      "util-URAM": 0.0,
      "util-BRAM": 0.018518518518518517,
      "util-DSP": 0.0021442495126705653,
      "util-LUT": 0.00925474804890152,
      "util-FF": 0.005787318987684396,
      "total-URAM": 0,
      "total-BRAM": 60,
      "total-DSP": 11,
      "total-LUT": 8206,
      "total-FF": 10263
    },
    "valid": true
  },
  "__PARA__L0-1.__PARA__L1-1.__PARA__L2-30.__PIPE__L0-NA.__PIPE__L1-NA": {
    "perf": 1740188.0,
    "point": {
      "__PIPE__L0": "",
      "__PARA__L0": 1,
      "__PIPE__L1": "",
      "__PARA__L1": 1,
      "__PARA__L2": 30
    },
    "res_util": {
      "util-URAM": 0.0,
      "util-BRAM": 0.037037037037037035,
      "util-DSP": 0.0021442495126705653,
      "util-LUT": 0.02340528713853927,
      "util-FF": 0.00993086570126765,
      "total-URAM": 0,
      "total-BRAM": 120,
      "total-DSP": 11,
      "total-LUT": 20753,
      "total-FF": 17611
    },
    "valid": true
  },
  "__PARA__L0-1.__PARA__L1-1.__PARA__L2-32.__PIPE__L0-NA.__PIPE__L1-NA": {
    "perf": 1855508.0,
    "point": {
      "__PIPE__L0": "",
      "__PARA__L0": 1,
      "__PIPE__L1": "",
      "__PARA__L1": 1,
      "__PARA__L2": 32
    },
    "res_util": {
      "util-URAM": 0.0,
      "util-BRAM": 0.037037037037037035,
      "util-DSP": 0.0021442495126705653,
      "util-LUT": 0.02281770198944377,
      "util-FF": 0.01005548788740019,
      "total-URAM": 0,
      "total-BRAM": 120,
      "total-DSP": 11,
      "total-LUT": 20232,
      "total-FF": 17832
    },
    "valid": true
  },
  "__PARA__L0-1.__PARA__L1-1.__PARA__L2-60.__PIPE__L0-NA.__PIPE__L1-NA": {
    "perf": 33983.0,
    "point": {
      "__PIPE__L0": "",
      "__PARA__L0": 1,
      "__PIPE__L1": "",
      "__PARA__L1": 1,
      "__PARA__L2": 60
    },
    "res_util": {
      "util-URAM": 0.015277777777777777,
      "util-BRAM": 0.11851851851851852,
      "util-DSP": 0.025730994152046785,
      "util-LUT": 0.02683493481301033,
      "util-FF": 0.021444602336806964,
      "total-URAM": 11,
      "total-BRAM": 384,
      "total-DSP": 132,
      "total-LUT": 23794,
      "total-FF": 38029
    },
    "valid": true
  },
  "__PARA__L0-1.__PARA__L1-2.__PARA__L2-60.__PIPE__L0-NA.__PIPE__L1-NA": {
    "perf": 156378.0,
    "point": {
      "__PIPE__L0": "",
      "__PARA__L0": 1,
      "__PIPE__L1": "",
      "__PARA__L1": 2,
      "__PARA__L2": 60
    },
    "res_util": {
      "util-URAM": 0.001388888888888889,
      "util-BRAM": 0.019753086419753086,
      "util-DSP": 0.0042884990253411305,
      "util-LUT": 0.022051924031217574,
      "util-FF": 0.016551630802544324,
      "total-URAM": 1,
      "total-BRAM": 64,
      "total-DSP": 22,
      "total-LUT": 19553,
      "total-FF": 29352
    },
    "valid": true
  },
  "__PARA__L0-1.__PARA__L1-4.__PARA__L2-60.__PIPE__L0-NA.__PIPE__L1-NA": {
    "perf": 0.0,
    "point": {
      "__PIPE__L0": "",
      "__PARA__L0": 1,
      "__PIPE__L1": "",
      "__PARA__L1": 4,
      "__PARA__L2": 60
    },
    "res_util": {
      "util-URAM": 0,
      "util-BRAM": 0,
      "util-DSP": 0,
      "util-LUT": 0,
      "util-FF": 0,
      "total-URAM": 0,
      "total-BRAM": 0,
      "total-DSP": 0,
      "total-LUT": 0,
      "total-FF": 0
    },
    "valid": false
  },
  "__PARA__L0-1.__PARA__L1-5.__PARA__L2-60.__PIPE__L0-NA.__PIPE__L1-NA": {
    "perf": 0.0,
    "point": {
      "__PIPE__L0": "",
      "__PARA__L0": 1,
      "__PIPE__L1": "",
      "__PARA__L1": 5,
      "__PARA__L2": 60
    },
    "res_util": {
      "util-URAM": 0,
      "util-BRAM": 0,
      "util-DSP": 0,
      "util-LUT": 0,
      "util-FF": 0,
      "total-URAM": 0,
      "total-BRAM": 0,
      "total-DSP": 0,
      "total-LUT": 0,
      "total-FF": 0
    },
    "valid": false
  },
  "__PARA__L0-1.__PARA__L1-8.__PARA__L2-60.__PIPE__L0-NA.__PIPE__L1-NA": {
    "perf": 0.0,
    "point": {
      "__PIPE__L0": "",
      "__PARA__L0": 1,
      "__PIPE__L1": "",
      "__PARA__L1": 8,
      "__PARA__L2": 60
    },
    "res_util": {
      "util-URAM": 0,
      "util-BRAM": 0,
      "util-DSP": 0,
      "util-LUT": 0,
      "util-FF": 0,
      "total-URAM": 0,
      "total-BRAM": 0,
      "total-DSP": 0,
      "total-LUT": 0,
      "total-FF": 0
    },
    "valid": false
  },
  "__PARA__L0-1.__PARA__L1-10.__PARA__L2-60.__PIPE__L0-NA.__PIPE__L1-NA": {
    "perf": 0.0,
    "point": {
      "__PIPE__L0": "",
      "__PARA__L0": 1,
      "__PIPE__L1": "",
      "__PARA__L1": 10,
      "__PARA__L2": 60
    },
    "res_util": {
      "util-URAM": 0,
      "util-BRAM": 0,
      "util-DSP": 0,
      "util-LUT": 0,
      "util-FF": 0,
      "total-URAM": 0,
      "total-BRAM": 0,
      "total-DSP": 0,
      "total-LUT": 0,
      "total-FF": 0
    },
    "valid": false
  },
  "__PARA__L0-1.__PARA__L1-16.__PARA__L2-60.__PIPE__L0-NA.__PIPE__L1-NA": {
    "perf": 0.0,
    "point": {
      "__PIPE__L0": "",
      "__PARA__L0": 1,
      "__PIPE__L1": "",
      "__PARA__L1": 16,
      "__PARA__L2": 60
    },
    "res_util": {
      "util-URAM": 0,
      "util-BRAM": 0,
      "util-DSP": 0,
      "util-LUT": 0,
      "util-FF": 0,
      "total-URAM": 0,
      "total-BRAM": 0,
      "total-DSP": 0,
      "total-LUT": 0,
      "total-FF": 0
    },
    "valid": false
  },
  "__PARA__L0-1.__PARA__L1-20.__PARA__L2-60.__PIPE__L0-NA.__PIPE__L1-NA": {
    "perf": 0.0,
    "point": {
      "__PIPE__L0": "",
      "__PARA__L0": 1,
      "__PIPE__L1": "",
      "__PARA__L1": 20,
      "__PARA__L2": 60
    },
    "res_util": {
      "util-URAM": 0,
      "util-BRAM": 0,
      "util-DSP": 0,
      "util-LUT": 0,
      "util-FF": 0,
      "total-URAM": 0,
      "total-BRAM": 0,
      "total-DSP": 0,
      "total-LUT": 0,
      "total-FF": 0
    },
    "valid": false
  },
  "__PARA__L0-1.__PARA__L1-32.__PARA__L2-60.__PIPE__L0-NA.__PIPE__L1-NA": {
    "perf": 0.0,
    "point": {
      "__PIPE__L0": "",
      "__PARA__L0": 1,
      "__PIPE__L1": "",
      "__PARA__L1": 32,
      "__PARA__L2": 60
    },
    "res_util": {
      "util-URAM": 0,
      "util-BRAM": 0,
      "util-DSP": 0,
      "util-LUT": 0,
      "util-FF": 0,
      "total-URAM": 0,
      "total-BRAM": 0,
      "total-DSP": 0,
      "total-LUT": 0,
      "total-FF": 0
    },
    "valid": false
  },
  "__PARA__L0-1.__PARA__L1-40.__PARA__L2-60.__PIPE__L0-NA.__PIPE__L1-NA": {
    "perf": 0.0,
    "point": {
      "__PIPE__L0": "",
      "__PARA__L0": 1,
      "__PIPE__L1": "",
      "__PARA__L1": 40,
      "__PARA__L2": 60
    },
    "res_util": {
      "util-URAM": 0,
      "util-BRAM": 0,
      "util-DSP": 0,
      "util-LUT": 0,
      "util-FF": 0,
      "total-URAM": 0,
      "total-BRAM": 0,
      "total-DSP": 0,
      "total-LUT": 0,
      "total-FF": 0
    },
    "valid": false
  },
  "__PARA__L0-1.__PARA__L1-64.__PARA__L2-60.__PIPE__L0-NA.__PIPE__L1-NA": {
    "perf": 0.0,
    "point": {
      "__PIPE__L0": "",
      "__PARA__L0": 1,
      "__PIPE__L1": "",
      "__PARA__L1": 64,
      "__PARA__L2": 60
    },
    "res_util": {
      "util-URAM": 0,
      "util-BRAM": 0,
      "util-DSP": 0,
      "util-LUT": 0,
      "util-FF": 0,
      "total-URAM": 0,
      "total-BRAM": 0,
      "total-DSP": 0,
      "total-LUT": 0,
      "total-FF": 0
    },
    "valid": false
  },
  "__PARA__L0-1.__PARA__L1-80.__PARA__L2-60.__PIPE__L0-NA.__PIPE__L1-NA": {
    "perf": 0.0,
    "point": {
      "__PIPE__L0": "",
      "__PARA__L0": 1,
      "__PIPE__L1": "",
      "__PARA__L1": 80,
      "__PARA__L2": 60
    },
    "res_util": {
      "util-URAM": 0,
      "util-BRAM": 0,
      "util-DSP": 0,
      "util-LUT": 0,
      "util-FF": 0,
      "total-URAM": 0,
      "total-BRAM": 0,
      "total-DSP": 0,
      "total-LUT": 0,
      "total-FF": 0
    },
    "valid": false
  },
  "__PARA__L0-1.__PARA__L1-1.__PARA__L2-60.__PIPE__L0-NA.__PIPE__L1-off": {
    "perf": 33983.0,
    "point": {
      "__PIPE__L0": "",
      "__PARA__L0": 1,
      "__PIPE__L1": "off",
      "__PARA__L1": 1,
      "__PARA__L2": 60
    },
    "res_util": {
      "util-URAM": 0.015277777777777777,
      "util-BRAM": 0.11851851851851852,
      "util-DSP": 0.025730994152046785,
      "util-LUT": 0.02683493481301033,
      "util-FF": 0.021444602336806964,
      "total-URAM": 11,
      "total-BRAM": 384,
      "total-DSP": 132,
      "total-LUT": 23794,
      "total-FF": 38029
    },
    "valid": true
  },
  "__PARA__L0-1.__PARA__L1-1.__PARA__L2-60.__PIPE__L0-NA.__PIPE__L1-   ": {
    "perf": 33983.0,
    "point": {
      "__PIPE__L0": "",
      "__PARA__L0": 1,
      "__PIPE__L1": "   ",
      "__PARA__L1": 1,
      "__PARA__L2": 60
    },
    "res_util": {
      "util-URAM": 0.015277777777777777,
      "util-BRAM": 0.11851851851851852,
      "util-DSP": 0.025730994152046785,
      "util-LUT": 0.02683493481301033,
      "util-FF": 0.021444602336806964,
      "total-URAM": 11,
      "total-BRAM": 384,
      "total-DSP": 132,
      "total-LUT": 23794,
      "total-FF": 38029
    },
    "valid": true
  },
  "__PARA__L0-2.__PARA__L1-1.__PARA__L2-60.__PIPE__L0-NA.__PIPE__L1-off": {
    "perf": 36488.0,
    "point": {
      "__PIPE__L0": "",
      "__PARA__L0": 2,
      "__PIPE__L1": "off",
      "__PARA__L1": 1,
      "__PARA__L2": 60
    },
    "res_util": {
      "util-URAM": 0.0,
      "util-BRAM": 0.037037037037037035,
      "util-DSP": 0.1280701754385965,
      "util-LUT": 0.09295461722380115,
      "util-FF": 0.05893896332385979,
      "total-URAM": 0,
      "total-BRAM": 120,
      "total-DSP": 657,
      "total-LUT": 82421,
      "total-FF": 104520
    },
    "valid": true
  },
  "__PARA__L0-3.__PARA__L1-1.__PARA__L2-60.__PIPE__L0-NA.__PIPE__L1-off": {
    "perf": 36168.0,
    "point": {
      "__PIPE__L0": "",
      "__PARA__L0": 3,
      "__PIPE__L1": "off",
      "__PARA__L1": 1,
      "__PARA__L2": 60
    },
    "res_util": {
      "util-URAM": 0.0,
      "util-BRAM": 0.037037037037037035,
      "util-DSP": 0.1280701754385965,
      "util-LUT": 0.11537194929399558,
      "util-FF": 0.07831122840258041,
      "total-URAM": 0,
      "total-BRAM": 120,
      "total-DSP": 657,
      "total-LUT": 102298,
      "total-FF": 138874
    },
    "valid": true
  },
  "__PARA__L0-4.__PARA__L1-1.__PARA__L2-60.__PIPE__L0-NA.__PIPE__L1-off": {
    "perf": 35903.0,
    "point": {
      "__PIPE__L0": "",
      "__PARA__L0": 4,
      "__PIPE__L1": "off",
      "__PARA__L1": 1,
      "__PARA__L2": 60
    },
    "res_util": {
      "util-URAM": 0.0,
      "util-BRAM": 0.037037037037037035,
      "util-DSP": 0.1280701754385965,
      "util-LUT": 0.11309153245815852,
      "util-FF": 0.08004917219289935,
      "total-URAM": 0,
      "total-BRAM": 120,
      "total-DSP": 657,
      "total-LUT": 100276,
      "total-FF": 141956
    },
    "valid": true
  },
  "__PARA__L0-5.__PARA__L1-1.__PARA__L2-60.__PIPE__L0-NA.__PIPE__L1-off": {
    "perf": 35600.0,
    "point": {
      "__PIPE__L0": "",
      "__PARA__L0": 5,
      "__PIPE__L1": "off",
      "__PARA__L1": 1,
      "__PARA__L2": 60
    },
    "res_util": {
      "util-URAM": 0.0,
      "util-BRAM": 0.037037037037037035,
      "util-DSP": 0.1280701754385965,
      "util-LUT": 0.14529819100464655,
      "util-FF": 0.10688861821626743,
      "total-URAM": 0,
      "total-BRAM": 120,
      "total-DSP": 657,
      "total-LUT": 128833,
      "total-FF": 189552
    },
    "valid": true
  },
  "__PARA__L0-6.__PARA__L1-1.__PARA__L2-60.__PIPE__L0-NA.__PIPE__L1-off": {
    "perf": 35278.0,
    "point": {
      "__PIPE__L0": "",
      "__PARA__L0": 6,
      "__PIPE__L1": "off",
      "__PARA__L1": 1,
      "__PARA__L2": 60
    },
    "res_util": {
      "util-URAM": 0.0,
      "util-BRAM": 0.037037037037037035,
      "util-DSP": 0.1280701754385965,
      "util-LUT": 0.14331551405242027,
      "util-FF": 0.10811228402580413,
      "total-URAM": 0,
      "total-BRAM": 120,
      "total-DSP": 657,
      "total-LUT": 127075,
      "total-FF": 191722
    },
    "valid": true
  },
  "__PARA__L0-8.__PARA__L1-1.__PARA__L2-60.__PIPE__L0-NA.__PIPE__L1-off": {
    "perf": 37017.0,
    "point": {
      "__PIPE__L0": "",
      "__PARA__L0": 8,
      "__PIPE__L1": "off",
      "__PARA__L1": 1,
      "__PARA__L2": 60
    },
    "res_util": {
      "util-URAM": 0.0,
      "util-BRAM": 0.037037037037037035,
      "util-DSP": 0.1280701754385965,
      "util-LUT": 0.18085216763657688,
      "util-FF": 0.121137276131186,
      "total-URAM": 0,
      "total-BRAM": 120,
      "total-DSP": 657,
      "total-LUT": 160358,
      "total-FF": 214820
    },
    "valid": true
  },
  "__PARA__L0-10.__PARA__L1-1.__PARA__L2-60.__PIPE__L0-NA.__PIPE__L1-off": {
    "perf": 34004.0,
    "point": {
      "__PIPE__L0": "",
      "__PARA__L0": 10,
      "__PIPE__L1": "off",
      "__PARA__L1": 1,
      "__PARA__L2": 60
    },
    "res_util": {
      "util-URAM": 0.0,
      "util-BRAM": 0.037037037037037035,
      "util-DSP": 0.1280701754385965,
      "util-LUT": 0.18532052149591735,
      "util-FF": 0.15179658952496955,
      "total-URAM": 0,
      "total-BRAM": 120,
      "total-DSP": 657,
      "total-LUT": 164320,
      "total-FF": 269190
    },
    "valid": true
  },
  "__PARA__L0-12.__PARA__L1-1.__PARA__L2-60.__PIPE__L0-NA.__PIPE__L1-off": {
    "perf": 33338.0,
    "point": {
      "__PIPE__L0": "",
      "__PARA__L0": 12,
      "__PIPE__L1": "off",
      "__PARA__L1": 1,
      "__PARA__L2": 60
    },
    "res_util": {
      "util-URAM": 0.0,
      "util-BRAM": 0.037037037037037035,
      "util-DSP": 0.1280701754385965,
      "util-LUT": 0.18669982406279606,
      "util-FF": 0.16095209094600083,
      "total-URAM": 0,
      "total-BRAM": 120,
      "total-DSP": 657,
      "total-LUT": 165543,
      "total-FF": 285426
    },
    "valid": true
  },
  "__PARA__L0-15.__PARA__L1-1.__PARA__L2-60.__PIPE__L0-NA.__PIPE__L1-off": {
    "perf": 32312.0,
    "point": {
      "__PIPE__L0": "",
      "__PARA__L0": 15,
      "__PIPE__L1": "off",
      "__PARA__L1": 1,
      "__PARA__L2": 60
    },
    "res_util": {
      "util-URAM": 0.0,
      "util-BRAM": 0.037037037037037035,
      "util-DSP": 0.1280701754385965,
      "util-LUT": 0.2524597374475572,
      "util-FF": 0.22455733748364687,
      "total-URAM": 0,
      "total-BRAM": 120,
      "total-DSP": 657,
      "total-LUT": 223851,
      "total-FF": 398221
    },
    "valid": true
  },
  "__PARA__L0-16.__PARA__L1-1.__PARA__L2-60.__PIPE__L0-NA.__PIPE__L1-off": {
    "perf": 34537.0,
    "point": {
      "__PIPE__L0": "",
      "__PARA__L0": 16,
      "__PIPE__L1": "off",
      "__PARA__L1": 1,
      "__PARA__L2": 60
    },
    "res_util": {
      "util-URAM": 0.0,
      "util-BRAM": 0.037037037037037035,
      "util-DSP": 0.1280701754385965,
      "util-LUT": 0.2567363648666937,
      "util-FF": 0.1889018586186674,
      "total-URAM": 0,
      "total-BRAM": 120,
      "total-DSP": 657,
      "total-LUT": 227643,
      "total-FF": 334991
    },
    "valid": true
  },
  "__PARA__L0-20.__PARA__L1-1.__PARA__L2-60.__PIPE__L0-NA.__PIPE__L1-off": {
    "perf": 30641.0,
    "point": {
      "__PIPE__L0": "",
      "__PARA__L0": 20,
      "__PIPE__L1": "off",
      "__PARA__L1": 1,
      "__PARA__L2": 60
    },
    "res_util": {
      "util-URAM": 0.0,
      "util-BRAM": 0.037037037037037035,
      "util-DSP": 0.1280701754385965,
      "util-LUT": 0.23868701222538008,
      "util-FF": 0.2223282356656291,
      "total-URAM": 0,
      "total-BRAM": 120,
      "total-DSP": 657,
      "total-LUT": 211639,
      "total-FF": 394268
    },
    "valid": true
  },
  "__PARA__L0-30.__PARA__L1-1.__PARA__L2-60.__PIPE__L0-NA.__PIPE__L1-off": {
    "perf": 27170.0,
    "point": {
      "__PIPE__L0": "",
      "__PARA__L0": 30,
      "__PIPE__L1": "off",
      "__PARA__L1": 1,
      "__PARA__L2": 60
    },
    "res_util": {
      "util-URAM": 0.0,
      "util-BRAM": 0.037037037037037035,
      "util-DSP": 0.1280701754385965,
      "util-LUT": 0.291177200342852,
      "util-FF": 0.2877424775567285,
      "total-URAM": 0,
      "total-BRAM": 120,
      "total-DSP": 657,
      "total-LUT": 258181,
      "total-FF": 510271
    },
    "valid": true
  },
  "__PARA__L0-32.__PARA__L1-1.__PARA__L2-60.__PIPE__L0-NA.__PIPE__L1-off": {
    "perf": 28903.0,
    "point": {
      "__PIPE__L0": "",
      "__PARA__L0": 32,
      "__PIPE__L1": "off",
      "__PARA__L1": 1,
      "__PARA__L2": 60
    },
    "res_util": {
      "util-URAM": 0.0,
      "util-BRAM": 0.037037037037037035,
      "util-DSP": 0.1280701754385965,
      "util-LUT": 0.3388212207335228,
      "util-FF": 0.2731695763973474,
      "total-URAM": 0,
      "total-BRAM": 120,
      "total-DSP": 657,
      "total-LUT": 300426,
      "total-FF": 484428
    },
    "valid": true
  },
  "__PARA__L0-60.__PARA__L1-1.__PARA__L2-60.__PIPE__L0-NA.__PIPE__L1-off": {
    "perf": 17679.0,
    "point": {
      "__PIPE__L0": "",
      "__PARA__L0": 60,
      "__PIPE__L1": "off",
      "__PARA__L1": 1,
      "__PARA__L2": 60
    },
    "res_util": {
      "util-URAM": 0.001388888888888889,
      "util-BRAM": 0.037037037037037035,
      "util-DSP": 0.1280701754385965,
      "util-LUT": 0.152557856272838,
      "util-FF": 0.23402749582713042,
      "total-URAM": 1,
      "total-BRAM": 120,
      "total-DSP": 657,
      "total-LUT": 135270,
      "total-FF": 415015
    },
    "valid": true
  },
  "__PARA__L0-60.__PARA__L1-1.__PARA__L2-60.__PIPE__L0-off.__PIPE__L1-off": {
    "perf": 17679.0,
    "point": {
      "__PIPE__L0": "off",
      "__PARA__L0": 60,
      "__PIPE__L1": "off",
      "__PARA__L1": 1,
      "__PARA__L2": 60
    },
    "res_util": {
      "util-URAM": 0.001388888888888889,
      "util-BRAM": 0.037037037037037035,
      "util-DSP": 0.1280701754385965,
      "util-LUT": 0.152557856272838,
      "util-FF": 0.23402749582713042,
      "total-URAM": 1,
      "total-BRAM": 120,
      "total-DSP": 657,
      "total-LUT": 135270,
      "total-FF": 415015
    },
    "valid": true
  },
  "__PARA__L0-60.__PARA__L1-1.__PARA__L2-60.__PIPE__L0-   .__PIPE__L1-off": {
    "perf": 0.0,
    "point": {
      "__PIPE__L0": "   ",
      "__PARA__L0": 60,
      "__PIPE__L1": "off",
      "__PARA__L1": 1,
      "__PARA__L2": 60
    },
    "res_util": {
      "util-URAM": 0,
      "util-BRAM": 0,
      "util-DSP": 0,
      "util-LUT": 0,
      "util-FF": 0,
      "total-URAM": 0,
      "total-BRAM": 0,
      "total-DSP": 0,
      "total-LUT": 0,
      "total-FF": 0
    },
    "valid": false
  },
  "__PARA__L0-30.__PARA__L1-1.__PARA__L2-60.__PIPE__L0-off.__PIPE__L1-off": {
    "perf": 27170.0,
    "point": {
      "__PIPE__L0": "off",
      "__PARA__L0": 30,
      "__PIPE__L1": "off",
      "__PARA__L1": 1,
      "__PARA__L2": 60
    },
    "res_util": {
      "util-URAM": 0.0,
      "util-BRAM": 0.037037037037037035,
      "util-DSP": 0.1280701754385965,
      "util-LUT": 0.291177200342852,
      "util-FF": 0.2877424775567285,
      "total-URAM": 0,
      "total-BRAM": 120,
      "total-DSP": 657,
      "total-LUT": 258181,
      "total-FF": 510271
    },
    "valid": true
  },
  "__PARA__L0-30.__PARA__L1-1.__PARA__L2-60.__PIPE__L0-   .__PIPE__L1-off": {
    "perf": 0.0,
    "point": {
      "__PIPE__L0": "   ",
      "__PARA__L0": 30,
      "__PIPE__L1": "off",
      "__PARA__L1": 1,
      "__PARA__L2": 60
    },
    "res_util": {
      "util-URAM": 0,
      "util-BRAM": 0,
      "util-DSP": 0,
      "util-LUT": 0,
      "util-FF": 0,
      "total-URAM": 0,
      "total-BRAM": 0,
      "total-DSP": 0,
      "total-LUT": 0,
      "total-FF": 0
    },
    "valid": false
  },
  "__PARA__L0-32.__PARA__L1-1.__PARA__L2-60.__PIPE__L0-off.__PIPE__L1-off": {
    "perf": 28903.0,
    "point": {
      "__PIPE__L0": "off",
      "__PARA__L0": 32,
      "__PIPE__L1": "off",
      "__PARA__L1": 1,
      "__PARA__L2": 60
    },
    "res_util": {
      "util-URAM": 0.0,
      "util-BRAM": 0.037037037037037035,
      "util-DSP": 0.1280701754385965,
      "util-LUT": 0.3388212207335228,
      "util-FF": 0.2731695763973474,
      "total-URAM": 0,
      "total-BRAM": 120,
      "total-DSP": 657,
      "total-LUT": 300426,
      "total-FF": 484428
    },
    "valid": true
  },
  "__PARA__L0-32.__PARA__L1-1.__PARA__L2-60.__PIPE__L0-   .__PIPE__L1-off": {
    "perf": 0.0,
    "point": {
      "__PIPE__L0": "   ",
      "__PARA__L0": 32,
      "__PIPE__L1": "off",
      "__PARA__L1": 1,
      "__PARA__L2": 60
    },
    "res_util": {
      "util-URAM": 0,
      "util-BRAM": 0,
      "util-DSP": 0,
      "util-LUT": 0,
      "util-FF": 0,
      "total-URAM": 0,
      "total-BRAM": 0,
      "total-DSP": 0,
      "total-LUT": 0,
      "total-FF": 0
    },
    "valid": false
  },
  "__PARA__L0-20.__PARA__L1-1.__PARA__L2-60.__PIPE__L0-off.__PIPE__L1-off": {
    "perf": 30641.0,
    "point": {
      "__PIPE__L0": "off",
      "__PARA__L0": 20,
      "__PIPE__L1": "off",
      "__PARA__L1": 1,
      "__PARA__L2": 60
    },
    "res_util": {
      "util-URAM": 0.0,
      "util-BRAM": 0.037037037037037035,
      "util-DSP": 0.1280701754385965,
      "util-LUT": 0.23868701222538008,
      "util-FF": 0.2223282356656291,
      "total-URAM": 0,
      "total-BRAM": 120,
      "total-DSP": 657,
      "total-LUT": 211639,
      "total-FF": 394268
    },
    "valid": true
  },
  "__PARA__L0-20.__PARA__L1-1.__PARA__L2-60.__PIPE__L0-   .__PIPE__L1-off": {
    "perf": 0.0,
    "point": {
      "__PIPE__L0": "   ",
      "__PARA__L0": 20,
      "__PIPE__L1": "off",
      "__PARA__L1": 1,
      "__PARA__L2": 60
    },
    "res_util": {
      "util-URAM": 0,
      "util-BRAM": 0,
      "util-DSP": 0,
      "util-LUT": 0,
      "util-FF": 0,
      "total-URAM": 0,
      "total-BRAM": 0,
      "total-DSP": 0,
      "total-LUT": 0,
      "total-FF": 0
    },
    "valid": false
  },
  "__PARA__L0-15.__PARA__L1-1.__PARA__L2-60.__PIPE__L0-off.__PIPE__L1-off": {
    "perf": 32312.0,
    "point": {
      "__PIPE__L0": "off",
      "__PARA__L0": 15,
      "__PIPE__L1": "off",
      "__PARA__L1": 1,
      "__PARA__L2": 60
    },
    "res_util": {
      "util-URAM": 0.0,
      "util-BRAM": 0.037037037037037035,
      "util-DSP": 0.1280701754385965,
      "util-LUT": 0.2524597374475572,
      "util-FF": 0.22455733748364687,
      "total-URAM": 0,
      "total-BRAM": 120,
      "total-DSP": 657,
      "total-LUT": 223851,
      "total-FF": 398221
    },
    "valid": true
  },
  "__PARA__L0-15.__PARA__L1-1.__PARA__L2-60.__PIPE__L0-   .__PIPE__L1-off": {
    "perf": 0.0,
    "point": {
      "__PIPE__L0": "   ",
      "__PARA__L0": 15,
      "__PIPE__L1": "off",
      "__PARA__L1": 1,
      "__PARA__L2": 60
    },
    "res_util": {
      "util-URAM": 0,
      "util-BRAM": 0,
      "util-DSP": 0,
      "util-LUT": 0,
      "util-FF": 0,
      "total-URAM": 0,
      "total-BRAM": 0,
      "total-DSP": 0,
      "total-LUT": 0,
      "total-FF": 0
    },
    "valid": false
  },
  "__PARA__L0-12.__PARA__L1-1.__PARA__L2-60.__PIPE__L0-off.__PIPE__L1-off": {
    "perf": 33338.0,
    "point": {
      "__PIPE__L0": "off",
      "__PARA__L0": 12,
      "__PIPE__L1": "off",
      "__PARA__L1": 1,
      "__PARA__L2": 60
    },
    "res_util": {
      "util-URAM": 0.0,
      "util-BRAM": 0.037037037037037035,
      "util-DSP": 0.1280701754385965,
      "util-LUT": 0.18669982406279606,
      "util-FF": 0.16095209094600083,
      "total-URAM": 0,
      "total-BRAM": 120,
      "total-DSP": 657,
      "total-LUT": 165543,
      "total-FF": 285426
    },
    "valid": true
  },
  "__PARA__L0-12.__PARA__L1-1.__PARA__L2-60.__PIPE__L0-   .__PIPE__L1-off": {
    "perf": 0.0,
    "point": {
      "__PIPE__L0": "   ",
      "__PARA__L0": 12,
      "__PIPE__L1": "off",
      "__PARA__L1": 1,
      "__PARA__L2": 60
    },
    "res_util": {
      "util-URAM": 0,
      "util-BRAM": 0,
      "util-DSP": 0,
      "util-LUT": 0,
      "util-FF": 0,
      "total-URAM": 0,
      "total-BRAM": 0,
      "total-DSP": 0,
      "total-LUT": 0,
      "total-FF": 0
    },
    "valid": false
  },
  "__PARA__L0-1.__PARA__L1-1.__PARA__L2-60.__PIPE__L0-off.__PIPE__L1-off": {
    "perf": 33983.0,
    "point": {
      "__PIPE__L0": "off",
      "__PARA__L0": 1,
      "__PIPE__L1": "off",
      "__PARA__L1": 1,
      "__PARA__L2": 60
    },
    "res_util": {
      "util-URAM": 0.015277777777777777,
      "util-BRAM": 0.11851851851851852,
      "util-DSP": 0.025730994152046785,
      "util-LUT": 0.02683493481301033,
      "util-FF": 0.021444602336806964,
      "total-URAM": 11,
      "total-BRAM": 384,
      "total-DSP": 132,
      "total-LUT": 23794,
      "total-FF": 38029
    },
    "valid": true
  },
  "__PARA__L0-1.__PARA__L1-1.__PARA__L2-60.__PIPE__L0-   .__PIPE__L1-off": {
    "perf": 0.0,
    "point": {
      "__PIPE__L0": "   ",
      "__PARA__L0": 1,
      "__PIPE__L1": "off",
      "__PARA__L1": 1,
      "__PARA__L2": 60
    },
    "res_util": {
      "util-URAM": 0,
      "util-BRAM": 0,
      "util-DSP": 0,
      "util-LUT": 0,
      "util-FF": 0,
      "total-URAM": 0,
      "total-BRAM": 0,
      "total-DSP": 0,
      "total-LUT": 0,
      "total-FF": 0
    },
    "valid": false
  },
  "__PARA__L0-10.__PARA__L1-1.__PARA__L2-60.__PIPE__L0-off.__PIPE__L1-off": {
    "perf": 34004.0,
    "point": {
      "__PIPE__L0": "off",
      "__PARA__L0": 10,
      "__PIPE__L1": "off",
      "__PARA__L1": 1,
      "__PARA__L2": 60
    },
    "res_util": {
      "util-URAM": 0.0,
      "util-BRAM": 0.037037037037037035,
      "util-DSP": 0.1280701754385965,
      "util-LUT": 0.18532052149591735,
      "util-FF": 0.15179658952496955,
      "total-URAM": 0,
      "total-BRAM": 120,
      "total-DSP": 657,
      "total-LUT": 164320,
      "total-FF": 269190
    },
    "valid": true
  },
  "__PARA__L0-10.__PARA__L1-1.__PARA__L2-60.__PIPE__L0-   .__PIPE__L1-off": {
    "perf": 0.0,
    "point": {
      "__PIPE__L0": "   ",
      "__PARA__L0": 10,
      "__PIPE__L1": "off",
      "__PARA__L1": 1,
      "__PARA__L2": 60
    },
    "res_util": {
      "util-URAM": 0,
      "util-BRAM": 0,
      "util-DSP": 0,
      "util-LUT": 0,
      "util-FF": 0,
      "total-URAM": 0,
      "total-BRAM": 0,
      "total-DSP": 0,
      "total-LUT": 0,
      "total-FF": 0
    },
    "valid": false
  },
  "__PARA__L0-16.__PARA__L1-1.__PARA__L2-60.__PIPE__L0-off.__PIPE__L1-off": {
    "perf": 34537.0,
    "point": {
      "__PIPE__L0": "off",
      "__PARA__L0": 16,
      "__PIPE__L1": "off",
      "__PARA__L1": 1,
      "__PARA__L2": 60
    },
    "res_util": {
      "util-URAM": 0.0,
      "util-BRAM": 0.037037037037037035,
      "util-DSP": 0.1280701754385965,
      "util-LUT": 0.2567363648666937,
      "util-FF": 0.1889018586186674,
      "total-URAM": 0,
      "total-BRAM": 120,
      "total-DSP": 657,
      "total-LUT": 227643,
      "total-FF": 334991
    },
    "valid": true
  },
  "__PARA__L0-16.__PARA__L1-1.__PARA__L2-60.__PIPE__L0-   .__PIPE__L1-off": {
    "perf": 0.0,
    "point": {
      "__PIPE__L0": "   ",
      "__PARA__L0": 16,
      "__PIPE__L1": "off",
      "__PARA__L1": 1,
      "__PARA__L2": 60
    },
    "res_util": {
      "util-URAM": 0,
      "util-BRAM": 0,
      "util-DSP": 0,
      "util-LUT": 0,
      "util-FF": 0,
      "total-URAM": 0,
      "total-BRAM": 0,
      "total-DSP": 0,
      "total-LUT": 0,
      "total-FF": 0
    },
    "valid": false
  },
  "__PARA__L0-6.__PARA__L1-1.__PARA__L2-60.__PIPE__L0-off.__PIPE__L1-off": {
    "perf": 35278.0,
    "point": {
      "__PIPE__L0": "off",
      "__PARA__L0": 6,
      "__PIPE__L1": "off",
      "__PARA__L1": 1,
      "__PARA__L2": 60
    },
    "res_util": {
      "util-URAM": 0.0,
      "util-BRAM": 0.037037037037037035,
      "util-DSP": 0.1280701754385965,
      "util-LUT": 0.14331551405242027,
      "util-FF": 0.10811228402580413,
      "total-URAM": 0,
      "total-BRAM": 120,
      "total-DSP": 657,
      "total-LUT": 127075,
      "total-FF": 191722
    },
    "valid": true
  },
  "__PARA__L0-6.__PARA__L1-1.__PARA__L2-60.__PIPE__L0-   .__PIPE__L1-off": {
    "perf": 0.0,
    "point": {
      "__PIPE__L0": "   ",
      "__PARA__L0": 6,
      "__PIPE__L1": "off",
      "__PARA__L1": 1,
      "__PARA__L2": 60
    },
    "res_util": {
      "util-URAM": 0,
      "util-BRAM": 0,
      "util-DSP": 0,
      "util-LUT": 0,
      "util-FF": 0,
      "total-URAM": 0,
      "total-BRAM": 0,
      "total-DSP": 0,
      "total-LUT": 0,
      "total-FF": 0
    },
    "valid": false
  },
  "__PARA__L0-5.__PARA__L1-1.__PARA__L2-60.__PIPE__L0-off.__PIPE__L1-off": {
    "perf": 35600.0,
    "point": {
      "__PIPE__L0": "off",
      "__PARA__L0": 5,
      "__PIPE__L1": "off",
      "__PARA__L1": 1,
      "__PARA__L2": 60
    },
    "res_util": {
      "util-URAM": 0.0,
      "util-BRAM": 0.037037037037037035,
      "util-DSP": 0.1280701754385965,
      "util-LUT": 0.14529819100464655,
      "util-FF": 0.10688861821626743,
      "total-URAM": 0,
      "total-BRAM": 120,
      "total-DSP": 657,
      "total-LUT": 128833,
      "total-FF": 189552
    },
    "valid": true
  },
  "__PARA__L0-5.__PARA__L1-1.__PARA__L2-60.__PIPE__L0-   .__PIPE__L1-off": {
    "perf": 0.0,
    "point": {
      "__PIPE__L0": "   ",
      "__PARA__L0": 5,
      "__PIPE__L1": "off",
      "__PARA__L1": 1,
      "__PARA__L2": 60
    },
    "res_util": {
      "util-URAM": 0,
      "util-BRAM": 0,
      "util-DSP": 0,
      "util-LUT": 0,
      "util-FF": 0,
      "total-URAM": 0,
      "total-BRAM": 0,
      "total-DSP": 0,
      "total-LUT": 0,
      "total-FF": 0
    },
    "valid": false
  },
  "__PARA__L0-4.__PARA__L1-1.__PARA__L2-60.__PIPE__L0-off.__PIPE__L1-off": {
    "perf": 35903.0,
    "point": {
      "__PIPE__L0": "off",
      "__PARA__L0": 4,
      "__PIPE__L1": "off",
      "__PARA__L1": 1,
      "__PARA__L2": 60
    },
    "res_util": {
      "util-URAM": 0.0,
      "util-BRAM": 0.037037037037037035,
      "util-DSP": 0.1280701754385965,
      "util-LUT": 0.11309153245815852,
      "util-FF": 0.08004917219289935,
      "total-URAM": 0,
      "total-BRAM": 120,
      "total-DSP": 657,
      "total-LUT": 100276,
      "total-FF": 141956
    },
    "valid": true
  },
  "__PARA__L0-4.__PARA__L1-1.__PARA__L2-60.__PIPE__L0-   .__PIPE__L1-off": {
    "perf": 0.0,
    "point": {
      "__PIPE__L0": "   ",
      "__PARA__L0": 4,
      "__PIPE__L1": "off",
      "__PARA__L1": 1,
      "__PARA__L2": 60
    },
    "res_util": {
      "util-URAM": 0,
      "util-BRAM": 0,
      "util-DSP": 0,
      "util-LUT": 0,
      "util-FF": 0,
      "total-URAM": 0,
      "total-BRAM": 0,
      "total-DSP": 0,
      "total-LUT": 0,
      "total-FF": 0
    },
    "valid": false
  },
  "__PARA__L0-3.__PARA__L1-1.__PARA__L2-60.__PIPE__L0-off.__PIPE__L1-off": {
    "perf": 36168.0,
    "point": {
      "__PIPE__L0": "off",
      "__PARA__L0": 3,
      "__PIPE__L1": "off",
      "__PARA__L1": 1,
      "__PARA__L2": 60
    },
    "res_util": {
      "util-URAM": 0.0,
      "util-BRAM": 0.037037037037037035,
      "util-DSP": 0.1280701754385965,
      "util-LUT": 0.11537194929399558,
      "util-FF": 0.07831122840258041,
      "total-URAM": 0,
      "total-BRAM": 120,
      "total-DSP": 657,
      "total-LUT": 102298,
      "total-FF": 138874
    },
    "valid": true
  },
  "__PARA__L0-3.__PARA__L1-1.__PARA__L2-60.__PIPE__L0-   .__PIPE__L1-off": {
    "perf": 0.0,
    "point": {
      "__PIPE__L0": "   ",
      "__PARA__L0": 3,
      "__PIPE__L1": "off",
      "__PARA__L1": 1,
      "__PARA__L2": 60
    },
    "res_util": {
      "util-URAM": 0,
      "util-BRAM": 0,
      "util-DSP": 0,
      "util-LUT": 0,
      "util-FF": 0,
      "total-URAM": 0,
      "total-BRAM": 0,
      "total-DSP": 0,
      "total-LUT": 0,
      "total-FF": 0
    },
    "valid": false
  },
  "__PARA__L0-2.__PARA__L1-1.__PARA__L2-60.__PIPE__L0-off.__PIPE__L1-off": {
    "perf": 36488.0,
    "point": {
      "__PIPE__L0": "off",
      "__PARA__L0": 2,
      "__PIPE__L1": "off",
      "__PARA__L1": 1,
      "__PARA__L2": 60
    },
    "res_util": {
      "util-URAM": 0.0,
      "util-BRAM": 0.037037037037037035,
      "util-DSP": 0.1280701754385965,
      "util-LUT": 0.09295461722380115,
      "util-FF": 0.05893896332385979,
      "total-URAM": 0,
      "total-BRAM": 120,
      "total-DSP": 657,
      "total-LUT": 82421,
      "total-FF": 104520
    },
    "valid": true
  },
  "__PARA__L0-2.__PARA__L1-1.__PARA__L2-60.__PIPE__L0-   .__PIPE__L1-off": {
    "perf": 0.0,
    "point": {
      "__PIPE__L0": "   ",
      "__PARA__L0": 2,
      "__PIPE__L1": "off",
      "__PARA__L1": 1,
      "__PARA__L2": 60
    },
    "res_util": {
      "util-URAM": 0,
      "util-BRAM": 0,
      "util-DSP": 0,
      "util-LUT": 0,
      "util-FF": 0,
      "total-URAM": 0,
      "total-BRAM": 0,
      "total-DSP": 0,
      "total-LUT": 0,
      "total-FF": 0
    },
    "valid": false
  },
  "__PARA__L0-8.__PARA__L1-1.__PARA__L2-60.__PIPE__L0-off.__PIPE__L1-off": {
    "perf": 37017.0,
    "point": {
      "__PIPE__L0": "off",
      "__PARA__L0": 8,
      "__PIPE__L1": "off",
      "__PARA__L1": 1,
      "__PARA__L2": 60
    },
    "res_util": {
      "util-URAM": 0.0,
      "util-BRAM": 0.037037037037037035,
      "util-DSP": 0.1280701754385965,
      "util-LUT": 0.18085216763657688,
      "util-FF": 0.121137276131186,
      "total-URAM": 0,
      "total-BRAM": 120,
      "total-DSP": 657,
      "total-LUT": 160358,
      "total-FF": 214820
    },
    "valid": true
  },
  "__PARA__L0-8.__PARA__L1-1.__PARA__L2-60.__PIPE__L0-   .__PIPE__L1-off": {
    "perf": 0.0,
    "point": {
      "__PIPE__L0": "   ",
      "__PARA__L0": 8,
      "__PIPE__L1": "off",
      "__PARA__L1": 1,
      "__PARA__L2": 60
    },
    "res_util": {
      "util-URAM": 0,
      "util-BRAM": 0,
      "util-DSP": 0,
      "util-LUT": 0,
      "util-FF": 0,
      "total-URAM": 0,
      "total-BRAM": 0,
      "total-DSP": 0,
      "total-LUT": 0,
      "total-FF": 0
    },
    "valid": false
  },
  "__PARA__L0-2.__PARA__L1-1.__PARA__L2-60.__PIPE__L0-NA.__PIPE__L1-   ": {
    "perf": 36488.0,
    "point": {
      "__PIPE__L0": "",
      "__PARA__L0": 2,
      "__PIPE__L1": "   ",
      "__PARA__L1": 1,
      "__PARA__L2": 60
    },
    "res_util": {
      "util-URAM": 0.0,
      "util-BRAM": 0.037037037037037035,
      "util-DSP": 0.1280701754385965,
      "util-LUT": 0.09295461722380115,
      "util-FF": 0.05893896332385979,
      "total-URAM": 0,
      "total-BRAM": 120,
      "total-DSP": 657,
      "total-LUT": 82421,
      "total-FF": 104520
    },
    "valid": true
  },
  "__PARA__L0-3.__PARA__L1-1.__PARA__L2-60.__PIPE__L0-NA.__PIPE__L1-   ": {
    "perf": 36168.0,
    "point": {
      "__PIPE__L0": "",
      "__PARA__L0": 3,
      "__PIPE__L1": "   ",
      "__PARA__L1": 1,
      "__PARA__L2": 60
    },
    "res_util": {
      "util-URAM": 0.0,
      "util-BRAM": 0.037037037037037035,
      "util-DSP": 0.1280701754385965,
      "util-LUT": 0.11537194929399558,
      "util-FF": 0.07831122840258041,
      "total-URAM": 0,
      "total-BRAM": 120,
      "total-DSP": 657,
      "total-LUT": 102298,
      "total-FF": 138874
    },
    "valid": true
  },
  "__PARA__L0-4.__PARA__L1-1.__PARA__L2-60.__PIPE__L0-NA.__PIPE__L1-   ": {
    "perf": 35903.0,
    "point": {
      "__PIPE__L0": "",
      "__PARA__L0": 4,
      "__PIPE__L1": "   ",
      "__PARA__L1": 1,
      "__PARA__L2": 60
    },
    "res_util": {
      "util-URAM": 0.0,
      "util-BRAM": 0.037037037037037035,
      "util-DSP": 0.1280701754385965,
      "util-LUT": 0.11309153245815852,
      "util-FF": 0.08004917219289935,
      "total-URAM": 0,
      "total-BRAM": 120,
      "total-DSP": 657,
      "total-LUT": 100276,
      "total-FF": 141956
    },
    "valid": true
  },
  "__PARA__L0-5.__PARA__L1-1.__PARA__L2-60.__PIPE__L0-NA.__PIPE__L1-   ": {
    "perf": 35600.0,
    "point": {
      "__PIPE__L0": "",
      "__PARA__L0": 5,
      "__PIPE__L1": "   ",
      "__PARA__L1": 1,
      "__PARA__L2": 60
    },
    "res_util": {
      "util-URAM": 0.0,
      "util-BRAM": 0.037037037037037035,
      "util-DSP": 0.1280701754385965,
      "util-LUT": 0.14529819100464655,
      "util-FF": 0.10688861821626743,
      "total-URAM": 0,
      "total-BRAM": 120,
      "total-DSP": 657,
      "total-LUT": 128833,
      "total-FF": 189552
    },
    "valid": true
  },
  "__PARA__L0-6.__PARA__L1-1.__PARA__L2-60.__PIPE__L0-NA.__PIPE__L1-   ": {
    "perf": 35278.0,
    "point": {
      "__PIPE__L0": "",
      "__PARA__L0": 6,
      "__PIPE__L1": "   ",
      "__PARA__L1": 1,
      "__PARA__L2": 60
    },
    "res_util": {
      "util-URAM": 0.0,
      "util-BRAM": 0.037037037037037035,
      "util-DSP": 0.1280701754385965,
      "util-LUT": 0.14331551405242027,
      "util-FF": 0.10811228402580413,
      "total-URAM": 0,
      "total-BRAM": 120,
      "total-DSP": 657,
      "total-LUT": 127075,
      "total-FF": 191722
    },
    "valid": true
  },
  "__PARA__L0-8.__PARA__L1-1.__PARA__L2-60.__PIPE__L0-NA.__PIPE__L1-   ": {
    "perf": 37017.0,
    "point": {
      "__PIPE__L0": "",
      "__PARA__L0": 8,
      "__PIPE__L1": "   ",
      "__PARA__L1": 1,
      "__PARA__L2": 60
    },
    "res_util": {
      "util-URAM": 0.0,
      "util-BRAM": 0.037037037037037035,
      "util-DSP": 0.1280701754385965,
      "util-LUT": 0.18085216763657688,
      "util-FF": 0.121137276131186,
      "total-URAM": 0,
      "total-BRAM": 120,
      "total-DSP": 657,
      "total-LUT": 160358,
      "total-FF": 214820
    },
    "valid": true
  },
  "__PARA__L0-10.__PARA__L1-1.__PARA__L2-60.__PIPE__L0-NA.__PIPE__L1-   ": {
    "perf": 34004.0,
    "point": {
      "__PIPE__L0": "",
      "__PARA__L0": 10,
      "__PIPE__L1": "   ",
      "__PARA__L1": 1,
      "__PARA__L2": 60
    },
    "res_util": {
      "util-URAM": 0.0,
      "util-BRAM": 0.037037037037037035,
      "util-DSP": 0.1280701754385965,
      "util-LUT": 0.18532052149591735,
      "util-FF": 0.15179658952496955,
      "total-URAM": 0,
      "total-BRAM": 120,
      "total-DSP": 657,
      "total-LUT": 164320,
      "total-FF": 269190
    },
    "valid": true
  },
  "__PARA__L0-12.__PARA__L1-1.__PARA__L2-60.__PIPE__L0-NA.__PIPE__L1-   ": {
    "perf": 33338.0,
    "point": {
      "__PIPE__L0": "",
      "__PARA__L0": 12,
      "__PIPE__L1": "   ",
      "__PARA__L1": 1,
      "__PARA__L2": 60
    },
    "res_util": {
      "util-URAM": 0.0,
      "util-BRAM": 0.037037037037037035,
      "util-DSP": 0.1280701754385965,
      "util-LUT": 0.18669982406279606,
      "util-FF": 0.16095209094600083,
      "total-URAM": 0,
      "total-BRAM": 120,
      "total-DSP": 657,
      "total-LUT": 165543,
      "total-FF": 285426
    },
    "valid": true
  },
  "__PARA__L0-15.__PARA__L1-1.__PARA__L2-60.__PIPE__L0-NA.__PIPE__L1-   ": {
    "perf": 32312.0,
    "point": {
      "__PIPE__L0": "",
      "__PARA__L0": 15,
      "__PIPE__L1": "   ",
      "__PARA__L1": 1,
      "__PARA__L2": 60
    },
    "res_util": {
      "util-URAM": 0.0,
      "util-BRAM": 0.037037037037037035,
      "util-DSP": 0.1280701754385965,
      "util-LUT": 0.2524597374475572,
      "util-FF": 0.22455733748364687,
      "total-URAM": 0,
      "total-BRAM": 120,
      "total-DSP": 657,
      "total-LUT": 223851,
      "total-FF": 398221
    },
    "valid": true
  },
  "__PARA__L0-16.__PARA__L1-1.__PARA__L2-60.__PIPE__L0-NA.__PIPE__L1-   ": {
    "perf": 34537.0,
    "point": {
      "__PIPE__L0": "",
      "__PARA__L0": 16,
      "__PIPE__L1": "   ",
      "__PARA__L1": 1,
      "__PARA__L2": 60
    },
    "res_util": {
      "util-URAM": 0.0,
      "util-BRAM": 0.037037037037037035,
      "util-DSP": 0.1280701754385965,
      "util-LUT": 0.2567363648666937,
      "util-FF": 0.1889018586186674,
      "total-URAM": 0,
      "total-BRAM": 120,
      "total-DSP": 657,
      "total-LUT": 227643,
      "total-FF": 334991
    },
    "valid": true
  },
  "__PARA__L0-20.__PARA__L1-1.__PARA__L2-60.__PIPE__L0-NA.__PIPE__L1-   ": {
    "perf": 30641.0,
    "point": {
      "__PIPE__L0": "",
      "__PARA__L0": 20,
      "__PIPE__L1": "   ",
      "__PARA__L1": 1,
      "__PARA__L2": 60
    },
    "res_util": {
      "util-URAM": 0.0,
      "util-BRAM": 0.037037037037037035,
      "util-DSP": 0.1280701754385965,
      "util-LUT": 0.23868701222538008,
      "util-FF": 0.2223282356656291,
      "total-URAM": 0,
      "total-BRAM": 120,
      "total-DSP": 657,
      "total-LUT": 211639,
      "total-FF": 394268
    },
    "valid": true
  },
  "__PARA__L0-30.__PARA__L1-1.__PARA__L2-60.__PIPE__L0-NA.__PIPE__L1-   ": {
    "perf": 27170.0,
    "point": {
      "__PIPE__L0": "",
      "__PARA__L0": 30,
      "__PIPE__L1": "   ",
      "__PARA__L1": 1,
      "__PARA__L2": 60
    },
    "res_util": {
      "util-URAM": 0.0,
      "util-BRAM": 0.037037037037037035,
      "util-DSP": 0.1280701754385965,
      "util-LUT": 0.291177200342852,
      "util-FF": 0.2877424775567285,
      "total-URAM": 0,
      "total-BRAM": 120,
      "total-DSP": 657,
      "total-LUT": 258181,
      "total-FF": 510271
    },
    "valid": true
  },
  "__PARA__L0-32.__PARA__L1-1.__PARA__L2-60.__PIPE__L0-NA.__PIPE__L1-   ": {
    "perf": 28903.0,
    "point": {
      "__PIPE__L0": "",
      "__PARA__L0": 32,
      "__PIPE__L1": "   ",
      "__PARA__L1": 1,
      "__PARA__L2": 60
    },
    "res_util": {
      "util-URAM": 0.0,
      "util-BRAM": 0.037037037037037035,
      "util-DSP": 0.1280701754385965,
      "util-LUT": 0.3388212207335228,
      "util-FF": 0.2731695763973474,
      "total-URAM": 0,
      "total-BRAM": 120,
      "total-DSP": 657,
      "total-LUT": 300426,
      "total-FF": 484428
    },
    "valid": true
  },
  "__PARA__L0-60.__PARA__L1-1.__PARA__L2-60.__PIPE__L0-NA.__PIPE__L1-   ": {
    "perf": 17679.0,
    "point": {
      "__PIPE__L0": "",
      "__PARA__L0": 60,
      "__PIPE__L1": "   ",
      "__PARA__L1": 1,
      "__PARA__L2": 60
    },
    "res_util": {
      "util-URAM": 0.001388888888888889,
      "util-BRAM": 0.037037037037037035,
      "util-DSP": 0.1280701754385965,
      "util-LUT": 0.152557856272838,
      "util-FF": 0.23402749582713042,
      "total-URAM": 1,
      "total-BRAM": 120,
      "total-DSP": 657,
      "total-LUT": 135270,
      "total-FF": 415015
    },
    "valid": true
  },
  "__PARA__L0-60.__PARA__L1-1.__PARA__L2-60.__PIPE__L0-off.__PIPE__L1-   ": {
    "perf": 17679.0,
    "point": {
      "__PIPE__L0": "off",
      "__PARA__L0": 60,
      "__PIPE__L1": "   ",
      "__PARA__L1": 1,
      "__PARA__L2": 60
    },
    "res_util": {
      "util-URAM": 0.001388888888888889,
      "util-BRAM": 0.037037037037037035,
      "util-DSP": 0.1280701754385965,
      "util-LUT": 0.152557856272838,
      "util-FF": 0.23402749582713042,
      "total-URAM": 1,
      "total-BRAM": 120,
      "total-DSP": 657,
      "total-LUT": 135270,
      "total-FF": 415015
    },
    "valid": true
  },
  "__PARA__L0-60.__PARA__L1-1.__PARA__L2-60.__PIPE__L0-   .__PIPE__L1-   ": {
    "perf": 0.0,
    "point": {
      "__PIPE__L0": "   ",
      "__PARA__L0": 60,
      "__PIPE__L1": "   ",
      "__PARA__L1": 1,
      "__PARA__L2": 60
    },
    "res_util": {
      "util-URAM": 0,
      "util-BRAM": 0,
      "util-DSP": 0,
      "util-LUT": 0,
      "util-FF": 0,
      "total-URAM": 0,
      "total-BRAM": 0,
      "total-DSP": 0,
      "total-LUT": 0,
      "total-FF": 0
    },
    "valid": false
  },
  "__PARA__L0-30.__PARA__L1-1.__PARA__L2-60.__PIPE__L0-off.__PIPE__L1-   ": {
    "perf": 27170.0,
    "point": {
      "__PIPE__L0": "off",
      "__PARA__L0": 30,
      "__PIPE__L1": "   ",
      "__PARA__L1": 1,
      "__PARA__L2": 60
    },
    "res_util": {
      "util-URAM": 0.0,
      "util-BRAM": 0.037037037037037035,
      "util-DSP": 0.1280701754385965,
      "util-LUT": 0.291177200342852,
      "util-FF": 0.2877424775567285,
      "total-URAM": 0,
      "total-BRAM": 120,
      "total-DSP": 657,
      "total-LUT": 258181,
      "total-FF": 510271
    },
    "valid": true
  },
  "__PARA__L0-30.__PARA__L1-1.__PARA__L2-60.__PIPE__L0-   .__PIPE__L1-   ": {
    "perf": 0.0,
    "point": {
      "__PIPE__L0": "   ",
      "__PARA__L0": 30,
      "__PIPE__L1": "   ",
      "__PARA__L1": 1,
      "__PARA__L2": 60
    },
    "res_util": {
      "util-URAM": 0,
      "util-BRAM": 0,
      "util-DSP": 0,
      "util-LUT": 0,
      "util-FF": 0,
      "total-URAM": 0,
      "total-BRAM": 0,
      "total-DSP": 0,
      "total-LUT": 0,
      "total-FF": 0
    },
    "valid": false
  },
  "__PARA__L0-32.__PARA__L1-1.__PARA__L2-60.__PIPE__L0-off.__PIPE__L1-   ": {
    "perf": 28903.0,
    "point": {
      "__PIPE__L0": "off",
      "__PARA__L0": 32,
      "__PIPE__L1": "   ",
      "__PARA__L1": 1,
      "__PARA__L2": 60
    },
    "res_util": {
      "util-URAM": 0.0,
      "util-BRAM": 0.037037037037037035,
      "util-DSP": 0.1280701754385965,
      "util-LUT": 0.3388212207335228,
      "util-FF": 0.2731695763973474,
      "total-URAM": 0,
      "total-BRAM": 120,
      "total-DSP": 657,
      "total-LUT": 300426,
      "total-FF": 484428
    },
    "valid": true
  },
  "__PARA__L0-32.__PARA__L1-1.__PARA__L2-60.__PIPE__L0-   .__PIPE__L1-   ": {
    "perf": 0.0,
    "point": {
      "__PIPE__L0": "   ",
      "__PARA__L0": 32,
      "__PIPE__L1": "   ",
      "__PARA__L1": 1,
      "__PARA__L2": 60
    },
    "res_util": {
      "util-URAM": 0,
      "util-BRAM": 0,
      "util-DSP": 0,
      "util-LUT": 0,
      "util-FF": 0,
      "total-URAM": 0,
      "total-BRAM": 0,
      "total-DSP": 0,
      "total-LUT": 0,
      "total-FF": 0
    },
    "valid": false
  },
  "__PARA__L0-20.__PARA__L1-1.__PARA__L2-60.__PIPE__L0-off.__PIPE__L1-   ": {
    "perf": 30641.0,
    "point": {
      "__PIPE__L0": "off",
      "__PARA__L0": 20,
      "__PIPE__L1": "   ",
      "__PARA__L1": 1,
      "__PARA__L2": 60
    },
    "res_util": {
      "util-URAM": 0.0,
      "util-BRAM": 0.037037037037037035,
      "util-DSP": 0.1280701754385965,
      "util-LUT": 0.23868701222538008,
      "util-FF": 0.2223282356656291,
      "total-URAM": 0,
      "total-BRAM": 120,
      "total-DSP": 657,
      "total-LUT": 211639,
      "total-FF": 394268
    },
    "valid": true
  },
  "__PARA__L0-20.__PARA__L1-1.__PARA__L2-60.__PIPE__L0-   .__PIPE__L1-   ": {
    "perf": 0.0,
    "point": {
      "__PIPE__L0": "   ",
      "__PARA__L0": 20,
      "__PIPE__L1": "   ",
      "__PARA__L1": 1,
      "__PARA__L2": 60
    },
    "res_util": {
      "util-URAM": 0,
      "util-BRAM": 0,
      "util-DSP": 0,
      "util-LUT": 0,
      "util-FF": 0,
      "total-URAM": 0,
      "total-BRAM": 0,
      "total-DSP": 0,
      "total-LUT": 0,
      "total-FF": 0
    },
    "valid": false
  },
  "__PARA__L0-15.__PARA__L1-1.__PARA__L2-60.__PIPE__L0-off.__PIPE__L1-   ": {
    "perf": 32312.0,
    "point": {
      "__PIPE__L0": "off",
      "__PARA__L0": 15,
      "__PIPE__L1": "   ",
      "__PARA__L1": 1,
      "__PARA__L2": 60
    },
    "res_util": {
      "util-URAM": 0.0,
      "util-BRAM": 0.037037037037037035,
      "util-DSP": 0.1280701754385965,
      "util-LUT": 0.2524597374475572,
      "util-FF": 0.22455733748364687,
      "total-URAM": 0,
      "total-BRAM": 120,
      "total-DSP": 657,
      "total-LUT": 223851,
      "total-FF": 398221
    },
    "valid": true
  },
  "__PARA__L0-15.__PARA__L1-1.__PARA__L2-60.__PIPE__L0-   .__PIPE__L1-   ": {
    "perf": 0.0,
    "point": {
      "__PIPE__L0": "   ",
      "__PARA__L0": 15,
      "__PIPE__L1": "   ",
      "__PARA__L1": 1,
      "__PARA__L2": 60
    },
    "res_util": {
      "util-URAM": 0,
      "util-BRAM": 0,
      "util-DSP": 0,
      "util-LUT": 0,
      "util-FF": 0,
      "total-URAM": 0,
      "total-BRAM": 0,
      "total-DSP": 0,
      "total-LUT": 0,
      "total-FF": 0
    },
    "valid": false
  },
  "__PARA__L0-12.__PARA__L1-1.__PARA__L2-60.__PIPE__L0-off.__PIPE__L1-   ": {
    "perf": 33338.0,
    "point": {
      "__PIPE__L0": "off",
      "__PARA__L0": 12,
      "__PIPE__L1": "   ",
      "__PARA__L1": 1,
      "__PARA__L2": 60
    },
    "res_util": {
      "util-URAM": 0.0,
      "util-BRAM": 0.037037037037037035,
      "util-DSP": 0.1280701754385965,
      "util-LUT": 0.18669982406279606,
      "util-FF": 0.16095209094600083,
      "total-URAM": 0,
      "total-BRAM": 120,
      "total-DSP": 657,
      "total-LUT": 165543,
      "total-FF": 285426
    },
    "valid": true
  },
  "__PARA__L0-12.__PARA__L1-1.__PARA__L2-60.__PIPE__L0-   .__PIPE__L1-   ": {
    "perf": 0.0,
    "point": {
      "__PIPE__L0": "   ",
      "__PARA__L0": 12,
      "__PIPE__L1": "   ",
      "__PARA__L1": 1,
      "__PARA__L2": 60
    },
    "res_util": {
      "util-URAM": 0,
      "util-BRAM": 0,
      "util-DSP": 0,
      "util-LUT": 0,
      "util-FF": 0,
      "total-URAM": 0,
      "total-BRAM": 0,
      "total-DSP": 0,
      "total-LUT": 0,
      "total-FF": 0
    },
    "valid": false
  },
  "__PARA__L0-1.__PARA__L1-1.__PARA__L2-60.__PIPE__L0-off.__PIPE__L1-   ": {
    "perf": 33983.0,
    "point": {
      "__PIPE__L0": "off",
      "__PARA__L0": 1,
      "__PIPE__L1": "   ",
      "__PARA__L1": 1,
      "__PARA__L2": 60
    },
    "res_util": {
      "util-URAM": 0.015277777777777777,
      "util-BRAM": 0.11851851851851852,
      "util-DSP": 0.025730994152046785,
      "util-LUT": 0.02683493481301033,
      "util-FF": 0.021444602336806964,
      "total-URAM": 11,
      "total-BRAM": 384,
      "total-DSP": 132,
      "total-LUT": 23794,
      "total-FF": 38029
    },
    "valid": true
  },
  "__PARA__L0-1.__PARA__L1-1.__PARA__L2-60.__PIPE__L0-   .__PIPE__L1-   ": {
    "perf": 0.0,
    "point": {
      "__PIPE__L0": "   ",
      "__PARA__L0": 1,
      "__PIPE__L1": "   ",
      "__PARA__L1": 1,
      "__PARA__L2": 60
    },
    "res_util": {
      "util-URAM": 0,
      "util-BRAM": 0,
      "util-DSP": 0,
      "util-LUT": 0,
      "util-FF": 0,
      "total-URAM": 0,
      "total-BRAM": 0,
      "total-DSP": 0,
      "total-LUT": 0,
      "total-FF": 0
    },
    "valid": false
  },
  "__PARA__L0-10.__PARA__L1-1.__PARA__L2-60.__PIPE__L0-off.__PIPE__L1-   ": {
    "perf": 34004.0,
    "point": {
      "__PIPE__L0": "off",
      "__PARA__L0": 10,
      "__PIPE__L1": "   ",
      "__PARA__L1": 1,
      "__PARA__L2": 60
    },
    "res_util": {
      "util-URAM": 0.0,
      "util-BRAM": 0.037037037037037035,
      "util-DSP": 0.1280701754385965,
      "util-LUT": 0.18532052149591735,
      "util-FF": 0.15179658952496955,
      "total-URAM": 0,
      "total-BRAM": 120,
      "total-DSP": 657,
      "total-LUT": 164320,
      "total-FF": 269190
    },
    "valid": true
  },
  "__PARA__L0-10.__PARA__L1-1.__PARA__L2-60.__PIPE__L0-   .__PIPE__L1-   ": {
    "perf": 0.0,
    "point": {
      "__PIPE__L0": "   ",
      "__PARA__L0": 10,
      "__PIPE__L1": "   ",
      "__PARA__L1": 1,
      "__PARA__L2": 60
    },
    "res_util": {
      "util-URAM": 0,
      "util-BRAM": 0,
      "util-DSP": 0,
      "util-LUT": 0,
      "util-FF": 0,
      "total-URAM": 0,
      "total-BRAM": 0,
      "total-DSP": 0,
      "total-LUT": 0,
      "total-FF": 0
    },
    "valid": false
  },
  "__PARA__L0-16.__PARA__L1-1.__PARA__L2-60.__PIPE__L0-off.__PIPE__L1-   ": {
    "perf": 34537.0,
    "point": {
      "__PIPE__L0": "off",
      "__PARA__L0": 16,
      "__PIPE__L1": "   ",
      "__PARA__L1": 1,
      "__PARA__L2": 60
    },
    "res_util": {
      "util-URAM": 0.0,
      "util-BRAM": 0.037037037037037035,
      "util-DSP": 0.1280701754385965,
      "util-LUT": 0.2567363648666937,
      "util-FF": 0.1889018586186674,
      "total-URAM": 0,
      "total-BRAM": 120,
      "total-DSP": 657,
      "total-LUT": 227643,
      "total-FF": 334991
    },
    "valid": true
  },
  "__PARA__L0-16.__PARA__L1-1.__PARA__L2-60.__PIPE__L0-   .__PIPE__L1-   ": {
    "perf": 0.0,
    "point": {
      "__PIPE__L0": "   ",
      "__PARA__L0": 16,
      "__PIPE__L1": "   ",
      "__PARA__L1": 1,
      "__PARA__L2": 60
    },
    "res_util": {
      "util-URAM": 0,
      "util-BRAM": 0,
      "util-DSP": 0,
      "util-LUT": 0,
      "util-FF": 0,
      "total-URAM": 0,
      "total-BRAM": 0,
      "total-DSP": 0,
      "total-LUT": 0,
      "total-FF": 0
    },
    "valid": false
  },
  "__PARA__L0-6.__PARA__L1-1.__PARA__L2-60.__PIPE__L0-off.__PIPE__L1-   ": {
    "perf": 35278.0,
    "point": {
      "__PIPE__L0": "off",
      "__PARA__L0": 6,
      "__PIPE__L1": "   ",
      "__PARA__L1": 1,
      "__PARA__L2": 60
    },
    "res_util": {
      "util-URAM": 0.0,
      "util-BRAM": 0.037037037037037035,
      "util-DSP": 0.1280701754385965,
      "util-LUT": 0.14331551405242027,
      "util-FF": 0.10811228402580413,
      "total-URAM": 0,
      "total-BRAM": 120,
      "total-DSP": 657,
      "total-LUT": 127075,
      "total-FF": 191722
    },
    "valid": true
  },
  "__PARA__L0-6.__PARA__L1-1.__PARA__L2-60.__PIPE__L0-   .__PIPE__L1-   ": {
    "perf": 0.0,
    "point": {
      "__PIPE__L0": "   ",
      "__PARA__L0": 6,
      "__PIPE__L1": "   ",
      "__PARA__L1": 1,
      "__PARA__L2": 60
    },
    "res_util": {
      "util-URAM": 0,
      "util-BRAM": 0,
      "util-DSP": 0,
      "util-LUT": 0,
      "util-FF": 0,
      "total-URAM": 0,
      "total-BRAM": 0,
      "total-DSP": 0,
      "total-LUT": 0,
      "total-FF": 0
    },
    "valid": false
  },
  "__PARA__L0-5.__PARA__L1-1.__PARA__L2-60.__PIPE__L0-off.__PIPE__L1-   ": {
    "perf": 35600.0,
    "point": {
      "__PIPE__L0": "off",
      "__PARA__L0": 5,
      "__PIPE__L1": "   ",
      "__PARA__L1": 1,
      "__PARA__L2": 60
    },
    "res_util": {
      "util-URAM": 0.0,
      "util-BRAM": 0.037037037037037035,
      "util-DSP": 0.1280701754385965,
      "util-LUT": 0.14529819100464655,
      "util-FF": 0.10688861821626743,
      "total-URAM": 0,
      "total-BRAM": 120,
      "total-DSP": 657,
      "total-LUT": 128833,
      "total-FF": 189552
    },
    "valid": true
  },
  "__PARA__L0-5.__PARA__L1-1.__PARA__L2-60.__PIPE__L0-   .__PIPE__L1-   ": {
    "perf": 0.0,
    "point": {
      "__PIPE__L0": "   ",
      "__PARA__L0": 5,
      "__PIPE__L1": "   ",
      "__PARA__L1": 1,
      "__PARA__L2": 60
    },
    "res_util": {
      "util-URAM": 0,
      "util-BRAM": 0,
      "util-DSP": 0,
      "util-LUT": 0,
      "util-FF": 0,
      "total-URAM": 0,
      "total-BRAM": 0,
      "total-DSP": 0,
      "total-LUT": 0,
      "total-FF": 0
    },
    "valid": false
  },
  "__PARA__L0-4.__PARA__L1-1.__PARA__L2-60.__PIPE__L0-off.__PIPE__L1-   ": {
    "perf": 35903.0,
    "point": {
      "__PIPE__L0": "off",
      "__PARA__L0": 4,
      "__PIPE__L1": "   ",
      "__PARA__L1": 1,
      "__PARA__L2": 60
    },
    "res_util": {
      "util-URAM": 0.0,
      "util-BRAM": 0.037037037037037035,
      "util-DSP": 0.1280701754385965,
      "util-LUT": 0.11309153245815852,
      "util-FF": 0.08004917219289935,
      "total-URAM": 0,
      "total-BRAM": 120,
      "total-DSP": 657,
      "total-LUT": 100276,
      "total-FF": 141956
    },
    "valid": true
  },
  "__PARA__L0-4.__PARA__L1-1.__PARA__L2-60.__PIPE__L0-   .__PIPE__L1-   ": {
    "perf": 0.0,
    "point": {
      "__PIPE__L0": "   ",
      "__PARA__L0": 4,
      "__PIPE__L1": "   ",
      "__PARA__L1": 1,
      "__PARA__L2": 60
    },
    "res_util": {
      "util-URAM": 0,
      "util-BRAM": 0,
      "util-DSP": 0,
      "util-LUT": 0,
      "util-FF": 0,
      "total-URAM": 0,
      "total-BRAM": 0,
      "total-DSP": 0,
      "total-LUT": 0,
      "total-FF": 0
    },
    "valid": false
  },
  "__PARA__L0-3.__PARA__L1-1.__PARA__L2-60.__PIPE__L0-off.__PIPE__L1-   ": {
    "perf": 36168.0,
    "point": {
      "__PIPE__L0": "off",
      "__PARA__L0": 3,
      "__PIPE__L1": "   ",
      "__PARA__L1": 1,
      "__PARA__L2": 60
    },
    "res_util": {
      "util-URAM": 0.0,
      "util-BRAM": 0.037037037037037035,
      "util-DSP": 0.1280701754385965,
      "util-LUT": 0.11537194929399558,
      "util-FF": 0.07831122840258041,
      "total-URAM": 0,
      "total-BRAM": 120,
      "total-DSP": 657,
      "total-LUT": 102298,
      "total-FF": 138874
    },
    "valid": true
  },
  "__PARA__L0-3.__PARA__L1-1.__PARA__L2-60.__PIPE__L0-   .__PIPE__L1-   ": {
    "perf": 0.0,
    "point": {
      "__PIPE__L0": "   ",
      "__PARA__L0": 3,
      "__PIPE__L1": "   ",
      "__PARA__L1": 1,
      "__PARA__L2": 60
    },
    "res_util": {
      "util-URAM": 0,
      "util-BRAM": 0,
      "util-DSP": 0,
      "util-LUT": 0,
      "util-FF": 0,
      "total-URAM": 0,
      "total-BRAM": 0,
      "total-DSP": 0,
      "total-LUT": 0,
      "total-FF": 0
    },
    "valid": false
  },
  "__PARA__L0-2.__PARA__L1-1.__PARA__L2-60.__PIPE__L0-off.__PIPE__L1-   ": {
    "perf": 36488.0,
    "point": {
      "__PIPE__L0": "off",
      "__PARA__L0": 2,
      "__PIPE__L1": "   ",
      "__PARA__L1": 1,
      "__PARA__L2": 60
    },
    "res_util": {
      "util-URAM": 0.0,
      "util-BRAM": 0.037037037037037035,
      "util-DSP": 0.1280701754385965,
      "util-LUT": 0.09295461722380115,
      "util-FF": 0.05893896332385979,
      "total-URAM": 0,
      "total-BRAM": 120,
      "total-DSP": 657,
      "total-LUT": 82421,
      "total-FF": 104520
    },
    "valid": true
  },
  "__PARA__L0-2.__PARA__L1-1.__PARA__L2-60.__PIPE__L0-   .__PIPE__L1-   ": {
    "perf": 0.0,
    "point": {
      "__PIPE__L0": "   ",
      "__PARA__L0": 2,
      "__PIPE__L1": "   ",
      "__PARA__L1": 1,
      "__PARA__L2": 60
    },
    "res_util": {
      "util-URAM": 0,
      "util-BRAM": 0,
      "util-DSP": 0,
      "util-LUT": 0,
      "util-FF": 0,
      "total-URAM": 0,
      "total-BRAM": 0,
      "total-DSP": 0,
      "total-LUT": 0,
      "total-FF": 0
    },
    "valid": false
  },
  "__PARA__L0-8.__PARA__L1-1.__PARA__L2-60.__PIPE__L0-off.__PIPE__L1-   ": {
    "perf": 37017.0,
    "point": {
      "__PIPE__L0": "off",
      "__PARA__L0": 8,
      "__PIPE__L1": "   ",
      "__PARA__L1": 1,
      "__PARA__L2": 60
    },
    "res_util": {
      "util-URAM": 0.0,
      "util-BRAM": 0.037037037037037035,
      "util-DSP": 0.1280701754385965,
      "util-LUT": 0.18085216763657688,
      "util-FF": 0.121137276131186,
      "total-URAM": 0,
      "total-BRAM": 120,
      "total-DSP": 657,
      "total-LUT": 160358,
      "total-FF": 214820
    },
    "valid": true
  },
  "__PARA__L0-8.__PARA__L1-1.__PARA__L2-60.__PIPE__L0-   .__PIPE__L1-   ": {
    "perf": 0.0,
    "point": {
      "__PIPE__L0": "   ",
      "__PARA__L0": 8,
      "__PIPE__L1": "   ",
      "__PARA__L1": 1,
      "__PARA__L2": 60
    },
    "res_util": {
      "util-URAM": 0,
      "util-BRAM": 0,
      "util-DSP": 0,
      "util-LUT": 0,
      "util-FF": 0,
      "total-URAM": 0,
      "total-BRAM": 0,
      "total-DSP": 0,
      "total-LUT": 0,
      "total-FF": 0
    },
    "valid": false
  },
  "__PARA__L0-1.__PARA__L1-2.__PARA__L2-60.__PIPE__L0-NA.__PIPE__L1-off": {
    "perf": 156378.0,
    "point": {
      "__PIPE__L0": "",
      "__PARA__L0": 1,
      "__PIPE__L1": "off",
      "__PARA__L1": 2,
      "__PARA__L2": 60
    },
    "res_util": {
      "util-URAM": 0.001388888888888889,
      "util-BRAM": 0.019753086419753086,
      "util-DSP": 0.0042884990253411305,
      "util-LUT": 0.022051924031217574,
      "util-FF": 0.016551630802544324,
      "total-URAM": 1,
      "total-BRAM": 64,
      "total-DSP": 22,
      "total-LUT": 19553,
      "total-FF": 29352
    },
    "valid": true
  },
  "__PARA__L0-1.__PARA__L1-2.__PARA__L2-60.__PIPE__L0-NA.__PIPE__L1-   ": {
    "perf": 156378.0,
    "point": {
      "__PIPE__L0": "",
      "__PARA__L0": 1,
      "__PIPE__L1": "   ",
      "__PARA__L1": 2,
      "__PARA__L2": 60
    },
    "res_util": {
      "util-URAM": 0.001388888888888889,
      "util-BRAM": 0.019753086419753086,
      "util-DSP": 0.0042884990253411305,
      "util-LUT": 0.022051924031217574,
      "util-FF": 0.016551630802544324,
      "total-URAM": 1,
      "total-BRAM": 64,
      "total-DSP": 22,
      "total-LUT": 19553,
      "total-FF": 29352
    },
    "valid": true
  },
  "__PARA__L0-2.__PARA__L1-2.__PARA__L2-60.__PIPE__L0-NA.__PIPE__L1-off": {
    "perf": 34088.0,
    "point": {
      "__PIPE__L0": "",
      "__PARA__L0": 2,
      "__PIPE__L1": "off",
      "__PARA__L1": 2,
      "__PARA__L2": 60
    },
    "res_util": {
      "util-URAM": 0.0,
      "util-BRAM": 0.0,
      "util-DSP": 0.256140350877193,
      "util-LUT": 0.18927346957188615,
      "util-FF": 0.1166677944692561,
      "total-URAM": 0,
      "total-BRAM": 0,
      "total-DSP": 1314,
      "total-LUT": 167825,
      "total-FF": 206894
    },
    "valid": true
  },
  "__PARA__L0-3.__PARA__L1-2.__PARA__L2-60.__PIPE__L0-NA.__PIPE__L1-off": {
    "perf": 33768.0,
    "point": {
      "__PIPE__L0": "",
      "__PARA__L0": 3,
      "__PIPE__L1": "off",
      "__PARA__L1": 2,
      "__PARA__L2": 60
    },
    "res_util": {
      "util-URAM": 0.0,
      "util-BRAM": 0.0,
      "util-DSP": 0.256140350877193,
      "util-LUT": 0.23278747688004692,
      "util-FF": 0.15473056796138404,
      "total-URAM": 0,
      "total-BRAM": 0,
      "total-DSP": 1314,
      "total-LUT": 206408,
      "total-FF": 274393
    },
    "valid": true
  },
  "__PARA__L0-4.__PARA__L1-2.__PARA__L2-60.__PIPE__L0-NA.__PIPE__L1-off": {
    "perf": 33503.0,
    "point": {
      "__PIPE__L0": "",
      "__PARA__L0": 4,
      "__PIPE__L1": "off",
      "__PARA__L1": 2,
      "__PARA__L2": 60
    },
    "res_util": {
      "util-URAM": 0.0,
      "util-BRAM": 0.0,
      "util-DSP": 0.256140350877193,
      "util-LUT": 0.22700184959624667,
      "util-FF": 0.15795100825551495,
      "total-URAM": 0,
      "total-BRAM": 0,
      "total-DSP": 1314,
      "total-LUT": 201278,
      "total-FF": 280104
    },
    "valid": true
  },
  "__PARA__L0-5.__PARA__L1-2.__PARA__L2-60.__PIPE__L0-NA.__PIPE__L1-off": {
    "perf": 33200.0,
    "point": {
      "__PIPE__L0": "",
      "__PARA__L0": 5,
      "__PIPE__L1": "off",
      "__PARA__L1": 2,
      "__PARA__L2": 60
    },
    "res_util": {
      "util-URAM": 0.0,
      "util-BRAM": 0.0,
      "util-DSP": 0.256140350877193,
      "util-LUT": 0.2902106735237064,
      "util-FF": 0.21078122885370146,
      "total-URAM": 0,
      "total-BRAM": 0,
      "total-DSP": 1314,
      "total-LUT": 257324,
      "total-FF": 373791
    },
    "valid": true
  },
  "__PARA__L0-6.__PARA__L1-2.__PARA__L2-60.__PIPE__L0-NA.__PIPE__L1-off": {
    "perf": 32878.0,
    "point": {
      "__PIPE__L0": "",
      "__PARA__L0": 6,
      "__PIPE__L1": "off",
      "__PARA__L1": 2,
      "__PARA__L2": 60
    },
    "res_util": {
      "util-URAM": 0.0,
      "util-BRAM": 0.0,
      "util-DSP": 0.256140350877193,
      "util-LUT": 0.28505210447963186,
      "util-FF": 0.21298777461993051,
      "total-URAM": 0,
      "total-BRAM": 0,
      "total-DSP": 1314,
      "total-LUT": 252750,
      "total-FF": 377704
    },
    "valid": true
  },
  "__PARA__L0-8.__PARA__L1-2.__PARA__L2-60.__PIPE__L0-NA.__PIPE__L1-off": {
    "perf": 34457.0,
    "point": {
      "__PIPE__L0": "",
      "__PARA__L0": 8,
      "__PIPE__L1": "off",
      "__PARA__L1": 2,
      "__PARA__L2": 60
    },
    "res_util": {
      "util-URAM": 0.0,
      "util-BRAM": 0.0,
      "util-DSP": 0.256140350877193,
      "util-LUT": 0.3287172373347769,
      "util-FF": 0.23779717598231606,
      "total-URAM": 0,
      "total-BRAM": 0,
      "total-DSP": 1314,
      "total-LUT": 291467,
      "total-FF": 421700
    },
    "valid": true
  },
  "__PARA__L0-10.__PARA__L1-2.__PARA__L2-60.__PIPE__L0-NA.__PIPE__L1-off": {
    "perf": 31604.0,
    "point": {
      "__PIPE__L0": "",
      "__PARA__L0": 10,
      "__PIPE__L1": "off",
      "__PARA__L1": 2,
      "__PARA__L2": 60
    },
    "res_util": {
      "util-URAM": 0.0,
      "util-BRAM": 0.0,
      "util-DSP": 0.256140350877193,
      "util-LUT": 0.36472797401542834,
      "util-FF": 0.29857671313213335,
      "total-URAM": 0,
      "total-BRAM": 0,
      "total-DSP": 1314,
      "total-LUT": 323397,
      "total-FF": 529484
    },
    "valid": true
  },
  "__PARA__L0-12.__PARA__L1-2.__PARA__L2-60.__PIPE__L0-NA.__PIPE__L1-off": {
    "perf": 30938.0,
    "point": {
      "__PIPE__L0": "",
      "__PARA__L0": 12,
      "__PIPE__L1": "off",
      "__PARA__L1": 2,
      "__PARA__L2": 60
    },
    "res_util": {
      "util-URAM": 0.0,
      "util-BRAM": 0.0,
      "util-DSP": 0.256140350877193,
      "util-LUT": 0.36582758154012723,
      "util-FF": 0.31635200974421435,
      "total-URAM": 0,
      "total-BRAM": 0,
      "total-DSP": 1314,
      "total-LUT": 324372,
      "total-FF": 561006
    },
    "valid": true
  },
  "__PARA__L0-15.__PARA__L1-2.__PARA__L2-60.__PIPE__L0-NA.__PIPE__L1-off": {
    "perf": 29912.0,
    "point": {
      "__PIPE__L0": "",
      "__PARA__L0": 15,
      "__PIPE__L1": "off",
      "__PARA__L1": 2,
      "__PARA__L2": 60
    },
    "res_util": {
      "util-URAM": 0.0,
      "util-BRAM": 0.0,
      "util-DSP": 0.256140350877193,
      "util-LUT": 0.49551360129922856,
      "util-FF": 0.44165877204854065,
      "total-URAM": 0,
      "total-BRAM": 0,
      "total-DSP": 1314,
      "total-LUT": 439362,
      "total-FF": 783220
    },
    "valid": true
  },
  "__PARA__L0-16.__PARA__L1-2.__PARA__L2-60.__PIPE__L0-NA.__PIPE__L1-off": {
    "perf": 31977.0,
    "point": {
      "__PIPE__L0": "",
      "__PARA__L0": 16,
      "__PIPE__L1": "off",
      "__PARA__L1": 2,
      "__PARA__L2": 60
    },
    "res_util": {
      "util-URAM": 0.0,
      "util-BRAM": 0.0,
      "util-DSP": 0.256140350877193,
      "util-LUT": 0.4522759056254793,
      "util-FF": 0.3700856002165381,
      "total-URAM": 0,
      "total-BRAM": 0,
      "total-DSP": 1314,
      "total-LUT": 401024,
      "total-FF": 656295
    },
    "valid": true
  },
  "__PARA__L0-20.__PARA__L1-2.__PARA__L2-60.__PIPE__L0-NA.__PIPE__L1-off": {
    "perf": 28241.0,
    "point": {
      "__PIPE__L0": "",
      "__PARA__L0": 20,
      "__PIPE__L1": "off",
      "__PARA__L1": 2,
      "__PARA__L2": 60
    },
    "res_util": {
      "util-URAM": 0.0,
      "util-BRAM": 0.0,
      "util-DSP": 0.256140350877193,
      "util-LUT": 0.4637986646817341,
      "util-FF": 0.43665809536698696,
      "total-URAM": 0,
      "total-BRAM": 0,
      "total-DSP": 1314,
      "total-LUT": 411241,
      "total-FF": 774352
    },
    "valid": true
  },
  "__PARA__L0-30.__PARA__L1-2.__PARA__L2-60.__PIPE__L0-NA.__PIPE__L1-off": {
    "perf": 24770.0,
    "point": {
      "__PIPE__L0": "",
      "__PARA__L0": 30,
      "__PIPE__L1": "off",
      "__PARA__L1": 2,
      "__PARA__L2": 60
    },
    "res_util": {
      "util-URAM": 0.0,
      "util-BRAM": 0.0,
      "util-DSP": 0.256140350877193,
      "util-LUT": 0.5644020390670818,
      "util-FF": 0.5654153696936888,
      "total-URAM": 0,
      "total-BRAM": 0,
      "total-DSP": 1314,
      "total-LUT": 500444,
      "total-FF": 1002685
    },
    "valid": true
  },
  "__PARA__L0-32.__PARA__L1-2.__PARA__L2-60.__PIPE__L0-NA.__PIPE__L1-off": {
    "perf": 26343.0,
    "point": {
      "__PIPE__L0": "",
      "__PARA__L0": 32,
      "__PIPE__L1": "off",
      "__PARA__L1": 2,
      "__PARA__L2": 60
    },
    "res_util": {
      "util-URAM": 0.0,
      "util-BRAM": 0.0,
      "util-DSP": 0.256140350877193,
      "util-LUT": 0.5864393016646366,
      "util-FF": 0.5348964677222899,
      "total-URAM": 0,
      "total-BRAM": 0,
      "total-DSP": 1314,
      "total-LUT": 519984,
      "total-FF": 948564
    },
    "valid": true
  },
  "__PARA__L0-60.__PARA__L1-2.__PARA__L2-60.__PIPE__L0-NA.__PIPE__L1-off": {
    "perf": 15279.0,
    "point": {
      "__PIPE__L0": "",
      "__PARA__L0": 60,
      "__PIPE__L1": "off",
      "__PARA__L1": 2,
      "__PARA__L2": 60
    },
    "res_util": {
      "util-URAM": 0.001388888888888889,
      "util-BRAM": 0.0,
      "util-DSP": 0.256140350877193,
      "util-LUT": 0.30216876437948303,
      "util-FF": 0.46449057157035234,
      "total-URAM": 1,
      "total-BRAM": 0,
      "total-DSP": 1314,
      "total-LUT": 267927,
      "total-FF": 823709
    },
    "valid": true
  },
  "__PARA__L0-60.__PARA__L1-2.__PARA__L2-60.__PIPE__L0-off.__PIPE__L1-off": {
    "perf": 15279.0,
    "point": {
      "__PIPE__L0": "off",
      "__PARA__L0": 60,
      "__PIPE__L1": "off",
      "__PARA__L1": 2,
      "__PARA__L2": 60
    },
    "res_util": {
      "util-URAM": 0.001388888888888889,
      "util-BRAM": 0.0,
      "util-DSP": 0.256140350877193,
      "util-LUT": 0.30216876437948303,
      "util-FF": 0.46449057157035234,
      "total-URAM": 1,
      "total-BRAM": 0,
      "total-DSP": 1314,
      "total-LUT": 267927,
      "total-FF": 823709
    },
    "valid": true
  },
  "__PARA__L0-60.__PARA__L1-2.__PARA__L2-60.__PIPE__L0-   .__PIPE__L1-off": {
    "perf": 0.0,
    "point": {
      "__PIPE__L0": "   ",
      "__PARA__L0": 60,
      "__PIPE__L1": "off",
      "__PARA__L1": 2,
      "__PARA__L2": 60
    },
    "res_util": {
      "util-URAM": 0,
      "util-BRAM": 0,
      "util-DSP": 0,
      "util-LUT": 0,
      "util-FF": 0,
      "total-URAM": 0,
      "total-BRAM": 0,
      "total-DSP": 0,
      "total-LUT": 0,
      "total-FF": 0
    },
    "valid": false
  },
  "__PARA__L0-30.__PARA__L1-2.__PARA__L2-60.__PIPE__L0-off.__PIPE__L1-off": {
    "perf": 24770.0,
    "point": {
      "__PIPE__L0": "off",
      "__PARA__L0": 30,
      "__PIPE__L1": "off",
      "__PARA__L1": 2,
      "__PARA__L2": 60
    },
    "res_util": {
      "util-URAM": 0.0,
      "util-BRAM": 0.0,
      "util-DSP": 0.256140350877193,
      "util-LUT": 0.5644020390670818,
      "util-FF": 0.5654153696936888,
      "total-URAM": 0,
      "total-BRAM": 0,
      "total-DSP": 1314,
      "total-LUT": 500444,
      "total-FF": 1002685
    },
    "valid": true
  },
  "__PARA__L0-30.__PARA__L1-2.__PARA__L2-60.__PIPE__L0-   .__PIPE__L1-off": {
    "perf": 0.0,
    "point": {
      "__PIPE__L0": "   ",
      "__PARA__L0": 30,
      "__PIPE__L1": "off",
      "__PARA__L1": 2,
      "__PARA__L2": 60
    },
    "res_util": {
      "util-URAM": 0,
      "util-BRAM": 0,
      "util-DSP": 0,
      "util-LUT": 0,
      "util-FF": 0,
      "total-URAM": 0,
      "total-BRAM": 0,
      "total-DSP": 0,
      "total-LUT": 0,
      "total-FF": 0
    },
    "valid": false
  },
  "__PARA__L0-32.__PARA__L1-2.__PARA__L2-60.__PIPE__L0-off.__PIPE__L1-off": {
    "perf": 0.0,
    "point": {
      "__PIPE__L0": "off",
      "__PARA__L0": 32,
      "__PIPE__L1": "off",
      "__PARA__L1": 2,
      "__PARA__L2": 60
    },
    "res_util": {
      "util-URAM": 0,
      "util-BRAM": 0,
      "util-DSP": 0,
      "util-LUT": 0,
      "util-FF": 0,
      "total-URAM": 0,
      "total-BRAM": 0,
      "total-DSP": 0,
      "total-LUT": 0,
      "total-FF": 0
    },
    "valid": false
  },
  "__PARA__L0-32.__PARA__L1-2.__PARA__L2-60.__PIPE__L0-   .__PIPE__L1-off": {
    "perf": 0.0,
    "point": {
      "__PIPE__L0": "   ",
      "__PARA__L0": 32,
      "__PIPE__L1": "off",
      "__PARA__L1": 2,
      "__PARA__L2": 60
    },
    "res_util": {
      "util-URAM": 0,
      "util-BRAM": 0,
      "util-DSP": 0,
      "util-LUT": 0,
      "util-FF": 0,
      "total-URAM": 0,
      "total-BRAM": 0,
      "total-DSP": 0,
      "total-LUT": 0,
      "total-FF": 0
    },
    "valid": false
  },
  "__PARA__L0-20.__PARA__L1-2.__PARA__L2-60.__PIPE__L0-off.__PIPE__L1-off": {
    "perf": 28241.0,
    "point": {
      "__PIPE__L0": "off",
      "__PARA__L0": 20,
      "__PIPE__L1": "off",
      "__PARA__L1": 2,
      "__PARA__L2": 60
    },
    "res_util": {
      "util-URAM": 0.0,
      "util-BRAM": 0.0,
      "util-DSP": 0.256140350877193,
      "util-LUT": 0.4637986646817341,
      "util-FF": 0.43665809536698696,
      "total-URAM": 0,
      "total-BRAM": 0,
      "total-DSP": 1314,
      "total-LUT": 411241,
      "total-FF": 774352
    },
    "valid": true
  },
  "__PARA__L0-20.__PARA__L1-2.__PARA__L2-60.__PIPE__L0-   .__PIPE__L1-off": {
    "perf": 0.0,
    "point": {
      "__PIPE__L0": "   ",
      "__PARA__L0": 20,
      "__PIPE__L1": "off",
      "__PARA__L1": 2,
      "__PARA__L2": 60
    },
    "res_util": {
      "util-URAM": 0,
      "util-BRAM": 0,
      "util-DSP": 0,
      "util-LUT": 0,
      "util-FF": 0,
      "total-URAM": 0,
      "total-BRAM": 0,
      "total-DSP": 0,
      "total-LUT": 0,
      "total-FF": 0
    },
    "valid": false
  }
}